{
    "adg": 0.003932116489309578,
    "adg_per_exposure_long": 0.001966058244654789,
    "adg_per_exposure_short": 0.0,
    "adg_w": 0.004051806825268978,
    "adg_w_per_exposure_long": 0.002025903412634489,
    "adg_w_per_exposure_short": 0.0,
    "calmar_ratio": 0.009412048295485385,
    "calmar_ratio_w": 0.011620317930110558,
    "drawdown_worst": 0.4177747888518241,
    "drawdown_worst_mean_1pct": 0.303008451131018,
    "equity_balance_diff_neg_max": 0.4201529539841727,
    "equity_balance_diff_neg_mean": 0.022892816808808114,
    "equity_balance_diff_pos_max": 0.31507154899298867,
    "equity_balance_diff_pos_mean": 0.030654325140664622,
    "equity_choppiness": 2.900011403041528,
    "equity_choppiness_w": 2.5445526043371376,
    "equity_jerkiness": 0.020212009693042834,
    "equity_jerkiness_w": 0.017316724601232077,
    "expected_shortfall_1pct": 0.1838308049108347,
    "exponential_fit_error": 0.22407791110608472,
    "exponential_fit_error_w": 0.040541636822668245,
    "flat_btc_balance_hours": 0.0,
    "gain": 1751.3539888675054,
    "gain_per_exposure_long": 875.6769944337527,
    "gain_per_exposure_short": 0.0,
    "loss_profit_ratio": 0.008746714125870744,
    "loss_profit_ratio_long": 0.008746714125870744,
    "loss_profit_ratio_short": 1.0,
    "loss_profit_ratio_w": 0.0019515159189121352,
    "mdg": 0.0006915857424547832,
    "mdg_per_exposure_long": 0.0003457928712273916,
    "mdg_per_exposure_short": 0.0,
    "mdg_w": 0.0005702821385698797,
    "mdg_w_per_exposure_long": 0.00028514106928493986,
    "mdg_w_per_exposure_short": 0.0,
    "omega_ratio": 2.0828223624336104,
    "omega_ratio_w": 2.3151388471820837,
    "pnl_ratio_long_short": 1.0,
    "position_held_hours_max": 1973.0,
    "position_held_hours_mean": 4.752670728251629,
    "position_held_hours_median": 0.23333333333333334,
    "position_unchanged_hours_max": 799.2333333333333,
    "positions_held_per_day": 3.7088807146610616,
    "sharpe_ratio": 0.07448720378542113,
    "sharpe_ratio_w": 0.07233397276275592,
    "sortino_ratio": 0.1044819977232211,
    "sortino_ratio_w": 0.11393266808708265,
    "sterling_ratio": 0.012976920196887077,
    "sterling_ratio_w": 0.016983238865682874,
    "volume_pct_per_day_avg": 0.6084124406529869,
    "volume_pct_per_day_avg_w": 0.4991704913136988
}