{"analysis": {"adg": 0.003932116489309578,
              "adg_per_exposure_long": 0.001966058244654789,
              "adg_per_exposure_short": 0.0,
              "adg_w": 0.004051806825268978,
              "adg_w_per_exposure_long": 0.002025903412634489,
              "adg_w_per_exposure_short": 0.0,
              "calmar_ratio": 0.009412048295485385,
              "calmar_ratio_w": 0.011620317930110558,
              "drawdown_worst": 0.4177747888518241,
              "drawdown_worst_mean_1pct": 0.303008451131018,
              "equity_balance_diff_neg_max": 0.4201529539841727,
              "equity_balance_diff_neg_mean": 0.022892816808808114,
              "equity_balance_diff_pos_max": 0.31507154899298867,
              "equity_balance_diff_pos_mean": 0.030654325140664622,
              "equity_choppiness": 2.900011403041528,
              "equity_choppiness_w": 2.5445526043371376,
              "equity_jerkiness": 0.020212009693042834,
              "equity_jerkiness_w": 0.017316724601232077,
              "expected_shortfall_1pct": 0.1838308049108347,
              "exponential_fit_error": 0.22407791110608472,
              "exponential_fit_error_w": 0.040541636822668245,
              "flat_btc_balance_hours": 0.0,
              "gain": 1751.3539888675054,
              "gain_per_exposure_long": 875.6769944337527,
              "gain_per_exposure_short": 0.0,
              "loss_profit_ratio": 0.008746714125870744,
              "loss_profit_ratio_long": 0.008746714125870744,
              "loss_profit_ratio_short": 1.0,
              "loss_profit_ratio_w": 0.0019515159189121352,
              "mdg": 0.0006915857424547832,
              "mdg_per_exposure_long": 0.0003457928712273916,
              "mdg_per_exposure_short": 0.0,
              "mdg_w": 0.0005702821385698797,
              "mdg_w_per_exposure_long": 0.00028514106928493986,
              "mdg_w_per_exposure_short": 0.0,
              "omega_ratio": 2.0828223624336104,
              "omega_ratio_w": 2.3151388471820837,
              "pnl_ratio_long_short": 1.0,
              "position_held_hours_max": 1973.0,
              "position_held_hours_mean": 4.752670728251629,
              "position_held_hours_median": 0.23333333333333334,
              "position_unchanged_hours_max": 799.2333333333333,
              "positions_held_per_day": 3.7088807146610616,
              "sharpe_ratio": 0.07448720378542113,
              "sharpe_ratio_w": 0.07233397276275592,
              "sortino_ratio": 0.1044819977232211,
              "sortino_ratio_w": 0.11393266808708265,
              "sterling_ratio": 0.012976920196887077,
              "sterling_ratio_w": 0.016983238865682874,
              "volume_pct_per_day_avg": 0.6084124406529869,
              "volume_pct_per_day_avg_w": 0.4991704913136988},
 "backtest": {"base_dir": "backtests/pbgui/e_doge_E",
              "cache_dir": {"binance": "caches/hlcvs_data/c2a1d6b35ef4e5db"},
              "coins": {"binance": ["DOGE"]},
              "combine_ohlcvs": false,
              "compress_cache": true,
              "end_date": "2025-10-23",
              "exchanges": ["binance"],
              "gap_tolerance_ohlcvs_minutes": 120,
              "max_warmup_minutes": 0.0,
              "start_date": "2020-01-01",
              "starting_balance": 1000,
              "use_btc_collateral": false},
 "bot": {"long": {"close_grid_markup_end": 0.0056914,
                  "close_grid_markup_start": 0.004,
                  "close_grid_qty_pct": 0.70422,
                  "close_trailing_grid_ratio": -0.64768,
                  "close_trailing_qty_pct": 0.24842,
                  "close_trailing_retracement_pct": 0.014568,
                  "close_trailing_threshold_pct": 0.095925,
                  "ema_span_0": 1363.2,
                  "ema_span_1": 1854.3,
                  "enforce_exposure_limit": true,
                  "entry_grid_double_down_factor": 0.84772,
                  "entry_grid_spacing_log_span_hours": 281.2,
                  "entry_grid_spacing_log_weight": 46.536,
                  "entry_grid_spacing_pct": 0.020303,
                  "entry_grid_spacing_we_weight": 4.2108,
                  "entry_initial_ema_dist": -0.0038312,
                  "entry_initial_qty_pct": 0.02074,
                  "entry_trailing_double_down_factor": 0.55585,
                  "entry_trailing_grid_ratio": -0.8127,
                  "entry_trailing_retracement_pct": 0.074998,
                  "entry_trailing_threshold_pct": 0.017728,
                  "filter_log_range_ema_span": 98.706,
                  "filter_volume_drop_pct": 0.77196,
                  "filter_volume_ema_span": 195.1,
                  "n_positions": 1,
                  "total_wallet_exposure_limit": 2,
                  "unstuck_close_pct": 0.01,
                  "unstuck_ema_dist": -0.0469,
                  "unstuck_loss_allowance_pct": 0.012514,
                  "unstuck_threshold": 0.92119},
         "short": {"close_grid_markup_end": 0.001,
                   "close_grid_markup_start": 0.001,
                   "close_grid_qty_pct": 0.1,
                   "close_trailing_grid_ratio": -1,
                   "close_trailing_qty_pct": 0.1,
                   "close_trailing_retracement_pct": 0.003,
                   "close_trailing_threshold_pct": -0.001,
                   "ema_span_0": 200,
                   "ema_span_1": 200,
                   "enforce_exposure_limit": true,
                   "entry_grid_double_down_factor": 0.6,
                   "entry_grid_spacing_log_span_hours": 24,
                   "entry_grid_spacing_log_weight": 0,
                   "entry_grid_spacing_pct": 0.01,
                   "entry_grid_spacing_we_weight": 0,
                   "entry_initial_ema_dist": -0.001,
                   "entry_initial_qty_pct": 0.025,
                   "entry_trailing_double_down_factor": 0.1,
                   "entry_trailing_grid_ratio": -1,
                   "entry_trailing_retracement_pct": 0,
                   "entry_trailing_threshold_pct": -0.1,
                   "filter_log_range_ema_span": 60,
                   "filter_volume_drop_pct": 0.53,
                   "filter_volume_ema_span": 10,
                   "n_positions": 0,
                   "total_wallet_exposure_limit": 0,
                   "unstuck_close_pct": 0.005,
                   "unstuck_ema_dist": -0.1,
                   "unstuck_loss_allowance_pct": 0.01,
                   "unstuck_threshold": 0.55}},
 "coin_overrides": {},
 "disable_plotting": false,
 "live": {"approved_coins": {"long": ["DOGE"], "short": []},
          "auto_gs": true,
          "base_config_path": "/home/emre/pbgui/data/bt_v7/e_doge_E/backtest.json",
          "empty_means_all_approved": false,
          "execution_delay_seconds": 2,
          "filter_by_min_effective_cost": true,
          "forced_mode_long": "",
          "forced_mode_short": "",
          "ignored_coins": {"long": [], "short": []},
          "inactive_coin_candle_ttl_minutes": 10,
          "leverage": 10,
          "market_orders_allowed": true,
          "max_disk_candles_per_symbol_per_tf": 2000000,
          "max_memory_candles_per_symbol": 20000,
          "max_n_cancellations_per_batch": 5,
          "max_n_creations_per_batch": 3,
          "max_n_restarts_per_day": 10,
          "minimum_coin_age_days": 30,
          "pnls_max_lookback_days": 30,
          "price_distance_threshold": 0.002,
          "time_in_force": "good_till_cancelled",
          "user": "bybit_01",
          "warmup_ratio": 0.2},
 "logging": {"level": 1},
 "optimize": {"bounds": {"long_close_grid_markup_end": [0, 0.011],
                         "long_close_grid_markup_start": [0.004, 0.004],
                         "long_close_grid_qty_pct": [0.05, 1],
                         "long_close_trailing_grid_ratio": [-1, 1],
                         "long_close_trailing_qty_pct": [0.1, 0.25],