{
    "adg": 0.002482574377919766,
    "adg_per_exposure_long": 0.0013792079877332035,
    "adg_per_exposure_short": 0.0,
    "adg_w": 0.004749643772021006,
    "adg_w_per_exposure_long": 0.0026386909844561142,
    "adg_w_per_exposure_short": 0.0,
    "calmar_ratio": 0.007160475439128519,
    "calmar_ratio_w": 0.013684540155714148,
    "drawdown_worst": 0.34670524311188944,
    "drawdown_worst_mean_1pct": 0.1851704811707781,
    "equity_balance_diff_neg_max": 0.35028150049630585,
    "equity_balance_diff_neg_mean": 0.011093462855028383,
    "equity_balance_diff_pos_max": 0.2052242569266534,
    "equity_balance_diff_pos_mean": 0.005686964273600459,
    "equity_choppiness": 2.685602056827829,
    "equity_choppiness_w": 2.6573900377527018,
    "equity_jerkiness": 0.011339262710190557,
    "equity_jerkiness_w": 0.02210943567314167,
    "expected_shortfall_1pct": 0.12235526476068147,
    "exponential_fit_error": 0.1505636409330066,
    "exponential_fit_error_w": 0.023572135042438314,
    "flat_btc_balance_hours": 0.0,
    "gain": 111.16837830538864,
    "gain_per_exposure_long": 61.760210169660354,
    "gain_per_exposure_short": 0.0,
    "loss_profit_ratio": 0.10454884514101699,
    "loss_profit_ratio_long": 0.10454884514101699,
    "loss_profit_ratio_short": 1.0,
    "loss_profit_ratio_w": 0.08420664761106372,
    "mdg": 0.0006553567005334175,
    "mdg_per_exposure_long": 0.0003640870558518986,
    "mdg_per_exposure_short": 0.0,
    "mdg_w": 0.0015468393573891234,
    "mdg_w_per_exposure_long": 0.000859355198549513,
    "mdg_w_per_exposure_short": 0.0,
    "omega_ratio": 2.065029455870236,
    "omega_ratio_w": 2.1735067471649434,
    "pnl_ratio_long_short": 1.0,
    "position_held_hours_max": 2643.266666666667,
    "position_held_hours_mean": 3.7639230625117093,
    "position_held_hours_median": 0.35,
    "position_unchanged_hours_max": 722.9,
    "positions_held_per_day": 25.283684210526317,
    "sharpe_ratio": 0.0635572992002652,
    "sharpe_ratio_w": 0.06452705339310041,
    "sortino_ratio": 0.09826572616301597,
    "sortino_ratio_w": 0.11341923019570192,
    "sterling_ratio": 0.013406966176375325,
    "sterling_ratio_w": 0.01663990236532794,
    "volume_pct_per_day_avg": 0.4019400343959985,
    "volume_pct_per_day_avg_w": 0.508364337163403
}