{
    "adg": 0.0048302124645849265,
    "adg_per_exposure_long": 0.0024151062322924632,
    "adg_per_exposure_short": 0.0,
    "adg_w": 0.003926135407783615,
    "adg_w_per_exposure_long": 0.0019630677038918075,
    "adg_w_per_exposure_short": 0.0,
    "calmar_ratio": 0.012467549362681211,
    "calmar_ratio_w": 0.022421058374222185,
    "drawdown_worst": 0.38742276642136864,
    "drawdown_worst_mean_1pct": 0.2777241954657489,
    "equity_balance_diff_neg_max": 0.3875172356696439,
    "equity_balance_diff_neg_mean": 0.014956484357451956,
    "equity_balance_diff_pos_max": 0.11074784968699755,
    "equity_balance_diff_pos_mean": 0.0080032152982638,
    "equity_choppiness": 3.4523531941035057,
    "equity_choppiness_w": 3.9442209369133723,
    "equity_jerkiness": 0.021782356608179062,
    "equity_jerkiness_w": 0.02277845878064192,
    "expected_shortfall_1pct": 0.18561292812798233,
    "exponential_fit_error": 0.007274767201211264,
    "exponential_fit_error_w": 0.0033272115369943995,
    "flat_btc_balance_hours": 0.0,
    "gain": 34.19304900247079,
    "gain_per_exposure_long": 17.096524501235393,
    "gain_per_exposure_short": 0.0,
    "loss_profit_ratio": 0.13562253442204755,
    "loss_profit_ratio_long": 0.13562253442204755,
    "loss_profit_ratio_short": 1.0,
    "loss_profit_ratio_w": 0.12508901448886142,
    "mdg": 0.0021280033129805883,
    "mdg_per_exposure_long": 0.0010640016564902942,
    "mdg_per_exposure_short": 0.0,
    "mdg_w": 0.0019415966944242788,
    "mdg_w_per_exposure_long": 0.0009707983472121394,
    "mdg_w_per_exposure_short": 0.0,
    "omega_ratio": 2.173329056307594,
    "omega_ratio_w": 1.8122678400053194,
    "pnl_ratio_long_short": 1.0,
    "position_held_hours_max": 1187.1,
    "position_held_hours_mean": 5.452949870673728,
    "position_held_hours_median": 0.48333333333333334,
    "position_unchanged_hours_max": 337.55,
    "positions_held_per_day": 33.23826419213974,
    "sharpe_ratio": 0.10703598535537431,
    "sharpe_ratio_w": 0.14066229911942107,
    "sortino_ratio": 0.1285731506499853,
    "sortino_ratio_w": 0.17582834530878186,
    "sterling_ratio": 0.017392119748459677,
    "sterling_ratio_w": 0.023268656246326937,
    "volume_pct_per_day_avg": 0.5915808366414699,
    "volume_pct_per_day_avg_w": 0.4149565656651345
}