{
    "adg": 0.004915024345609753,
    "adg_per_exposure_long": 0.0024575121728048765,
    "adg_per_exposure_short": 0.0,
    "adg_w": 0.005203429547203364,
    "adg_w_per_exposure_long": 0.002601714773601682,
    "adg_w_per_exposure_short": 0.0,
    "calmar_ratio": 0.009557295759644643,
    "calmar_ratio_w": 0.01136978957415356,
    "drawdown_worst": 0.5142693570668051,
    "drawdown_worst_mean_1pct": 0.3737131519247415,
    "equity_balance_diff_neg_max": 0.517120823691701,
    "equity_balance_diff_neg_mean": 0.023636881637139694,
    "equity_balance_diff_pos_max": 0.4273833962328512,
    "equity_balance_diff_pos_mean": 0.035979010970614185,
    "equity_choppiness": 3.539017644881124,
    "equity_choppiness_w": 3.2458990873240046,
    "equity_jerkiness": 0.024083356136403666,
    "equity_jerkiness_w": 0.029399253261257603,
    "expected_shortfall_1pct": 0.22658380673206804,
    "exponential_fit_error": 0.21243106953152657,
    "exponential_fit_error_w": 0.038931185735376,
    "flat_btc_balance_hours": 0.0,
    "gain": 11275.421453178806,
    "gain_per_exposure_long": 5637.710726589403,
    "gain_per_exposure_short": 0.0,
    "loss_profit_ratio": 0.01900101409120171,
    "loss_profit_ratio_long": 0.01900101409120171,
    "loss_profit_ratio_short": 1.0,
    "loss_profit_ratio_w": 0.015059122458110396,
    "mdg": 0.0008389063538785562,
    "mdg_per_exposure_long": 0.0004194531769392781,
    "mdg_per_exposure_short": 0.0,
    "mdg_w": 0.0007931482530426908,
    "mdg_w_per_exposure_long": 0.0003965741265213454,
    "mdg_w_per_exposure_short": 0.0,
    "omega_ratio": 2.1167604592826303,
    "omega_ratio_w": 1.9831880552746601,
    "pnl_ratio_long_short": 1.0,
    "position_held_hours_max": 1680.4666666666667,
    "position_held_hours_mean": 4.591707337421266,
    "position_held_hours_median": 0.25,
    "position_unchanged_hours_max": 786.1166666666667,
    "positions_held_per_day": 4.19915922228061,
    "sharpe_ratio": 0.07037723968338627,
    "sharpe_ratio_w": 0.061355037977276074,
    "sortino_ratio": 0.10211839231618705,
    "sortino_ratio_w": 0.09311179231913662,
    "sterling_ratio": 0.013151863455422469,
    "sterling_ratio_w": 0.012504021226801245,
    "volume_pct_per_day_avg": 0.729150590737123,
    "volume_pct_per_day_avg_w": 0.6343115091208205
}