{"analysis": {"adg": 0.004915024345609753,
              "adg_per_exposure_long": 0.0024575121728048765,
              "adg_per_exposure_short": 0.0,
              "adg_w": 0.005203429547203364,
              "adg_w_per_exposure_long": 0.002601714773601682,
              "adg_w_per_exposure_short": 0.0,
              "calmar_ratio": 0.009557295759644643,
              "calmar_ratio_w": 0.01136978957415356,
              "drawdown_worst": 0.5142693570668051,
              "drawdown_worst_mean_1pct": 0.3737131519247415,
              "equity_balance_diff_neg_max": 0.517120823691701,
              "equity_balance_diff_neg_mean": 0.023636881637139694,
              "equity_balance_diff_pos_max": 0.4273833962328512,
              "equity_balance_diff_pos_mean": 0.035979010970614185,
              "equity_choppiness": 3.539017644881124,
              "equity_choppiness_w": 3.2458990873240046,
              "equity_jerkiness": 0.024083356136403666,
              "equity_jerkiness_w": 0.029399253261257603,
              "expected_shortfall_1pct": 0.22658380673206804,
              "exponential_fit_error": 0.21243106953152657,
              "exponential_fit_error_w": 0.038931185735376,
              "flat_btc_balance_hours": 0.0,
              "gain": 11275.421453178806,
              "gain_per_exposure_long": 5637.710726589403,
              "gain_per_exposure_short": 0.0,
              "loss_profit_ratio": 0.01900101409120171,
              "loss_profit_ratio_long": 0.01900101409120171,
              "loss_profit_ratio_short": 1.0,
              "loss_profit_ratio_w": 0.015059122458110396,
              "mdg": 0.0008389063538785562,
              "mdg_per_exposure_long": 0.0004194531769392781,
              "mdg_per_exposure_short": 0.0,
              "mdg_w": 0.0007931482530426908,
              "mdg_w_per_exposure_long": 0.0003965741265213454,
              "mdg_w_per_exposure_short": 0.0,
              "omega_ratio": 2.1167604592826303,
              "omega_ratio_w": 1.9831880552746601,
              "pnl_ratio_long_short": 1.0,
              "position_held_hours_max": 1680.4666666666667,
              "position_held_hours_mean": 4.591707337421266,
              "position_held_hours_median": 0.25,
              "position_unchanged_hours_max": 786.1166666666667,
              "positions_held_per_day": 4.19915922228061,
              "sharpe_ratio": 0.07037723968338627,
              "sharpe_ratio_w": 0.061355037977276074,
              "sortino_ratio": 0.10211839231618705,
              "sortino_ratio_w": 0.09311179231913662,
              "sterling_ratio": 0.013151863455422469,
              "sterling_ratio_w": 0.012504021226801245,
              "volume_pct_per_day_avg": 0.729150590737123,
              "volume_pct_per_day_avg_w": 0.6343115091208205},
 "backtest": {"base_dir": "backtests/pbgui/e_doge_E",
              "cache_dir": {"binance": "caches/hlcvs_data/c2a1d6b35ef4e5db"},
              "coins": {"binance": ["DOGE"]},
              "combine_ohlcvs": false,
              "compress_cache": true,
              "end_date": "2025-10-23",
              "exchanges": ["binance"],
              "gap_tolerance_ohlcvs_minutes": 120,
              "max_warmup_minutes": 0.0,
              "start_date": "2020-01-01",
              "starting_balance": 1000,
              "use_btc_collateral": false},
 "bot": {"long": {"close_grid_markup_end": 0.0063494,
                  "close_grid_markup_start": 0.004,
                  "close_grid_qty_pct": 0.34684,
                  "close_trailing_grid_ratio": -0.62912,
                  "close_trailing_qty_pct": 0.13849,
                  "close_trailing_retracement_pct": 0.031594,
                  "close_trailing_threshold_pct": 0.051756,
                  "ema_span_0": 1462.3,
                  "ema_span_1": 1958.4,
                  "enforce_exposure_limit": true,
                  "entry_grid_double_down_factor": 0.87648,
                  "entry_grid_spacing_log_span_hours": 300.73,
                  "entry_grid_spacing_log_weight": 54.487,
                  "entry_grid_spacing_pct": 0.020333,
                  "entry_grid_spacing_we_weight": 1.5757,
                  "entry_initial_ema_dist": -0.0088597,
                  "entry_initial_qty_pct": 0.020729,
                  "entry_trailing_double_down_factor": 0.53638,
                  "entry_trailing_grid_ratio": -0.74673,
                  "entry_trailing_retracement_pct": 0.074999,
                  "entry_trailing_threshold_pct": 0.0090653,
                  "filter_log_range_ema_span": 274.35,
                  "filter_volume_drop_pct": 0.21705,
                  "filter_volume_ema_span": 195.33,
                  "n_positions": 1,
                  "total_wallet_exposure_limit": 2,
                  "unstuck_close_pct": 0.01,
                  "unstuck_ema_dist": -0.048874,
                  "unstuck_loss_allowance_pct": 0.012442,
                  "unstuck_threshold": 0.89195},
         "short": {"close_grid_markup_end": 0.001,
                   "close_grid_markup_start": 0.001,
                   "close_grid_qty_pct": 0.1,
                   "close_trailing_grid_ratio": -1,
                   "close_trailing_qty_pct": 0.1,
                   "close_trailing_retracement_pct": 0.003,
                   "close_trailing_threshold_pct": -0.001,
                   "ema_span_0": 200,
                   "ema_span_1": 200,
                   "enforce_exposure_limit": true,
                   "entry_grid_double_down_factor": 0.6,
                   "entry_grid_spacing_log_span_hours": 24,
                   "entry_grid_spacing_log_weight": 0,
                   "entry_grid_spacing_pct": 0.01,
                   "entry_grid_spacing_we_weight": 0,
                   "entry_initial_ema_dist": -0.001,
                   "entry_initial_qty_pct": 0.025,
                   "entry_trailing_double_down_factor": 0.1,
                   "entry_trailing_grid_ratio": -1,
                   "entry_trailing_retracement_pct": 0,
                   "entry_trailing_threshold_pct": -0.1,
                   "filter_log_range_ema_span": 60,
                   "filter_volume_drop_pct": 0.53,
                   "filter_volume_ema_span": 10,
                   "n_positions": 0,
                   "total_wallet_exposure_limit": 0,
                   "unstuck_close_pct": 0.005,
                   "unstuck_ema_dist": -0.1,
                   "unstuck_loss_allowance_pct": 0.01,
                   "unstuck_threshold": 0.55}},
 "coin_overrides": {},
 "disable_plotting": false,
 "live": {"approved_coins": {"long": ["DOGE"], "short": []},
          "auto_gs": true,
          "base_config_path": "/home/emre/pbgui/data/bt_v7/e_doge_E/backtest.json",
          "empty_means_all_approved": false,
          "execution_delay_seconds": 2,
          "filter_by_min_effective_cost": true,
          "forced_mode_long": "",
          "forced_mode_short": "",
          "ignored_coins": {"long": [], "short": []},
          "inactive_coin_candle_ttl_minutes": 10,
          "leverage": 10,
          "market_orders_allowed": true,
          "max_disk_candles_per_symbol_per_tf": 2000000,
          "max_memory_candles_per_symbol": 20000,
          "max_n_cancellations_per_batch": 5,
          "max_n_creations_per_batch": 3,
          "max_n_restarts_per_day": 10,
          "minimum_coin_age_days": 30,
          "pnls_max_lookback_days": 30,
          "price_distance_threshold": 0.002,
          "time_in_force": "good_till_cancelled",
          "user": "bybit_01",
          "warmup_ratio": 0.2},
 "logging": {"level": 1},
 "optimize": {"bounds": {"long_close_grid_markup_end": [0, 0.011],
                         "long_close_grid_markup_start": [0.004, 0.004],
                         "long_close_grid_qty_pct": [0.05, 1],
                         "long_close_trailing_grid_ratio": [-1, 1],
                         "long_close_trailing_qty_pct": [0.1, 0.25],