,minute,coin,pnl,fee_paid,balance,balance_btc,balance_usd,btc_price,qty,price,psize,pprice,type
0,4034,TIA,0.0,-0.0065934,999.9934066,0.0,999.9934066,1.0,5.0,6.5934,5.0,6.5934,entry_initial_normal_long
1,4039,TIA,0.1354999999999995,-0.0066205000000000005,1000.1222861,0.0,1000.1222861,1.0,-5.0,6.6205,0.0,6.5934,close_grid_long
2,4040,TIA,0.0,-0.0066278,1000.1156583,0.0,1000.1156583,1.0,5.0,6.6278,5.0,6.6278,entry_initial_normal_long
3,4054,TIA,0.13650000000000162,-0.006655100000000001,1000.2455031999999,0.0,1000.2455031999999,1.0,-5.0,6.6551,0.0,6.6278,close_grid_long
4,4055,TIA,0.0,-0.0066527,1000.2388504999999,0.0,1000.2388504999999,1.0,5.0,6.6527,5.0,6.6527,entry_initial_normal_long
5,4062,TIA,0.13700000000000045,-0.0066801000000000004,1000.3691703999999,0.0,1000.3691703999999,1.0,-5.0,6.6801,0.0,6.6527,close_grid_long
6,4063,TIA,0.0,-0.006673000000000001,1000.3624973999999,0.0,1000.3624973999999,1.0,5.0,6.673,5.0,6.673,entry_initial_normal_long
7,4158,TIA,0.0,-0.006042700000000001,1000.3564547,0.0,1000.3564547,1.0,5.0,6.0427,10.0,6.35785,entry_grid_normal_long
8,4794,TIA,0.0,-0.00784812,1000.34860658,0.0,1000.34860658,1.0,7.0,5.6058,17.0,6.0481823529411765,entry_grid_normal_long
9,5232,TIA,0.0,-0.0124524,1000.33615418,0.0,1000.33615418,1.0,12.0,5.1885,29.0,5.69245172413793,entry_grid_normal_long
10,5302,TIA,0.740900000000023,-0.033164400000000004,1001.04388978,0.0,1001.04388978,1.0,-29.0,5.718,0.0,5.69245172413793,close_grid_long
11,5303,TIA,0.0,-0.006825,1001.0370647799999,0.0,1001.0370647799999,1.0,6.0,5.6875,6.0,5.6875,entry_initial_normal_long
12,5956,TIA,0.14039999999999786,-0.00685308,1001.1706116999999,0.0,1001.1706116999999,1.0,-6.0,5.7109,0.0,5.6875,close_grid_long
13,6187,TIA,0.0,-0.00680412,1001.1638075799999,0.0,1001.1638075799999,1.0,6.0,5.6701,6.0,5.6701,entry_initial_normal_long
14,6213,TIA,0.13979999999999926,-0.006832079999999999,1001.2967755,0.0,1001.2967755,1.0,-6.0,5.6934,0.0,5.6701,close_grid_long
15,6217,TIA,0.0,-0.00680544,1001.28997006,0.0,1001.28997006,1.0,6.0,5.6712,6.0,5.6712,entry_initial_normal_long
16,6251,TIA,0.13979999999999926,-0.006833400000000001,1001.42293666,0.0,1001.42293666,1.0,-6.0,5.6945,0.0,5.6712,close_grid_long
17,6262,TIA,0.0,-0.00680856,1001.4161281,0.0,1001.4161281,1.0,6.0,5.6738,6.0,5.6738,entry_initial_normal_long
18,6283,TIA,0.13979999999999926,-0.0068365200000000004,1001.54909158,0.0,1001.54909158,1.0,-6.0,5.6971,0.0,5.6738,close_grid_long
19,6640,TIA,0.0,-0.0069132,1001.54217838,0.0,1001.54217838,1.0,6.0,5.761,6.0,5.761,entry_initial_normal_long
20,6684,TIA,0.142199999999999,-0.00694164,1001.67743674,0.0,1001.67743674,1.0,-6.0,5.7847,0.0,5.761,close_grid_long
21,6685,TIA,0.0,-0.0069126000000000005,1001.67052414,0.0,1001.67052414,1.0,6.0,5.7605,6.0,5.7605,entry_initial_normal_long
22,6879,TIA,0.142199999999999,-0.006941040000000002,1001.8057831,0.0,1001.8057831,1.0,-6.0,5.7842,0.0,5.7605,close_grid_long
23,6931,TIA,0.0,-0.00689472,1001.79888838,0.0,1001.79888838,1.0,6.0,5.7456,6.0,5.7456,entry_initial_normal_long
24,6943,TIA,0.1416000000000004,-0.006923040000000001,1001.93356534,0.0,1001.93356534,1.0,-6.0,5.7692,0.0,5.7456,close_grid_long
25,6974,TIA,0.0,-0.0068988,1001.9266665399999,0.0,1001.9266665399999,1.0,6.0,5.749,6.0,5.749,entry_initial_normal_long
26,6976,TIA,0.1416000000000004,-0.006927119999999999,1002.06133942,0.0,1002.06133942,1.0,-6.0,5.7726,0.0,5.749,close_grid_long
27,7540,TIA,0.0,-0.0059383,1002.0554011199999,0.0,1002.0554011199999,1.0,5.0,5.9383,5.0,5.9383,entry_initial_normal_long
28,7541,TIA,0.12500000000000178,-0.0059633,1002.17443782,0.0,1002.17443782,1.0,-5.0,5.9633,0.0,5.9383,close_grid_long
29,7588,TIA,0.0,-0.005943100000000001,1002.16849472,0.0,1002.16849472,1.0,5.0,5.9431,5.0,5.9431,entry_initial_normal_long
30,7591,TIA,0.12149999999999661,-0.0059673999999999994,1002.2840273200001,0.0,1002.2840273200001,1.0,-5.0,5.9674,0.0,5.9431,close_grid_long
31,7592,TIA,0.0,-0.005943200000000001,1002.27808412,0.0,1002.27808412,1.0,5.0,5.9432,5.0,5.9432,entry_initial_normal_long
32,7613,TIA,0.12150000000000105,-0.005967500000000001,1002.39361662,0.0,1002.39361662,1.0,-5.0,5.9675,0.0,5.9432,close_grid_long
33,7618,TIA,0.0,-0.0059443000000000005,1002.38767232,0.0,1002.38767232,1.0,5.0,5.9443,5.0,5.9443,entry_initial_normal_long
34,7621,TIA,0.12150000000000105,-0.005968600000000001,1002.50320372,0.0,1002.50320372,1.0,-5.0,5.9686,0.0,5.9443,close_grid_long
35,7707,TIA,0.0,-0.005953600000000001,1002.49725012,0.0,1002.49725012,1.0,5.0,5.9536,5.0,5.9536,entry_initial_normal_long
36,7717,TIA,0.12250000000000316,-0.005978100000000001,1002.6137720199999,0.0,1002.6137720199999,1.0,-5.0,5.9781,0.0,5.9536,close_grid_long
37,7720,TIA,0.0,-0.0059543,1002.60781772,0.0,1002.60781772,1.0,5.0,5.9543,5.0,5.9543,entry_initial_normal_long
38,7723,TIA,0.12249999999999872,-0.0059788,1002.7243389199999,0.0,1002.7243389199999,1.0,-5.0,5.9788,0.0,5.9543,close_grid_long
39,7843,TIA,0.0,-0.0059712,1002.71836772,0.0,1002.71836772,1.0,5.0,5.9712,5.0,5.9712,entry_initial_normal_long
40,7844,TIA,0.12250000000000316,-0.0059957000000000005,1002.8348720199999,0.0,1002.8348720199999,1.0,-5.0,5.9957,0.0,5.9712,close_grid_long
41,7851,TIA,0.0,-0.0059716,1002.82890042,0.0,1002.82890042,1.0,5.0,5.9716,5.0,5.9716,entry_initial_normal_long
42,13395,TIA,0.0,-0.0052363999999999996,1002.82366402,0.0,1002.82366402,1.0,5.0,5.2364,10.0,5.603999999999999,entry_grid_normal_long
43,13698,TIA,0.23400000000000531,-0.0112548,1003.04640922,0.0,1003.04640922,1.0,-10.0,5.6274,0.0,5.603999999999999,close_grid_long
44,13756,TIA,0.0,-0.00657936,1003.0398298599999,0.0,1003.0398298599999,1.0,6.0,5.4828,6.0,5.4828,entry_initial_normal_long
45,13760,TIA,0.1355999999999984,-0.00660648,1003.1688233799999,0.0,1003.1688233799999,1.0,-6.0,5.5054,0.0,5.4828,close_grid_long
46,13771,TIA,0.0,-0.006581040000000001,1003.1622423399999,0.0,1003.1622423399999,1.0,6.0,5.4842,6.0,5.4842,entry_initial_normal_long
47,13793,TIA,0.1355999999999984,-0.006608160000000001,1003.29123418,0.0,1003.29123418,1.0,-6.0,5.5068,0.0,5.4842,close_grid_long
48,13842,TIA,0.0,-0.006591,1003.28464318,0.0,1003.28464318,1.0,6.0,5.4925,6.0,5.4925,entry_initial_normal_long
49,13864,TIA,0.13560000000000372,-0.006618120000000001,1003.41362506,0.0,1003.41362506,1.0,-6.0,5.5151,0.0,5.4925,close_grid_long
50,13867,TIA,0.0,-0.00659208,1003.4070329799999,0.0,1003.4070329799999,1.0,6.0,5.4934,6.0,5.4934,entry_initial_normal_long
51,13882,TIA,0.1355999999999984,-0.006619200000000001,1003.53601378,0.0,1003.53601378,1.0,-6.0,5.516,0.0,5.4934,close_grid_long
52,13884,TIA,0.0,-0.0065930400000000005,1003.52942074,0.0,1003.52942074,1.0,6.0,5.4942,6.0,5.4942,entry_initial_normal_long
53,13960,TIA,0.1355999999999984,-0.00662016,1003.6584005799999,0.0,1003.6584005799999,1.0,-6.0,5.5168,0.0,5.4942,close_grid_long
54,14144,TIA,0.0,-0.00664956,1003.6517510199999,0.0,1003.6517510199999,1.0,6.0,5.5413,6.0,5.5413,entry_initial_normal_long
55,14145,TIA,0.13680000000000092,-0.00667692,1003.7818740999999,0.0,1003.7818740999999,1.0,-6.0,5.5641,0.0,5.5413,close_grid_long
56,14147,TIA,0.0,-0.006649800000000001,1003.7752242999999,0.0,1003.7752242999999,1.0,6.0,5.5415,6.0,5.5415,entry_initial_normal_long
57,14150,TIA,0.13680000000000092,-0.0066771600000000006,1003.9053471399999,0.0,1003.9053471399999,1.0,-6.0,5.5643,0.0,5.5415,close_grid_long
58,14674,TIA,0.0,-0.006782159999999999,1003.89856498,0.0,1003.89856498,1.0,6.0,5.6518,6.0,5.6518,entry_initial_normal_long
59,14685,TIA,0.13979999999999926,-0.006810119999999999,1004.0315548599999,0.0,1004.0315548599999,1.0,-6.0,5.6751,0.0,5.6518,close_grid_long
60,14693,TIA,0.0,-0.006783480000000001,1004.02477138,0.0,1004.02477138,1.0,6.0,5.6529,6.0,5.6529,entry_initial_normal_long
61,14696,TIA,0.13979999999999926,-0.006811439999999999,1004.1577599399999,0.0,1004.1577599399999,1.0,-6.0,5.6762,0.0,5.6529,close_grid_long
62,14700,TIA,0.0,-0.006783840000000001,1004.1509760999999,0.0,1004.1509760999999,1.0,6.0,5.6532,6.0,5.6532,entry_initial_normal_long
63,14777,TIA,0.13979999999999926,-0.0068118,1004.2839642999999,0.0,1004.2839642999999,1.0,-6.0,5.6765,0.0,5.6532,close_grid_long
64,16519,TIA,0.0,-0.0062593,1004.2777049999999,0.0,1004.2777049999999,1.0,5.0,6.2593,5.0,6.2593,entry_initial_normal_long
65,16523,TIA,0.1285000000000025,-0.006285000000000001,1004.3999199999998,0.0,1004.3999199999998,1.0,-5.0,6.285,0.0,6.2593,close_grid_long
66,16536,TIA,0.0,-0.006260600000000001,1004.3936593999998,0.0,1004.3936593999998,1.0,5.0,6.2606,5.0,6.2606,entry_initial_normal_long
67,16539,TIA,0.12849999999999806,-0.0062863,1004.5158730999998,0.0,1004.5158730999998,1.0,-5.0,6.2863,0.0,6.2606,close_grid_long
68,16591,TIA,0.0,-0.0062654,1004.5096076999998,0.0,1004.5096076999998,1.0,5.0,6.2654,5.0,6.2654,entry_initial_normal_long
69,16601,TIA,0.1285000000000025,-0.006291100000000001,1004.6318165999999,0.0,1004.6318165999999,1.0,-5.0,6.2911,0.0,6.2654,close_grid_long
70,16612,TIA,0.0,-0.0062668,1004.6255497999998,0.0,1004.6255497999998,1.0,5.0,6.2668,5.0,6.2668,entry_initial_normal_long
71,17954,TIA,0.1285000000000025,-0.0062925,1004.7477572999999,0.0,1004.7477572999999,1.0,-5.0,6.2925,0.0,6.2668,close_grid_long
72,18728,TIA,0.0,-0.006307000000000001,1004.7414502999999,0.0,1004.7414502999999,1.0,5.0,6.307,5.0,6.307,entry_initial_normal_long
73,18742,TIA,0.12950000000000017,-0.006332900000000001,1004.8646173999999,0.0,1004.8646173999999,1.0,-5.0,6.3329,0.0,6.307,close_grid_long
74,18779,TIA,0.0,-0.006311300000000001,1004.8583060999999,0.0,1004.8583060999999,1.0,5.0,6.3113,5.0,6.3113,entry_initial_normal_long
75,18785,TIA,0.12950000000000017,-0.0063372,1004.9814689,0.0,1004.9814689,1.0,-5.0,6.3372,0.0,6.3113,close_grid_long
76,22265,TIA,0.0,-0.006809520000000001,1004.9746593799999,0.0,1004.9746593799999,1.0,4.0,8.5119,4.0,8.5119,entry_initial_normal_long
77,22529,TIA,0.14000000000000057,-0.006837520000000001,1005.10782186,0.0,1005.10782186,1.0,-4.0,8.5469,0.0,8.5119,close_grid_long
78,22548,TIA,0.0,-0.006776000000000001,1005.10104586,0.0,1005.10104586,1.0,4.0,8.47,4.0,8.47,entry_initial_normal_long
79,22555,TIA,0.13919999999999533,-0.00680384,1005.23344202,0.0,1005.23344202,1.0,-4.0,8.5048,0.0,8.47,close_grid_long
80,22568,TIA,0.0,-0.0067776799999999995,1005.22666434,0.0,1005.22666434,1.0,4.0,8.4721,4.0,8.4721,entry_initial_normal_long
81,22574,TIA,0.13920000000000243,-0.006805520000000001,1005.35905882,0.0,1005.35905882,1.0,-4.0,8.5069,0.0,8.4721,close_grid_long
82,22590,TIA,0.0,-0.006779200000000001,1005.35227962,0.0,1005.35227962,1.0,4.0,8.474,4.0,8.474,entry_initial_normal_long
83,22596,TIA,0.13920000000000243,-0.006807040000000001,1005.4846725799999,0.0,1005.4846725799999,1.0,-4.0,8.5088,0.0,8.474,close_grid_long
84,22633,TIA,0.0,-0.006782640000000001,1005.47788994,0.0,1005.47788994,1.0,4.0,8.4783,4.0,8.4783,entry_initial_normal_long
85,22641,TIA,0.1395999999999944,-0.00681056,1005.61067938,0.0,1005.61067938,1.0,-4.0,8.5132,0.0,8.4783,close_grid_long
86,22648,TIA,0.0,-0.0067836,1005.60389578,0.0,1005.60389578,1.0,4.0,8.4795,4.0,8.4795,entry_initial_normal_long
87,22652,TIA,0.1396000000000015,-0.006811520000000001,1005.7366842600001,0.0,1005.7366842600001,1.0,-4.0,8.5144,0.0,8.4795,close_grid_long
88,22663,TIA,0.0,-0.006784640000000001,1005.7298996200001,0.0,1005.7298996200001,1.0,4.0,8.4808,4.0,8.4808,entry_initial_normal_long
89,22668,TIA,0.1396000000000015,-0.0068125600000000005,1005.8626870600001,0.0,1005.8626870600001,1.0,-4.0,8.5157,0.0,8.4808,close_grid_long
90,22949,TIA,0.0,-0.006819840000000001,1005.85586722,0.0,1005.85586722,1.0,4.0,8.5248,4.0,8.5248,entry_initial_normal_long
91,22953,TIA,0.13999999999999346,-0.00684784,1005.9890193800001,0.0,1005.9890193800001,1.0,-4.0,8.5598,0.0,8.5248,close_grid_long
92,23000,TIA,0.0,-0.006827280000000001,1005.9821921,0.0,1005.9821921,1.0,4.0,8.5341,4.0,8.5341,entry_initial_normal_long
93,23036,TIA,0.14039999999999964,-0.0068553600000000004,1006.11573674,0.0,1006.11573674,1.0,-4.0,8.5692,0.0,8.5341,close_grid_long
94,23093,TIA,0.0,-0.00683616,1006.10890058,0.0,1006.10890058,1.0,4.0,8.5452,4.0,8.5452,entry_initial_normal_long
95,23104,TIA,0.14039999999999964,-0.00686424,1006.2424363399999,0.0,1006.2424363399999,1.0,-4.0,8.5803,0.0,8.5452,close_grid_long
96,23105,TIA,0.0,-0.006836480000000001,1006.23559986,0.0,1006.23559986,1.0,4.0,8.5456,4.0,8.5456,entry_initial_normal_long
97,23127,TIA,0.14039999999999964,-0.0068645600000000005,1006.3691352999999,0.0,1006.3691352999999,1.0,-4.0,8.5807,0.0,8.5456,close_grid_long
98,23711,TIA,0.0,-0.0071576,1006.3619776999999,0.0,1006.3619776999999,1.0,4.0,8.947,4.0,8.947,entry_initial_normal_long
99,24289,TIA,0.1472000000000051,-0.0071870400000000004,1006.5019906599999,0.0,1006.5019906599999,1.0,-4.0,8.9838,0.0,8.947,close_grid_long
100,24408,TIA,0.0,-0.007102079999999999,1006.49488858,0.0,1006.49488858,1.0,4.0,8.8776,4.0,8.8776,entry_initial_normal_long
101,24409,TIA,0.1460000000000008,-0.00713128,1006.6337573,0.0,1006.6337573,1.0,-4.0,8.9141,0.0,8.8776,close_grid_long
102,24413,TIA,0.0,-0.00710248,1006.62665482,0.0,1006.62665482,1.0,4.0,8.8781,4.0,8.8781,entry_initial_normal_long
103,24416,TIA,0.1460000000000008,-0.0071316800000000005,1006.76552314,0.0,1006.76552314,1.0,-4.0,8.9146,0.0,8.8781,close_grid_long
104,24419,TIA,0.0,-0.00710296,1006.75842018,0.0,1006.75842018,1.0,4.0,8.8787,4.0,8.8787,entry_initial_normal_long
105,24422,TIA,0.1460000000000008,-0.007132160000000001,1006.89728802,0.0,1006.89728802,1.0,-4.0,8.9152,0.0,8.8787,close_grid_long
106,24423,TIA,0.0,-0.0071032,1006.8901848200001,0.0,1006.8901848200001,1.0,4.0,8.879,4.0,8.879,entry_initial_normal_long
107,24479,TIA,0.1460000000000008,-0.0071324000000000005,1007.0290524200001,0.0,1007.0290524200001,1.0,-4.0,8.9155,0.0,8.879,close_grid_long
108,24481,TIA,0.0,-0.007104000000000001,1007.0219484200001,0.0,1007.0219484200001,1.0,4.0,8.88,4.0,8.88,entry_initial_normal_long
109,24482,TIA,0.1459999999999937,-0.0071332,1007.16081522,0.0,1007.16081522,1.0,-4.0,8.9165,0.0,8.88,close_grid_long
110,24483,TIA,0.0,-0.007104160000000001,1007.15371106,0.0,1007.15371106,1.0,4.0,8.8802,4.0,8.8802,entry_initial_normal_long
111,24508,TIA,0.1460000000000008,-0.007133360000000001,1007.2925776999999,0.0,1007.2925776999999,1.0,-4.0,8.9167,0.0,8.8802,close_grid_long
112,24547,TIA,0.0,-0.007113120000000001,1007.2854645799999,0.0,1007.2854645799999,1.0,4.0,8.8914,4.0,8.8914,entry_initial_normal_long
113,24548,TIA,0.1459999999999937,-0.00714232,1007.4243222599999,0.0,1007.4243222599999,1.0,-4.0,8.9279,0.0,8.8914,close_grid_long
114,24550,TIA,0.0,-0.007113360000000001,1007.4172089,0.0,1007.4172089,1.0,4.0,8.8917,4.0,8.8917,entry_initial_normal_long
115,24552,TIA,0.1460000000000008,-0.007142560000000001,1007.55606634,0.0,1007.55606634,1.0,-4.0,8.9282,0.0,8.8917,close_grid_long
116,24556,TIA,0.0,-0.007113840000000001,1007.5489525,0.0,1007.5489525,1.0,4.0,8.8923,4.0,8.8923,entry_initial_normal_long
117,24860,TIA,0.1460000000000008,-0.007143040000000001,1007.68780946,0.0,1007.68780946,1.0,-4.0,8.9288,0.0,8.8923,close_grid_long
118,24867,TIA,0.0,-0.00707456,1007.6807349000001,0.0,1007.6807349000001,1.0,4.0,8.8432,4.0,8.8432,entry_initial_normal_long
119,24868,TIA,0.14520000000000266,-0.007103600000000001,1007.8188313,0.0,1007.8188313,1.0,-4.0,8.8795,0.0,8.8432,close_grid_long
120,24870,TIA,0.0,-0.007074800000000001,1007.8117565,0.0,1007.8117565,1.0,4.0,8.8435,4.0,8.8435,entry_initial_normal_long
121,25415,TIA,0.14519999999999555,-0.00710384,1007.94985266,0.0,1007.94985266,1.0,-4.0,8.8798,0.0,8.8435,close_grid_long
122,25426,TIA,0.0,-0.0069575999999999995,1007.9428950600001,0.0,1007.9428950600001,1.0,4.0,8.697,4.0,8.697,entry_initial_normal_long
123,25440,TIA,0.14280000000000115,-0.00698616,1008.0787089,0.0,1008.0787089,1.0,-4.0,8.7327,0.0,8.697,close_grid_long
124,25442,TIA,0.0,-0.00695808,1008.07175082,0.0,1008.07175082,1.0,4.0,8.6976,4.0,8.6976,entry_initial_normal_long
125,25461,TIA,0.14280000000000115,-0.0069866400000000006,1008.2075641800001,0.0,1008.2075641800001,1.0,-4.0,8.7333,0.0,8.6976,close_grid_long
126,25540,TIA,0.0,-0.006994480000000001,1008.2005697000001,0.0,1008.2005697000001,1.0,4.0,8.7431,4.0,8.7431,entry_initial_normal_long
127,25541,TIA,0.14359999999999928,-0.0070232,1008.3371465,0.0,1008.3371465,1.0,-4.0,8.779,0.0,8.7431,close_grid_long
128,25543,TIA,0.0,-0.0069948,1008.3301517,0.0,1008.3301517,1.0,4.0,8.7435,4.0,8.7435,entry_initial_normal_long
129,25544,TIA,0.1436000000000064,-0.007023520000000001,1008.46672818,0.0,1008.46672818,1.0,-4.0,8.7794,0.0,8.7435,close_grid_long
130,26532,TIA,0.0,-0.005950560000000001,1008.46077762,0.0,1008.46077762,1.0,3.0,9.9176,3.0,9.9176,entry_initial_normal_long
131,26533,TIA,0.12179999999999858,-0.005974920000000001,1008.5766027000001,0.0,1008.5766027000001,1.0,-3.0,9.9582,0.0,9.9176,close_grid_long
132,26534,TIA,0.0,-0.00590826,1008.5706944400001,0.0,1008.5706944400001,1.0,3.0,9.8471,3.0,9.8471,entry_initial_normal_long
133,26544,TIA,0.12090000000000067,-0.00593244,1008.6856620000001,0.0,1008.6856620000001,1.0,-3.0,9.8874,0.0,9.8471,close_grid_long
134,26545,TIA,0.0,-0.00588654,1008.6797754600001,0.0,1008.6797754600001,1.0,3.0,9.8109,3.0,9.8109,entry_initial_normal_long
135,26553,TIA,0.12060000000000137,-0.005910660000000001,1008.7944648000001,0.0,1008.7944648000001,1.0,-3.0,9.8511,0.0,9.8109,close_grid_long
136,26554,TIA,0.0,-0.005833380000000001,1008.7886314200001,0.0,1008.7886314200001,1.0,3.0,9.7223,3.0,9.7223,entry_initial_normal_long
137,26555,TIA,0.18299999999999983,-0.00586998,1008.9657614400002,0.0,1008.9657614400002,1.0,-3.0,9.7833,0.0,9.7223,close_grid_long
138,26556,TIA,0.0,-0.00588618,1008.9598752600002,0.0,1008.9598752600002,1.0,3.0,9.8103,3.0,9.8103,entry_initial_normal_long
139,26692,TIA,0.12060000000000137,-0.0059103,1009.0745649600002,0.0,1009.0745649600002,1.0,-3.0,9.8505,0.0,9.8103,close_grid_long
140,26693,TIA,0.0,-0.00591948,1009.0686454800002,0.0,1009.0686454800002,1.0,3.0,9.8658,3.0,9.8658,entry_initial_normal_long
141,26701,TIA,0.12119999999999997,-0.00594372,1009.1839017600003,0.0,1009.1839017600003,1.0,-3.0,9.9062,0.0,9.8658,close_grid_long
142,26748,TIA,0.0,-0.00593784,1009.1779639200003,0.0,1009.1779639200003,1.0,3.0,9.8964,3.0,9.8964,entry_initial_normal_long
143,26749,TIA,0.12149999999999928,-0.0059621399999999995,1009.2935017800003,0.0,1009.2935017800003,1.0,-3.0,9.9369,0.0,9.8964,close_grid_long
144,26767,TIA,0.0,-0.0059397,1009.2875620800003,0.0,1009.2875620800003,1.0,3.0,9.8995,3.0,9.8995,entry_initial_normal_long
145,26768,TIA,0.12149999999999928,-0.0059640000000000006,1009.4030980800003,0.0,1009.4030980800003,1.0,-3.0,9.94,0.0,9.8995,close_grid_long
146,26770,TIA,0.0,-0.0059398800000000015,1009.3971582000003,0.0,1009.3971582000003,1.0,3.0,9.8998,3.0,9.8998,entry_initial_normal_long
147,26773,TIA,0.12149999999999928,-0.00596418,1009.5126940200003,0.0,1009.5126940200003,1.0,-3.0,9.9403,0.0,9.8998,close_grid_long
148,26774,TIA,0.0,-0.005940120000000001,1009.5067539000003,0.0,1009.5067539000003,1.0,3.0,9.9002,3.0,9.9002,entry_initial_normal_long
149,26867,TIA,0.12179999999999858,-0.00596448,1009.6225894200003,0.0,1009.6225894200003,1.0,-3.0,9.9408,0.0,9.9002,close_grid_long
150,26874,TIA,0.0,-0.005928900000000001,1009.6166605200003,0.0,1009.6166605200003,1.0,3.0,9.8815,3.0,9.8815,entry_initial_normal_long
151,26880,TIA,0.12149999999999928,-0.0059532000000000005,1009.7322073200003,0.0,1009.7322073200003,1.0,-3.0,9.922,0.0,9.8815,close_grid_long
152,26881,TIA,0.0,-0.005929200000000001,1009.7262781200003,0.0,1009.7262781200003,1.0,3.0,9.882,3.0,9.882,entry_initial_normal_long
153,26885,TIA,0.12149999999999928,-0.0059535,1009.8418246200004,0.0,1009.8418246200004,1.0,-3.0,9.9225,0.0,9.882,close_grid_long
154,26886,TIA,0.0,-0.005929380000000001,1009.8358952400004,0.0,1009.8358952400004,1.0,3.0,9.8823,3.0,9.8823,entry_initial_normal_long
155,26895,TIA,0.12149999999999928,-0.00595368,1009.9514415600004,0.0,1009.9514415600004,1.0,-3.0,9.9228,0.0,9.8823,close_grid_long
156,26896,TIA,0.0,-0.00592974,1009.9455118200003,0.0,1009.9455118200003,1.0,3.0,9.8829,3.0,9.8829,entry_initial_normal_long
157,26897,TIA,0.508200000000004,-0.00603138,1010.4476804400003,0.0,1010.4476804400003,1.0,-3.0,10.0523,0.0,9.8829,close_grid_long
158,27176,TIA,0.0,-0.00602382,1010.4416566200003,0.0,1010.4416566200003,1.0,3.0,10.0397,3.0,10.0397,entry_initial_normal_long
159,27177,TIA,0.15270000000000117,-0.00605436,1010.5883022600003,0.0,1010.5883022600003,1.0,-3.0,10.0906,0.0,10.0397,close_grid_long
160,27213,TIA,0.0,-0.00602856,1010.5822737000003,0.0,1010.5822737000003,1.0,3.0,10.0476,3.0,10.0476,entry_initial_normal_long
161,27712,TIA,0.12330000000000041,-0.00605322,1010.6995204800003,0.0,1010.6995204800003,1.0,-3.0,10.0887,0.0,10.0476,close_grid_long
162,27725,TIA,0.0,-0.00598296,1010.6935375200003,0.0,1010.6935375200003,1.0,3.0,9.9716,3.0,9.9716,entry_initial_normal_long
163,27752,TIA,0.12239999999999718,-0.00600744,1010.8099300800003,0.0,1010.8099300800003,1.0,-3.0,10.0124,0.0,9.9716,close_grid_long
164,27754,TIA,0.0,-0.005984280000000001,1010.8039458000003,0.0,1010.8039458000003,1.0,3.0,9.9738,3.0,9.9738,entry_initial_normal_long
165,27781,TIA,0.12239999999999718,-0.00600876,1010.9203370400003,0.0,1010.9203370400003,1.0,-3.0,10.0146,0.0,9.9738,close_grid_long
166,27788,TIA,0.0,-0.00598548,1010.9143515600002,0.0,1010.9143515600002,1.0,3.0,9.9758,3.0,9.9758,entry_initial_normal_long
167,27790,TIA,0.12270000000000181,-0.0060100200000000005,1011.0310415400003,0.0,1011.0310415400003,1.0,-3.0,10.0167,0.0,9.9758,close_grid_long
168,27799,TIA,0.0,-0.00598644,1011.0250551000003,0.0,1011.0250551000003,1.0,3.0,9.9774,3.0,9.9774,entry_initial_normal_long
169,27810,TIA,0.12270000000000181,-0.00601098,1011.1417441200002,0.0,1011.1417441200002,1.0,-3.0,10.0183,0.0,9.9774,close_grid_long
170,27811,TIA,0.0,-0.00598668,1011.1357574400002,0.0,1011.1357574400002,1.0,3.0,9.9778,3.0,9.9778,entry_initial_normal_long
171,27817,TIA,0.12270000000000181,-0.00601122,1011.2524462200003,0.0,1011.2524462200003,1.0,-3.0,10.0187,0.0,9.9778,close_grid_long
172,27818,TIA,0.0,-0.005987040000000001,1011.2464591800002,0.0,1011.2464591800002,1.0,3.0,9.9784,3.0,9.9784,entry_initial_normal_long
173,27821,TIA,0.12269999999999648,-0.00601158,1011.3631476000002,0.0,1011.3631476000002,1.0,-3.0,10.0193,0.0,9.9784,close_grid_long
174,27823,TIA,0.0,-0.00598734,1011.3571602600001,0.0,1011.3571602600001,1.0,3.0,9.9789,3.0,9.9789,entry_initial_normal_long
175,27827,TIA,0.12270000000000181,-0.006011880000000001,1011.4738483800002,0.0,1011.4738483800002,1.0,-3.0,10.0198,0.0,9.9789,close_grid_long
176,27833,TIA,0.0,-0.005988,1011.4678603800002,0.0,1011.4678603800002,1.0,3.0,9.98,3.0,9.98,entry_initial_normal_long
177,27837,TIA,0.12269999999999648,-0.00601254,1011.5845478400001,0.0,1011.5845478400001,1.0,-3.0,10.0209,0.0,9.98,close_grid_long
178,27838,TIA,0.0,-0.00598824,1011.5785596000002,0.0,1011.5785596000002,1.0,3.0,9.9804,3.0,9.9804,entry_initial_normal_long
179,27840,TIA,0.12270000000000181,-0.0060127800000000006,1011.6952468200002,0.0,1011.6952468200002,1.0,-3.0,10.0213,0.0,9.9804,close_grid_long
180,27843,TIA,0.0,-0.0059886,1011.6892582200002,0.0,1011.6892582200002,1.0,3.0,9.981,3.0,9.981,entry_initial_normal_long
181,27848,TIA,0.12270000000000181,-0.00601314,1011.8059450800001,0.0,1011.8059450800001,1.0,-3.0,10.0219,0.0,9.981,close_grid_long
182,27851,TIA,0.0,-0.0059891400000000004,1011.7999559400001,0.0,1011.7999559400001,1.0,3.0,9.9819,3.0,9.9819,entry_initial_normal_long
183,27942,TIA,0.12270000000000181,-0.00601368,1011.9166422600001,0.0,1011.9166422600001,1.0,-3.0,10.0228,0.0,9.9819,close_grid_long
184,27950,TIA,0.0,-0.00598014,1011.9106621200001,0.0,1011.9106621200001,1.0,3.0,9.9669,3.0,9.9669,entry_initial_normal_long
185,27952,TIA,0.12239999999999718,-0.0060046200000000004,1012.0270575000001,0.0,1012.0270575000001,1.0,-3.0,10.0077,0.0,9.9669,close_grid_long
186,27953,TIA,0.0,-0.005980320000000001,1012.02107718,0.0,1012.02107718,1.0,3.0,9.9672,3.0,9.9672,entry_initial_normal_long
187,28117,TIA,0.12239999999999718,-0.006004799999999999,1012.13747238,0.0,1012.13747238,1.0,-3.0,10.008,0.0,9.9672,close_grid_long
188,28322,TIA,0.0,-0.006013320000000001,1012.13145906,0.0,1012.13145906,1.0,3.0,10.0222,3.0,10.0222,entry_initial_normal_long
189,28323,TIA,0.12300000000000111,-0.0060379200000000004,1012.24842114,0.0,1012.24842114,1.0,-3.0,10.0632,0.0,10.0222,close_grid_long
190,28324,TIA,0.0,-0.00601344,1012.2424077000001,0.0,1012.2424077000001,1.0,3.0,10.0224,3.0,10.0224,entry_initial_normal_long
191,28356,TIA,0.12300000000000111,-0.00603804,1012.3593696600001,0.0,1012.3593696600001,1.0,-3.0,10.0634,0.0,10.0224,close_grid_long
192,28362,TIA,0.0,-0.00601296,1012.3533567000001,0.0,1012.3533567000001,1.0,3.0,10.0216,3.0,10.0216,entry_initial_normal_long
193,28363,TIA,0.17490000000000272,-0.00604794,1012.52220876,0.0,1012.52220876,1.0,-3.0,10.0799,0.0,10.0216,close_grid_long
194,28366,TIA,0.0,-0.00601326,1012.5161955,0.0,1012.5161955,1.0,3.0,10.0221,3.0,10.0221,entry_initial_normal_long
195,28391,TIA,0.12300000000000111,-0.006037860000000001,1012.63315764,0.0,1012.63315764,1.0,-3.0,10.0631,0.0,10.0221,close_grid_long
196,28392,TIA,0.0,-0.00601356,1012.62714408,0.0,1012.62714408,1.0,3.0,10.0226,3.0,10.0226,entry_initial_normal_long
197,28393,TIA,0.12299999999999578,-0.00603816,1012.74410592,0.0,1012.74410592,1.0,-3.0,10.0636,0.0,10.0226,close_grid_long
198,28397,TIA,0.0,-0.00601392,1012.738092,0.0,1012.738092,1.0,3.0,10.0232,3.0,10.0232,entry_initial_normal_long
199,28408,TIA,0.12300000000000111,-0.00603852,1012.85505348,0.0,1012.85505348,1.0,-3.0,10.0642,0.0,10.0232,close_grid_long
200,28412,TIA,0.0,-0.0060147,1012.84903878,0.0,1012.84903878,1.0,3.0,10.0245,3.0,10.0245,entry_initial_normal_long
201,28413,TIA,0.12300000000000111,-0.0060393,1012.96599948,0.0,1012.96599948,1.0,-3.0,10.0655,0.0,10.0245,close_grid_long
202,28414,TIA,0.0,-0.00601476,1012.9599847200001,0.0,1012.9599847200001,1.0,3.0,10.0246,3.0,10.0246,entry_initial_normal_long
203,29070,TIA,0.0,-0.0018324600000000002,1012.9581522600001,0.0,1012.9581522600001,1.0,1.0,9.1623,4.0,9.809025,entry_initial_partial_long
204,29535,TIA,0.16149999999999665,-0.00787952,1013.1117727400001,0.0,1013.1117727400001,1.0,-4.0,9.8494,0.0,9.809025,close_grid_long
205,29587,TIA,0.0,-0.00582174,1013.1059510000001,0.0,1013.1059510000001,1.0,3.0,9.7029,3.0,9.7029,entry_initial_normal_long
206,29816,TIA,0.0,-0.00185168,1013.1040993200002,0.0,1013.1040993200002,1.0,1.0,9.2584,4.0,9.591775,entry_initial_partial_long
207,30353,TIA,0.15809999999999746,-0.00770504,1013.2544942800001,0.0,1013.2544942800001,1.0,-4.0,9.6313,0.0,9.591775,close_grid_long
208,30367,TIA,0.0,-0.00569646,1013.2487978200002,0.0,1013.2487978200002,1.0,3.0,9.4941,3.0,9.4941,entry_initial_normal_long
209,30547,TIA,0.1164000000000005,-0.00571974,1013.3594780800001,0.0,1013.3594780800001,1.0,-3.0,9.5329,0.0,9.4941,close_grid_long
210,30571,TIA,0.0,-0.00569382,1013.3537842600001,0.0,1013.3537842600001,1.0,3.0,9.4897,3.0,9.4897,entry_initial_normal_long
211,30581,TIA,0.1164000000000005,-0.005717099999999999,1013.4644671600001,0.0,1013.4644671600001,1.0,-3.0,9.5285,0.0,9.4897,close_grid_long
212,30584,TIA,0.0,-0.0056946,1013.4587725600002,0.0,1013.4587725600002,1.0,3.0,9.491,3.0,9.491,entry_initial_normal_long
213,30648,TIA,0.1164000000000005,-0.00571788,1013.5694546800001,0.0,1013.5694546800001,1.0,-3.0,9.5298,0.0,9.491,close_grid_long
214,30650,TIA,0.0,-0.0056960399999999994,1013.5637586400002,0.0,1013.5637586400002,1.0,3.0,9.4934,3.0,9.4934,entry_initial_normal_long
215,30656,TIA,0.1164000000000005,-0.00571932,1013.6744393200001,0.0,1013.6744393200001,1.0,-3.0,9.5322,0.0,9.4934,close_grid_long
216,30661,TIA,0.0,-0.0056967,1013.6687426200001,0.0,1013.6687426200001,1.0,3.0,9.4945,3.0,9.4945,entry_initial_normal_long
217,30665,TIA,0.1164000000000005,-0.00571998,1013.7794226400001,0.0,1013.7794226400001,1.0,-3.0,9.5333,0.0,9.4945,close_grid_long
218,30667,TIA,0.0,-0.005696939999999999,1013.7737257000001,0.0,1013.7737257000001,1.0,3.0,9.4949,3.0,9.4949,entry_initial_normal_long
219,30669,TIA,0.1164000000000005,-0.00572022,1013.8844054800002,0.0,1013.8844054800002,1.0,-3.0,9.5337,0.0,9.4949,close_grid_long
220,30757,TIA,0.0,-0.00572658,1013.8786789000002,0.0,1013.8786789000002,1.0,3.0,9.5443,3.0,9.5443,entry_initial_normal_long
221,30758,TIA,0.1617000000000015,-0.005758920000000001,1014.0346199800002,0.0,1014.0346199800002,1.0,-3.0,9.5982,0.0,9.5443,close_grid_long
222,30763,TIA,0.0,-0.00572754,1014.0288924400003,0.0,1014.0288924400003,1.0,3.0,9.5459,3.0,9.5459,entry_initial_normal_long
223,30764,TIA,0.41580000000000084,-0.0058107,1014.4388817400003,0.0,1014.4388817400003,1.0,-3.0,9.6845,0.0,9.5459,close_grid_long
224,30929,TIA,0.0,-0.005768339999999999,1014.4331134000003,0.0,1014.4331134000003,1.0,3.0,9.6139,3.0,9.6139,entry_initial_normal_long
225,30930,TIA,0.11790000000000234,-0.005791920000000001,1014.5452214800002,0.0,1014.5452214800002,1.0,-3.0,9.6532,0.0,9.6139,close_grid_long
226,30953,TIA,0.0,-0.005770860000000001,1014.5394506200003,0.0,1014.5394506200003,1.0,3.0,9.6181,3.0,9.6181,entry_initial_normal_long
227,30966,TIA,0.11790000000000234,-0.0057944400000000005,1014.6515561800003,0.0,1014.6515561800003,1.0,-3.0,9.6574,0.0,9.6181,close_grid_long
228,30978,TIA,0.0,-0.005772660000000001,1014.6457835200002,0.0,1014.6457835200002,1.0,3.0,9.6211,3.0,9.6211,entry_initial_normal_long
229,31040,TIA,0.11789999999999701,-0.005796239999999999,1014.7578872800002,0.0,1014.7578872800002,1.0,-3.0,9.6604,0.0,9.6211,close_grid_long
230,31082,TIA,0.0,-0.005778180000000001,1014.7521091000002,0.0,1014.7521091000002,1.0,3.0,9.6303,3.0,9.6303,entry_initial_normal_long
231,31083,TIA,0.11820000000000164,-0.005801820000000001,1014.8645072800002,0.0,1014.8645072800002,1.0,-3.0,9.6697,0.0,9.6303,close_grid_long
232,31123,TIA,0.0,-0.005784000000000001,1014.8587232800003,0.0,1014.8587232800003,1.0,3.0,9.64,3.0,9.64,entry_initial_normal_long
233,31124,TIA,0.11819999999999631,-0.005807639999999999,1014.9711156400002,0.0,1014.9711156400002,1.0,-3.0,9.6794,0.0,9.64,close_grid_long
234,31128,TIA,0.0,-0.00578436,1014.9653312800002,0.0,1014.9653312800002,1.0,3.0,9.6406,3.0,9.6406,entry_initial_normal_long
235,31130,TIA,0.11820000000000164,-0.005808,1015.0777232800002,0.0,1015.0777232800002,1.0,-3.0,9.68,0.0,9.6406,close_grid_long
236,31132,TIA,0.0,-0.00578454,1015.0719387400002,0.0,1015.0719387400002,1.0,3.0,9.6409,3.0,9.6409,entry_initial_normal_long
237,31133,TIA,0.11850000000000094,-0.005808240000000001,1015.1846305000001,0.0,1015.1846305000001,1.0,-3.0,9.6804,0.0,9.6409,close_grid_long
238,31134,TIA,0.0,-0.00578466,1015.1788458400001,0.0,1015.1788458400001,1.0,3.0,9.6411,3.0,9.6411,entry_initial_normal_long
239,31135,TIA,0.11820000000000164,-0.0058083,1015.2912375400001,0.0,1015.2912375400001,1.0,-3.0,9.6805,0.0,9.6411,close_grid_long
240,31146,TIA,0.0,-0.00578568,1015.2854518600001,0.0,1015.2854518600001,1.0,3.0,9.6428,3.0,9.6428,entry_initial_normal_long
241,31150,TIA,0.11820000000000164,-0.00580932,1015.39784254,0.0,1015.39784254,1.0,-3.0,9.6822,0.0,9.6428,close_grid_long
242,31152,TIA,0.0,-0.0057859800000000005,1015.39205656,0.0,1015.39205656,1.0,3.0,9.6433,3.0,9.6433,entry_initial_normal_long
243,31187,TIA,0.11820000000000164,-0.005809620000000001,1015.50444694,0.0,1015.50444694,1.0,-3.0,9.6827,0.0,9.6433,close_grid_long
244,31197,TIA,0.0,-0.005787,1015.4986599399999,0.0,1015.4986599399999,1.0,3.0,9.645,3.0,9.645,entry_initial_normal_long
245,31200,TIA,0.11820000000000164,-0.005810640000000001,1015.6110492999999,0.0,1015.6110492999999,1.0,-3.0,9.6844,0.0,9.645,close_grid_long
246,31217,TIA,0.0,-0.005788440000000001,1015.6052608599999,0.0,1015.6052608599999,1.0,3.0,9.6474,3.0,9.6474,entry_initial_normal_long
247,31233,TIA,0.11820000000000164,-0.005812080000000001,1015.7176487799999,0.0,1015.7176487799999,1.0,-3.0,9.6868,0.0,9.6474,close_grid_long
248,31234,TIA,0.0,-0.00578784,1015.7118609399998,0.0,1015.7118609399998,1.0,3.0,9.6464,3.0,9.6464,entry_initial_normal_long
249,31235,TIA,0.11820000000000164,-0.005811480000000001,1015.8242494599998,0.0,1015.8242494599998,1.0,-3.0,9.6858,0.0,9.6464,close_grid_long
250,31286,TIA,0.0,-0.005795520000000001,1015.8184539399998,0.0,1015.8184539399998,1.0,3.0,9.6592,3.0,9.6592,entry_initial_normal_long
251,31293,TIA,0.11850000000000094,-0.00581922,1015.9311347199998,0.0,1015.9311347199998,1.0,-3.0,9.6987,0.0,9.6592,close_grid_long
252,31296,TIA,0.0,-0.005795880000000001,1015.9253388399998,0.0,1015.9253388399998,1.0,3.0,9.6598,3.0,9.6598,entry_initial_normal_long
253,31409,TIA,0.11849999999999561,-0.0058195799999999995,1016.0380192599997,0.0,1016.0380192599997,1.0,-3.0,9.6993,0.0,9.6598,close_grid_long
254,31410,TIA,0.0,-0.00579756,1016.0322216999997,0.0,1016.0322216999997,1.0,3.0,9.6626,3.0,9.6626,entry_initial_normal_long
255,31412,TIA,0.11850000000000094,-0.00582126,1016.1449004399997,0.0,1016.1449004399997,1.0,-3.0,9.7021,0.0,9.6626,close_grid_long
256,31415,TIA,0.0,-0.00579786,1016.1391025799996,0.0,1016.1391025799996,1.0,3.0,9.6631,3.0,9.6631,entry_initial_normal_long
257,31421,TIA,0.11850000000000094,-0.005821560000000001,1016.2517810199996,0.0,1016.2517810199996,1.0,-3.0,9.7026,0.0,9.6631,close_grid_long
258,31424,TIA,0.0,-0.005798340000000001,1016.2459826799997,0.0,1016.2459826799997,1.0,3.0,9.6639,3.0,9.6639,entry_initial_normal_long
259,31442,TIA,0.11850000000000094,-0.00582204,1016.3586606399997,0.0,1016.3586606399997,1.0,-3.0,9.7034,0.0,9.6639,close_grid_long
260,31450,TIA,0.0,-0.00579942,1016.3528612199997,0.0,1016.3528612199997,1.0,3.0,9.6657,3.0,9.6657,entry_initial_normal_long
261,31649,TIA,0.0,-0.00185722,1016.3510039999996,0.0,1016.3510039999996,1.0,1.0,9.2861,4.0,9.570799999999998,entry_initial_partial_long
262,32014,TIA,0.1576000000000093,-0.007688160000000001,1016.5009158399996,0.0,1016.5009158399996,1.0,-4.0,9.6102,0.0,9.570799999999998,close_grid_long
263,32059,TIA,0.0,-0.00575244,1016.4951633999996,0.0,1016.4951633999996,1.0,3.0,9.5874,3.0,9.5874,entry_initial_normal_long
264,32184,TIA,0.0,-0.0018557,1016.4933076999996,0.0,1016.4933076999996,1.0,1.0,9.2785,4.0,9.510175,entry_initial_partial_long
265,32663,TIA,0.15690000000000026,-0.00763952,1016.6425681799996,0.0,1016.6425681799996,1.0,-4.0,9.5494,0.0,9.510175,close_grid_long
266,32666,TIA,0.0,-0.005694060000000001,1016.6368741199996,0.0,1016.6368741199996,1.0,3.0,9.4901,3.0,9.4901,entry_initial_normal_long
267,32671,TIA,0.1164000000000005,-0.0057173400000000004,1016.7475567799995,0.0,1016.7475567799995,1.0,-3.0,9.5289,0.0,9.4901,close_grid_long
268,32673,TIA,0.0,-0.00569448,1016.7418622999995,0.0,1016.7418622999995,1.0,3.0,9.4908,3.0,9.4908,entry_initial_normal_long
269,32678,TIA,0.1164000000000005,-0.00571776,1016.8525445399995,0.0,1016.8525445399995,1.0,-3.0,9.5296,0.0,9.4908,close_grid_long
270,32719,TIA,0.0,-0.0056993400000000015,1016.8468451999995,0.0,1016.8468451999995,1.0,3.0,9.4989,3.0,9.4989,entry_initial_normal_long
271,32765,TIA,0.11639999999999517,-0.0057226199999999994,1016.9575225799995,0.0,1016.9575225799995,1.0,-3.0,9.5377,0.0,9.4989,close_grid_long
272,32809,TIA,0.0,-0.00570606,1016.9518165199995,0.0,1016.9518165199995,1.0,3.0,9.5101,3.0,9.5101,entry_initial_normal_long
273,32815,TIA,0.1166999999999998,-0.0057294,1017.0627871199995,0.0,1017.0627871199995,1.0,-3.0,9.549,0.0,9.5101,close_grid_long
274,32834,TIA,0.0,-0.00570834,1017.0570787799995,0.0,1017.0570787799995,1.0,3.0,9.5139,3.0,9.5139,entry_initial_normal_long
275,32836,TIA,0.1166999999999998,-0.00573168,1017.1680470999995,0.0,1017.1680470999995,1.0,-3.0,9.5528,0.0,9.5139,close_grid_long
276,32841,TIA,0.0,-0.005708820000000001,1017.1623382799995,0.0,1017.1623382799995,1.0,3.0,9.5147,3.0,9.5147,entry_initial_normal_long
277,32855,TIA,0.1166999999999998,-0.00573216,1017.2733061199995,0.0,1017.2733061199995,1.0,-3.0,9.5536,0.0,9.5147,close_grid_long
278,32859,TIA,0.0,-0.0057100200000000005,1017.2675960999994,0.0,1017.2675960999994,1.0,3.0,9.5167,3.0,9.5167,entry_initial_normal_long
279,32876,TIA,0.1166999999999998,-0.005733360000000001,1017.3785627399994,0.0,1017.3785627399994,1.0,-3.0,9.5556,0.0,9.5167,close_grid_long
280,33001,TIA,0.0,-0.00573252,1017.3728302199994,0.0,1017.3728302199994,1.0,3.0,9.5542,3.0,9.5542,entry_initial_normal_long
281,33003,TIA,0.1172999999999984,-0.00575598,1017.4843742399994,0.0,1017.4843742399994,1.0,-3.0,9.5933,0.0,9.5542,close_grid_long
282,33244,TIA,0.0,-0.00578244,1017.4785917999994,0.0,1017.4785917999994,1.0,3.0,9.6374,3.0,9.6374,entry_initial_normal_long
283,33253,TIA,0.0,-0.0017392,1017.4768525999995,0.0,1017.4768525999995,1.0,1.0,8.696,4.0,9.40205,entry_initial_partial_long
284,33257,TIA,0.15460000000000207,-0.00755256,1017.6239000399995,0.0,1017.6239000399995,1.0,-4.0,9.4407,0.0,9.40205,close_grid_long
285,33258,TIA,0.0,-0.00563826,1017.6182617799996,0.0,1017.6182617799996,1.0,3.0,9.3971,3.0,9.3971,entry_initial_normal_long
286,33259,TIA,0.40380000000000216,-0.005719020000000001,1018.0163427599996,0.0,1018.0163427599996,1.0,-3.0,9.5317,0.0,9.3971,close_grid_long
287,33260,TIA,0.0,-0.005713200000000001,1018.0106295599996,0.0,1018.0106295599996,1.0,3.0,9.522,3.0,9.522,entry_initial_normal_long
288,33261,TIA,0.1166999999999998,-0.00573654,1018.1215930199996,0.0,1018.1215930199996,1.0,-3.0,9.5609,0.0,9.522,close_grid_long
289,33262,TIA,0.0,-0.00574434,1018.1158486799997,0.0,1018.1158486799997,1.0,3.0,9.5739,3.0,9.5739,entry_initial_normal_long
290,33275,TIA,0.1172999999999984,-0.0057678,1018.2273808799996,0.0,1018.2273808799996,1.0,-3.0,9.613,0.0,9.5739,close_grid_long
291,33276,TIA,0.0,-0.005727240000000001,1018.2216536399995,0.0,1018.2216536399995,1.0,3.0,9.5454,3.0,9.5454,entry_initial_normal_long
292,33308,TIA,0.1169999999999991,-0.0057506400000000004,1018.3329029999995,0.0,1018.3329029999995,1.0,-3.0,9.5844,0.0,9.5454,close_grid_long
293,33519,TIA,0.0,-0.005853540000000001,1018.3270494599996,0.0,1018.3270494599996,1.0,3.0,9.7559,3.0,9.7559,entry_initial_normal_long
294,33521,TIA,0.11969999999999814,-0.00587748,1018.4408719799995,0.0,1018.4408719799995,1.0,-3.0,9.7958,0.0,9.7559,close_grid_long
295,33617,TIA,0.0,-0.0058730399999999995,1018.4349989399996,0.0,1018.4349989399996,1.0,3.0,9.7884,3.0,9.7884,entry_initial_normal_long
296,33618,TIA,0.12030000000000207,-0.005897100000000001,1018.5494018399995,0.0,1018.5494018399995,1.0,-3.0,9.8285,0.0,9.7884,close_grid_long
297,33619,TIA,0.0,-0.0058731600000000005,1018.5435286799996,0.0,1018.5435286799996,1.0,3.0,9.7886,3.0,9.7886,entry_initial_normal_long
298,33636,TIA,0.12029999999999674,-0.005897220000000001,1018.6579314599995,0.0,1018.6579314599995,1.0,-3.0,9.8287,0.0,9.7886,close_grid_long
299,33935,TIA,0.0,-0.00594144,1018.6519900199995,0.0,1018.6519900199995,1.0,3.0,9.9024,3.0,9.9024,entry_initial_normal_long
300,33951,TIA,0.12179999999999858,-0.0059658,1018.7678242199995,0.0,1018.7678242199995,1.0,-3.0,9.943,0.0,9.9024,close_grid_long
301,33965,TIA,0.0,-0.005942940000000001,1018.7618812799996,0.0,1018.7618812799996,1.0,3.0,9.9049,3.0,9.9049,entry_initial_normal_long
302,34036,TIA,0.12179999999999858,-0.0059673,1018.8777139799996,0.0,1018.8777139799996,1.0,-3.0,9.9455,0.0,9.9049,close_grid_long
303,34198,TIA,0.0,-0.0059780400000000004,1018.8717359399997,0.0,1018.8717359399997,1.0,3.0,9.9634,3.0,9.9634,entry_initial_normal_long
304,34202,TIA,0.1224000000000025,-0.006002520000000001,1018.9881334199997,0.0,1018.9881334199997,1.0,-3.0,10.0042,0.0,9.9634,close_grid_long
305,34205,TIA,0.0,-0.005978400000000001,1018.9821550199997,0.0,1018.9821550199997,1.0,3.0,9.964,3.0,9.964,entry_initial_normal_long
306,34206,TIA,0.12239999999999718,-0.00600288,1019.0985521399997,0.0,1019.0985521399997,1.0,-3.0,10.0048,0.0,9.964,close_grid_long
307,34208,TIA,0.0,-0.00597858,1019.0925735599997,0.0,1019.0925735599997,1.0,3.0,9.9643,3.0,9.9643,entry_initial_normal_long
308,34240,TIA,0.1224000000000025,-0.006003060000000001,1019.2089704999996,0.0,1019.2089704999996,1.0,-3.0,10.0051,0.0,9.9643,close_grid_long
309,34241,TIA,0.0,-0.005977380000000001,1019.2029931199996,0.0,1019.2029931199996,1.0,3.0,9.9623,3.0,9.9623,entry_initial_normal_long
310,34248,TIA,0.12239999999999718,-0.00600186,1019.3193912599996,0.0,1019.3193912599996,1.0,-3.0,10.0031,0.0,9.9623,close_grid_long
311,34249,TIA,0.0,-0.005977860000000001,1019.3134133999996,0.0,1019.3134133999996,1.0,3.0,9.9631,3.0,9.9631,entry_initial_normal_long
312,34251,TIA,0.12239999999999718,-0.00600234,1019.4298110599996,0.0,1019.4298110599996,1.0,-3.0,10.0039,0.0,9.9631,close_grid_long
313,34279,TIA,0.0,-0.0059813999999999996,1019.4238296599996,0.0,1019.4238296599996,1.0,3.0,9.969,3.0,9.969,entry_initial_normal_long
314,34280,TIA,0.1224000000000025,-0.006005880000000001,1019.5402237799996,0.0,1019.5402237799996,1.0,-3.0,10.0098,0.0,9.969,close_grid_long
315,34284,TIA,0.0,-0.0059817,1019.5342420799996,0.0,1019.5342420799996,1.0,3.0,9.9695,3.0,9.9695,entry_initial_normal_long
316,34286,TIA,0.1224000000000025,-0.006006180000000001,1019.6506358999995,0.0,1019.6506358999995,1.0,-3.0,10.0103,0.0,9.9695,close_grid_long
317,34287,TIA,0.0,-0.00598188,1019.6446540199995,0.0,1019.6446540199995,1.0,3.0,9.9698,3.0,9.9698,entry_initial_normal_long
318,34291,TIA,0.1224000000000025,-0.0060063600000000005,1019.7610476599995,0.0,1019.7610476599995,1.0,-3.0,10.0106,0.0,9.9698,close_grid_long
319,36086,TIA,0.0,-0.00716082,1019.7538868399995,0.0,1019.7538868399995,1.0,3.0,11.9347,3.0,11.9347,entry_initial_normal_long
320,36087,TIA,0.1470000000000038,-0.0071902200000000015,1019.8936966199994,0.0,1019.8936966199994,1.0,-3.0,11.9837,0.0,11.9347,close_grid_long
321,36088,TIA,0.0,-0.007161000000000001,1019.8865356199994,0.0,1019.8865356199994,1.0,3.0,11.935,3.0,11.935,entry_initial_normal_long
322,36090,TIA,0.14699999999999847,-0.0071904,1020.0263452199995,0.0,1020.0263452199995,1.0,-3.0,11.984,0.0,11.935,close_grid_long
323,36101,TIA,0.0,-0.00716262,1020.0191825999995,0.0,1020.0191825999995,1.0,3.0,11.9377,3.0,11.9377,entry_initial_normal_long
324,36102,TIA,0.1470000000000038,-0.007192020000000001,1020.1589905799995,0.0,1020.1589905799995,1.0,-3.0,11.9867,0.0,11.9377,close_grid_long
325,36103,TIA,0.0,-0.0071597399999999995,1020.1518308399994,0.0,1020.1518308399994,1.0,3.0,11.9329,3.0,11.9329,entry_initial_normal_long
326,36106,TIA,0.14699999999999847,-0.007189140000000001,1020.2916416999994,0.0,1020.2916416999994,1.0,-3.0,11.9819,0.0,11.9329,close_grid_long
327,36107,TIA,0.0,-0.0071547600000000005,1020.2844869399994,0.0,1020.2844869399994,1.0,3.0,11.9246,3.0,11.9246,entry_initial_normal_long
328,36823,TIA,0.14669999999999916,-0.0071841,1020.4240028399994,0.0,1020.4240028399994,1.0,-3.0,11.9735,0.0,11.9246,close_grid_long
329,36843,TIA,0.0,-0.0069976199999999995,1020.4170052199994,0.0,1020.4170052199994,1.0,3.0,11.6627,3.0,11.6627,entry_initial_normal_long
330,36848,TIA,0.14370000000000083,-0.00702636,1020.5536788599994,0.0,1020.5536788599994,1.0,-3.0,11.7106,0.0,11.6627,close_grid_long
331,36849,TIA,0.0,-0.0069979199999999995,1020.5466809399994,0.0,1020.5466809399994,1.0,3.0,11.6632,3.0,11.6632,entry_initial_normal_long
332,36852,TIA,0.14370000000000083,-0.00702666,1020.6833542799994,0.0,1020.6833542799994,1.0,-3.0,11.7111,0.0,11.6632,close_grid_long
333,36863,TIA,0.0,-0.006999419999999999,1020.6763548599994,0.0,1020.6763548599994,1.0,3.0,11.6657,3.0,11.6657,entry_initial_normal_long
334,36864,TIA,0.19229999999999947,-0.00703788,1020.8616169799993,0.0,1020.8616169799993,1.0,-3.0,11.7298,0.0,11.6657,close_grid_long
335,36871,TIA,0.0,-0.0070002,1020.8546167799993,0.0,1020.8546167799993,1.0,3.0,11.667,3.0,11.667,entry_initial_normal_long
336,36873,TIA,0.14370000000000083,-0.00702894,1020.9912878399994,0.0,1020.9912878399994,1.0,-3.0,11.7149,0.0,11.667,close_grid_long
337,37424,TIA,0.0,-0.007200300000000001,1020.9840875399993,0.0,1020.9840875399993,1.0,3.0,12.0005,3.0,12.0005,entry_initial_normal_long
338,37425,TIA,0.14789999999999637,-0.00722988,1021.1247576599993,0.0,1021.1247576599993,1.0,-3.0,12.0498,0.0,12.0005,close_grid_long
339,37479,TIA,0.0,-0.00720684,1021.1175508199993,0.0,1021.1175508199993,1.0,3.0,12.0114,3.0,12.0114,entry_initial_normal_long
340,37493,TIA,0.148200000000001,-0.007236480000000001,1021.2585143399994,0.0,1021.2585143399994,1.0,-3.0,12.0608,0.0,12.0114,close_grid_long
341,38939,TIA,0.0,-0.00537572,1021.2531386199994,0.0,1021.2531386199994,1.0,2.0,13.4393,2.0,13.4393,entry_initial_normal_long
342,38940,TIA,0.25500000000000256,-0.00542672,1021.5027118999994,0.0,1021.5027118999994,1.0,-2.0,13.5668,0.0,13.4393,close_grid_long
343,38952,TIA,0.0,-0.00537676,1021.4973351399994,0.0,1021.4973351399994,1.0,2.0,13.4419,2.0,13.4419,entry_initial_normal_long
344,38953,TIA,0.1097999999999999,-0.00539872,1021.6017364199995,0.0,1021.6017364199995,1.0,-2.0,13.4968,0.0,13.4419,close_grid_long
345,39163,TIA,0.0,-0.00540368,1021.5963327399995,0.0,1021.5963327399995,1.0,2.0,13.5092,2.0,13.5092,entry_initial_normal_long
346,39166,TIA,0.1103999999999985,-0.00542576,1021.7013069799996,0.0,1021.7013069799996,1.0,-2.0,13.5644,0.0,13.5092,close_grid_long
347,39167,TIA,0.0,-0.00540392,1021.6959030599995,0.0,1021.6959030599995,1.0,2.0,13.5098,2.0,13.5098,entry_initial_normal_long
348,39174,TIA,0.1103999999999985,-0.005426,1021.8008770599995,0.0,1021.8008770599995,1.0,-2.0,13.565,0.0,13.5098,close_grid_long
349,39187,TIA,0.0,-0.0054049200000000006,1021.7954721399994,0.0,1021.7954721399994,1.0,2.0,13.5123,2.0,13.5123,entry_initial_normal_long
350,39190,TIA,0.11040000000000205,-0.005427,1021.9004451399994,0.0,1021.9004451399994,1.0,-2.0,13.5675,0.0,13.5123,close_grid_long
351,39200,TIA,0.0,-0.00540576,1021.8950393799994,0.0,1021.8950393799994,1.0,2.0,13.5144,2.0,13.5144,entry_initial_normal_long
352,39227,TIA,0.1103999999999985,-0.00542784,1022.0000115399994,0.0,1022.0000115399994,1.0,-2.0,13.5696,0.0,13.5144,close_grid_long
353,39234,TIA,0.0,-0.0054068399999999996,1021.9946046999994,0.0,1021.9946046999994,1.0,2.0,13.5171,2.0,13.5171,entry_initial_normal_long
354,39245,TIA,0.11040000000000205,-0.00542892,1022.0995757799994,0.0,1022.0995757799994,1.0,-2.0,13.5723,0.0,13.5171,close_grid_long
355,39366,TIA,0.0,-0.00542196,1022.0941538199994,0.0,1022.0941538199994,1.0,2.0,13.5549,2.0,13.5549,entry_initial_normal_long
356,39371,TIA,0.11080000000000112,-0.00544412,1022.1995096999995,0.0,1022.1995096999995,1.0,-2.0,13.6103,0.0,13.5549,close_grid_long
357,39506,TIA,0.0,-0.00543712,1022.1940725799994,0.0,1022.1940725799994,1.0,2.0,13.5928,2.0,13.5928,entry_initial_normal_long
358,39507,TIA,0.11100000000000065,-0.00545932,1022.2996132599994,0.0,1022.2996132599994,1.0,-2.0,13.6483,0.0,13.5928,close_grid_long
359,39518,TIA,0.0,-0.00543812,1022.2941751399994,0.0,1022.2941751399994,1.0,2.0,13.5953,2.0,13.5953,entry_initial_normal_long
360,39520,TIA,0.11100000000000065,-0.00546032,1022.3997148199994,0.0,1022.3997148199994,1.0,-2.0,13.6508,0.0,13.5953,close_grid_long
361,39525,TIA,0.0,-0.00543856,1022.3942762599994,0.0,1022.3942762599994,1.0,2.0,13.5964,2.0,13.5964,entry_initial_normal_long
362,39693,TIA,0.0,-0.0026131600000000002,1022.3916630999994,0.0,1022.3916630999994,1.0,1.0,13.0658,3.0,13.41953333333333,entry_initial_partial_long
363,39817,TIA,0.16580000000000972,-0.008084880000000001,1022.5493782199994,0.0,1022.5493782199994,1.0,-3.0,13.4748,0.0,13.41953333333333,close_grid_long
364,39818,TIA,0.0,-0.005383440000000001,1022.5439947799995,0.0,1022.5439947799995,1.0,2.0,13.4586,2.0,13.4586,entry_initial_normal_long
365,39819,TIA,0.10999999999999943,-0.00540544,1022.6485893399995,0.0,1022.6485893399995,1.0,-2.0,13.5136,0.0,13.4586,close_grid_long
366,39820,TIA,0.0,-0.005357000000000001,1022.6432323399995,0.0,1022.6432323399995,1.0,2.0,13.3925,2.0,13.3925,entry_initial_normal_long
367,39822,TIA,0.1092000000000013,-0.00537884,1022.7470534999995,0.0,1022.7470534999995,1.0,-2.0,13.4471,0.0,13.3925,close_grid_long
368,39823,TIA,0.0,-0.00538424,1022.7416692599995,0.0,1022.7416692599995,1.0,2.0,13.4606,2.0,13.4606,entry_initial_normal_long
369,39828,TIA,0.10999999999999943,-0.00540624,1022.8462630199995,0.0,1022.8462630199995,1.0,-2.0,13.5156,0.0,13.4606,close_grid_long
370,39829,TIA,0.0,-0.0054116400000000005,1022.8408513799994,0.0,1022.8408513799994,1.0,2.0,13.5291,2.0,13.5291,entry_initial_normal_long
371,39830,TIA,0.11060000000000159,-0.00543376,1022.9460176199995,0.0,1022.9460176199995,1.0,-2.0,13.5844,0.0,13.5291,close_grid_long
372,39831,TIA,0.0,-0.00540432,1022.9406132999994,0.0,1022.9406132999994,1.0,2.0,13.5108,2.0,13.5108,entry_initial_normal_long
373,39832,TIA,0.11040000000000205,-0.0054264000000000005,1023.0455868999994,0.0,1023.0455868999994,1.0,-2.0,13.566,0.0,13.5108,close_grid_long
374,39834,TIA,0.0,-0.00541188,1023.0401750199994,0.0,1023.0401750199994,1.0,2.0,13.5297,2.0,13.5297,entry_initial_normal_long
375,39836,TIA,0.11060000000000159,-0.0054340000000000005,1023.1453410199995,0.0,1023.1453410199995,1.0,-2.0,13.585,0.0,13.5297,close_grid_long
376,39837,TIA,0.0,-0.00541112,1023.1399298999995,0.0,1023.1399298999995,1.0,2.0,13.5278,2.0,13.5278,entry_initial_normal_long
377,39845,TIA,0.11060000000000159,-0.005433240000000001,1023.2450966599995,0.0,1023.2450966599995,1.0,-2.0,13.5831,0.0,13.5278,close_grid_long
378,39871,TIA,0.0,-0.00541496,1023.2396816999994,0.0,1023.2396816999994,1.0,2.0,13.5374,2.0,13.5374,entry_initial_normal_long
379,39882,TIA,0.11060000000000159,-0.00543708,1023.3448446199994,0.0,1023.3448446199994,1.0,-2.0,13.5927,0.0,13.5374,close_grid_long
380,39884,TIA,0.0,-0.00541556,1023.3394290599995,0.0,1023.3394290599995,1.0,2.0,13.5389,2.0,13.5389,entry_initial_normal_long
381,39885,TIA,0.11060000000000159,-0.00543768,1023.4445913799995,0.0,1023.4445913799995,1.0,-2.0,13.5942,0.0,13.5389,close_grid_long
382,39888,TIA,0.0,-0.0054158,1023.4391755799994,0.0,1023.4391755799994,1.0,2.0,13.5395,2.0,13.5395,entry_initial_normal_long
383,39913,TIA,0.11059999999999803,-0.00543792,1023.5443376599994,0.0,1023.5443376599994,1.0,-2.0,13.5948,0.0,13.5395,close_grid_long
384,39915,TIA,0.0,-0.005416,1023.5389216599995,0.0,1023.5389216599995,1.0,2.0,13.54,2.0,13.54,entry_initial_normal_long
385,39978,TIA,0.11060000000000159,-0.00543812,1023.6440835399994,0.0,1023.6440835399994,1.0,-2.0,13.5953,0.0,13.54,close_grid_long
386,40229,TIA,0.0,-0.005491080000000001,1023.6385924599995,0.0,1023.6385924599995,1.0,2.0,13.7277,2.0,13.7277,entry_initial_normal_long
387,40230,TIA,0.11219999999999786,-0.00551352,1023.7452789399995,0.0,1023.7452789399995,1.0,-2.0,13.7838,0.0,13.7277,close_grid_long
388,40255,TIA,0.0,-0.005494,1023.7397849399995,0.0,1023.7397849399995,1.0,2.0,13.735,2.0,13.735,entry_initial_normal_long
389,40256,TIA,0.11220000000000141,-0.00551644,1023.8464684999994,0.0,1023.8464684999994,1.0,-2.0,13.7911,0.0,13.735,close_grid_long
390,40257,TIA,0.0,-0.00549408,1023.8409744199995,0.0,1023.8409744199995,1.0,2.0,13.7352,2.0,13.7352,entry_initial_normal_long
391,40295,TIA,0.0,-0.0026188,1023.8383556199994,0.0,1023.8383556199994,1.0,1.0,13.094,3.0,13.521466666666667,entry_initial_partial_long
392,40509,TIA,0.16719999999999757,-0.00814632,1023.9974092999994,0.0,1023.9974092999994,1.0,-3.0,13.5772,0.0,13.521466666666667,close_grid_long
393,40510,TIA,0.0,-0.0054144,1023.9919948999994,0.0,1023.9919948999994,1.0,2.0,13.536,2.0,13.536,entry_initial_normal_long
394,40530,TIA,0.11060000000000159,-0.00543652,1024.0971583799994,0.0,1024.0971583799994,1.0,-2.0,13.5913,0.0,13.536,close_grid_long
395,40531,TIA,0.0,-0.00544148,1024.0917168999995,0.0,1024.0917168999995,1.0,2.0,13.6037,2.0,13.6037,entry_initial_normal_long
396,40554,TIA,0.11120000000000019,-0.00546372,1024.1974531799995,0.0,1024.1974531799995,1.0,-2.0,13.6593,0.0,13.6037,close_grid_long
397,40555,TIA,0.0,-0.005455400000000001,1024.1919977799994,0.0,1024.1919977799994,1.0,2.0,13.6385,2.0,13.6385,entry_initial_normal_long
398,40715,TIA,0.11139999999999972,-0.00547768,1024.2979200999994,0.0,1024.2979200999994,1.0,-2.0,13.6942,0.0,13.6385,close_grid_long
399,40716,TIA,0.0,-0.00545124,1024.2924688599994,0.0,1024.2924688599994,1.0,2.0,13.6281,2.0,13.6281,entry_initial_normal_long
400,40717,TIA,0.14300000000000068,-0.005479840000000001,1024.4299890199993,0.0,1024.4299890199993,1.0,-2.0,13.6996,0.0,13.6281,close_grid_long
401,40748,TIA,0.0,-0.005454280000000001,1024.4245347399992,0.0,1024.4245347399992,1.0,2.0,13.6357,2.0,13.6357,entry_initial_normal_long
402,40755,TIA,0.11139999999999972,-0.00547656,1024.5304581799992,0.0,1024.5304581799992,1.0,-2.0,13.6914,0.0,13.6357,close_grid_long
403,40756,TIA,0.0,-0.00545464,1024.5250035399993,0.0,1024.5250035399993,1.0,2.0,13.6366,2.0,13.6366,entry_initial_normal_long
404,40807,TIA,0.11139999999999972,-0.00547692,1024.6309266199992,0.0,1024.6309266199992,1.0,-2.0,13.6923,0.0,13.6366,close_grid_long
405,40837,TIA,0.0,-0.005456880000000001,1024.625469739999,0.0,1024.625469739999,1.0,2.0,13.6422,2.0,13.6422,entry_initial_normal_long
406,40841,TIA,0.11139999999999972,-0.00547916,1024.731390579999,0.0,1024.731390579999,1.0,-2.0,13.6979,0.0,13.6422,close_grid_long
407,40847,TIA,0.0,-0.005457480000000001,1024.725933099999,0.0,1024.725933099999,1.0,2.0,13.6437,2.0,13.6437,entry_initial_normal_long
408,40850,TIA,0.11139999999999972,-0.00547976,1024.831853339999,0.0,1024.831853339999,1.0,-2.0,13.6994,0.0,13.6437,close_grid_long
409,40856,TIA,0.0,-0.005458,1024.826395339999,0.0,1024.826395339999,1.0,2.0,13.645,2.0,13.645,entry_initial_normal_long
410,40858,TIA,0.11139999999999972,-0.00548028,1024.932315059999,0.0,1024.932315059999,1.0,-2.0,13.7007,0.0,13.645,close_grid_long
411,40859,TIA,0.0,-0.00545812,1024.926856939999,0.0,1024.926856939999,1.0,2.0,13.6453,2.0,13.6453,entry_initial_normal_long
412,40860,TIA,0.11139999999999972,-0.005480400000000001,1025.032776539999,0.0,1025.032776539999,1.0,-2.0,13.701,0.0,13.6453,close_grid_long
413,40942,TIA,0.0,-0.00547016,1025.0273063799991,0.0,1025.0273063799991,1.0,2.0,13.6754,2.0,13.6754,entry_initial_normal_long
414,40953,TIA,0.11179999999999879,-0.00549252,1025.133613859999,0.0,1025.133613859999,1.0,-2.0,13.7313,0.0,13.6754,close_grid_long
415,41117,TIA,0.0,-0.00548616,1025.1281276999991,0.0,1025.1281276999991,1.0,2.0,13.7154,2.0,13.7154,entry_initial_normal_long
416,41162,TIA,0.11199999999999832,-0.00550856,1025.234619139999,0.0,1025.234619139999,1.0,-2.0,13.7714,0.0,13.7154,close_grid_long
417,41167,TIA,0.0,-0.005486800000000001,1025.229132339999,0.0,1025.229132339999,1.0,2.0,13.717,2.0,13.717,entry_initial_normal_long
418,41176,TIA,0.11199999999999832,-0.0055092000000000006,1025.3356231399991,0.0,1025.3356231399991,1.0,-2.0,13.773,0.0,13.717,close_grid_long
419,41414,TIA,0.0,-0.00554752,1025.3300756199992,0.0,1025.3300756199992,1.0,2.0,13.8688,2.0,13.8688,entry_initial_normal_long
420,41417,TIA,0.11319999999999908,-0.00557016,1025.4377054599993,0.0,1025.4377054599993,1.0,-2.0,13.9254,0.0,13.8688,close_grid_long
421,41422,TIA,0.0,-0.005548,1025.4321574599992,0.0,1025.4321574599992,1.0,2.0,13.87,2.0,13.87,entry_initial_normal_long
422,41511,TIA,0.0,-0.0026217600000000003,1025.4295356999992,0.0,1025.4295356999992,1.0,1.0,13.1088,3.0,13.616266666666666,entry_initial_partial_long
423,42324,TIA,0.1684000000000001,-0.008203440000000001,1025.5897322599992,0.0,1025.5897322599992,1.0,-3.0,13.6724,0.0,13.616266666666666,close_grid_long
424,42490,TIA,0.0,-0.00540188,1025.5843303799993,0.0,1025.5843303799993,1.0,2.0,13.5047,2.0,13.5047,entry_initial_normal_long
425,42491,TIA,0.13240000000000052,-0.00542836,1025.7113020199993,0.0,1025.7113020199993,1.0,-2.0,13.5709,0.0,13.5047,close_grid_long
426,42579,TIA,0.0,-0.00541752,1025.7058844999992,0.0,1025.7058844999992,1.0,2.0,13.5438,2.0,13.5438,entry_initial_normal_long
427,42587,TIA,0.11060000000000159,-0.00543964,1025.8110448599991,0.0,1025.8110448599991,1.0,-2.0,13.5991,0.0,13.5438,close_grid_long
428,42616,TIA,0.0,-0.00542204,1025.8056228199991,0.0,1025.8056228199991,1.0,2.0,13.5551,2.0,13.5551,entry_initial_normal_long
429,42789,TIA,0.11080000000000112,-0.005444200000000001,1025.9109786199992,0.0,1025.9109786199992,1.0,-2.0,13.6105,0.0,13.5551,close_grid_long
430,42811,TIA,0.0,-0.0054150000000000005,1025.9055636199992,0.0,1025.9055636199992,1.0,2.0,13.5375,2.0,13.5375,entry_initial_normal_long
431,42844,TIA,0.0,-0.0026249800000000003,1025.902938639999,0.0,1025.902938639999,1.0,1.0,13.1249,3.0,13.399966666666664,entry_initial_partial_long
432,43832,TIA,0.0,-0.00660744,1025.8963311999992,0.0,1025.8963311999992,1.0,3.0,11.0124,6.0,12.206183333333332,entry_grid_normal_long
433,44063,TIA,0.3085000000000093,-0.014709120000000003,1026.1901220799991,0.0,1026.1901220799991,1.0,-6.0,12.2576,0.0,12.206183333333332,close_grid_long
434,44064,TIA,0.0,-0.007363560000000002,1026.1827585199992,0.0,1026.1827585199992,1.0,3.0,12.2726,3.0,12.2726,entry_initial_normal_long
435,44068,TIA,0.15119999999999933,-0.007393800000000001,1026.3265647199992,0.0,1026.3265647199992,1.0,-3.0,12.323,0.0,12.2726,close_grid_long
436,44069,TIA,0.0,-0.007374240000000001,1026.3191904799992,0.0,1026.3191904799992,1.0,3.0,12.2904,3.0,12.2904,entry_initial_normal_long
437,44071,TIA,0.15149999999999864,-0.00740454,1026.4632859399992,0.0,1026.4632859399992,1.0,-3.0,12.3409,0.0,12.2904,close_grid_long
438,44101,TIA,0.0,-0.00738018,1026.4559057599993,0.0,1026.4559057599993,1.0,3.0,12.3003,3.0,12.3003,entry_initial_normal_long
439,44450,TIA,0.15179999999999794,-0.007410540000000001,1026.6002952199992,0.0,1026.6002952199992,1.0,-3.0,12.3509,0.0,12.3003,close_grid_long
440,45355,TIA,0.0,-0.007683000000000001,1026.5926122199992,0.0,1026.5926122199992,1.0,3.0,12.805,3.0,12.805,entry_initial_normal_long
441,45357,TIA,0.15809999999999924,-0.007714619999999999,1026.7429975999992,0.0,1026.7429975999992,1.0,-3.0,12.8577,0.0,12.805,close_grid_long
442,45378,TIA,0.0,-0.0076850400000000015,1026.735312559999,0.0,1026.735312559999,1.0,3.0,12.8084,3.0,12.8084,entry_initial_normal_long
443,46594,TIA,0.15809999999999924,-0.007716660000000001,1026.885695899999,0.0,1026.885695899999,1.0,-3.0,12.8611,0.0,12.8084,close_grid_long
444,47395,TIA,0.0,-0.007722360000000001,1026.8779735399992,0.0,1026.8779735399992,1.0,3.0,12.8706,3.0,12.8706,entry_initial_normal_long
445,47398,TIA,0.15870000000000317,-0.0077541,1027.028919439999,0.0,1027.028919439999,1.0,-3.0,12.9235,0.0,12.8706,close_grid_long
446,47399,TIA,0.0,-0.0077226000000000005,1027.021196839999,0.0,1027.021196839999,1.0,3.0,12.871,3.0,12.871,entry_initial_normal_long
447,47402,TIA,0.15869999999999784,-0.007754339999999999,1027.172142499999,0.0,1027.172142499999,1.0,-3.0,12.9239,0.0,12.871,close_grid_long
448,47405,TIA,0.0,-0.00772302,1027.164419479999,0.0,1027.164419479999,1.0,3.0,12.8717,3.0,12.8717,entry_initial_normal_long
449,47407,TIA,0.15869999999999784,-0.00775476,1027.315364719999,0.0,1027.315364719999,1.0,-3.0,12.9246,0.0,12.8717,close_grid_long
450,47528,TIA,0.0,-0.007746780000000002,1027.307617939999,0.0,1027.307617939999,1.0,3.0,12.9113,3.0,12.9113,entry_initial_normal_long
451,48748,TIA,0.15929999999999644,-0.007778640000000001,1027.4591392999992,0.0,1027.4591392999992,1.0,-3.0,12.9644,0.0,12.9113,close_grid_long
452,48801,TIA,0.0,-0.00762042,1027.4515188799992,0.0,1027.4515188799992,1.0,3.0,12.7007,3.0,12.7007,entry_initial_normal_long
453,48803,TIA,0.15690000000000204,-0.0076518,1027.6007670799993,0.0,1027.6007670799993,1.0,-3.0,12.753,0.0,12.7007,close_grid_long
454,48806,TIA,0.0,-0.0076209599999999995,1027.5931461199993,0.0,1027.5931461199993,1.0,3.0,12.7016,3.0,12.7016,entry_initial_normal_long
455,48810,TIA,0.15690000000000204,-0.00765234,1027.7423937799992,0.0,1027.7423937799992,1.0,-3.0,12.7539,0.0,12.7016,close_grid_long
456,49109,TIA,0.0,-0.007688460000000001,1027.7347053199992,0.0,1027.7347053199992,1.0,3.0,12.8141,3.0,12.8141,entry_initial_normal_long
457,49110,TIA,0.15809999999999924,-0.007720080000000001,1027.8850852399992,0.0,1027.8850852399992,1.0,-3.0,12.8668,0.0,12.8141,close_grid_long
458,49112,TIA,0.0,-0.007688700000000001,1027.8773965399992,0.0,1027.8773965399992,1.0,3.0,12.8145,3.0,12.8145,entry_initial_normal_long
459,49114,TIA,0.15809999999999924,-0.007720320000000001,1028.0277762199992,0.0,1028.0277762199992,1.0,-3.0,12.8672,0.0,12.8145,close_grid_long
460,49132,TIA,0.0,-0.00769086,1028.0200853599993,0.0,1028.0200853599993,1.0,3.0,12.8181,3.0,12.8181,entry_initial_normal_long
461,52003,TIA,0.15809999999999924,-0.0077224799999999994,1028.1704628799991,0.0,1028.1704628799991,1.0,-3.0,12.8708,0.0,12.8181,close_grid_long
462,53323,TIA,0.0,-0.00549192,1028.1649709599992,0.0,1028.1649709599992,1.0,2.0,13.7298,2.0,13.7298,entry_initial_normal_long
463,53326,TIA,0.11220000000000141,-0.00551436,1028.2716565999992,0.0,1028.2716565999992,1.0,-2.0,13.7859,0.0,13.7298,close_grid_long
464,53328,TIA,0.0,-0.00549216,1028.2661644399993,0.0,1028.2661644399993,1.0,2.0,13.7304,2.0,13.7304,entry_initial_normal_long
465,53339,TIA,0.11220000000000141,-0.005514600000000001,1028.3728498399994,0.0,1028.3728498399994,1.0,-2.0,13.7865,0.0,13.7304,close_grid_long
466,53433,TIA,0.0,-0.00550588,1028.3673439599993,0.0,1028.3673439599993,1.0,2.0,13.7647,2.0,13.7647,entry_initial_normal_long
467,53439,TIA,0.11240000000000094,-0.00552836,1028.4742155999993,0.0,1028.4742155999993,1.0,-2.0,13.8209,0.0,13.7647,close_grid_long
468,53441,TIA,0.0,-0.0055062800000000005,1028.4687093199993,0.0,1028.4687093199993,1.0,2.0,13.7657,2.0,13.7657,entry_initial_normal_long
469,53450,TIA,0.11239999999999739,-0.00552876,1028.5755805599993,0.0,1028.5755805599993,1.0,-2.0,13.8219,0.0,13.7657,close_grid_long
470,53491,TIA,0.0,-0.00551088,1028.5700696799993,0.0,1028.5700696799993,1.0,2.0,13.7772,2.0,13.7772,entry_initial_normal_long
471,53516,TIA,0.11260000000000048,-0.005533400000000001,1028.6771362799993,0.0,1028.6771362799993,1.0,-2.0,13.8335,0.0,13.7772,close_grid_long
472,53528,TIA,0.0,-0.0055125600000000005,1028.6716237199994,0.0,1028.6716237199994,1.0,2.0,13.7814,2.0,13.7814,entry_initial_normal_long
473,53532,TIA,0.11260000000000048,-0.00553508,1028.7786886399995,0.0,1028.7786886399995,1.0,-2.0,13.8377,0.0,13.7814,close_grid_long
474,53538,TIA,0.0,-0.00551312,1028.7731755199995,0.0,1028.7731755199995,1.0,2.0,13.7828,2.0,13.7828,entry_initial_normal_long
475,53546,TIA,0.11260000000000048,-0.0055356400000000005,1028.8802398799996,0.0,1028.8802398799996,1.0,-2.0,13.8391,0.0,13.7828,close_grid_long
476,53568,TIA,0.0,-0.005515,1028.8747248799996,0.0,1028.8747248799996,1.0,2.0,13.7875,2.0,13.7875,entry_initial_normal_long
477,53569,TIA,0.11260000000000048,-0.005537520000000001,1028.9817873599995,0.0,1028.9817873599995,1.0,-2.0,13.8438,0.0,13.7875,close_grid_long
478,53574,TIA,0.0,-0.00551532,1028.9762720399995,0.0,1028.9762720399995,1.0,2.0,13.7883,2.0,13.7883,entry_initial_normal_long
479,53580,TIA,0.11260000000000048,-0.0055378400000000005,1029.0833341999994,0.0,1029.0833341999994,1.0,-2.0,13.8446,0.0,13.7883,close_grid_long
480,53812,TIA,0.0,-0.00555408,1029.0777801199995,0.0,1029.0777801199995,1.0,2.0,13.8852,2.0,13.8852,entry_initial_normal_long
481,53813,TIA,0.11340000000000217,-0.00557676,1029.1856033599995,0.0,1029.1856033599995,1.0,-2.0,13.9419,0.0,13.8852,close_grid_long
482,53815,TIA,0.0,-0.00555424,1029.1800491199995,0.0,1029.1800491199995,1.0,2.0,13.8856,2.0,13.8856,entry_initial_normal_long
483,53821,TIA,0.11339999999999861,-0.00557692,1029.2878721999994,0.0,1029.2878721999994,1.0,-2.0,13.9423,0.0,13.8856,close_grid_long
484,54141,TIA,0.0,-0.00562084,1029.2822513599995,0.0,1029.2822513599995,1.0,2.0,14.0521,2.0,14.0521,entry_initial_normal_long
485,54142,TIA,0.11480000000000246,-0.005643800000000001,1029.3914075599994,0.0,1029.3914075599994,1.0,-2.0,14.1095,0.0,14.0521,close_grid_long
486,54257,TIA,0.0,-0.00563668,1029.3857708799994,0.0,1029.3857708799994,1.0,2.0,14.0917,2.0,14.0917,entry_initial_normal_long
487,54259,TIA,0.11500000000000199,-0.00565968,1029.4951111999994,0.0,1029.4951111999994,1.0,-2.0,14.1492,0.0,14.0917,close_grid_long
488,54261,TIA,0.0,-0.00563692,1029.4894742799995,0.0,1029.4894742799995,1.0,2.0,14.0923,2.0,14.0923,entry_initial_normal_long
489,55083,TIA,0.0,-0.0026353600000000002,1029.4868389199994,0.0,1029.4868389199994,1.0,1.0,13.1768,3.0,13.787133333333331,entry_initial_partial_long
490,58483,TIA,0.0,-0.00703158,1029.4798073399993,0.0,1029.4798073399993,1.0,3.0,11.7193,6.0,12.753216666666667,entry_grid_normal_long
491,59920,TIA,0.3227000000000011,-0.0153684,1029.7871389399993,0.0,1029.7871389399993,1.0,-6.0,12.807,0.0,12.753216666666667,close_grid_long
492,59981,TIA,0.0,-0.0073602599999999995,1029.7797786799993,0.0,1029.7797786799993,1.0,3.0,12.2671,3.0,12.2671,entry_initial_normal_long
493,60215,TIA,0.15120000000000466,-0.0073905,1029.9235881799993,0.0,1029.9235881799993,1.0,-3.0,12.3175,0.0,12.2671,close_grid_long
494,60270,TIA,0.0,-0.0073576200000000005,1029.9162305599993,0.0,1029.9162305599993,1.0,3.0,12.2627,3.0,12.2627,entry_initial_normal_long
495,60291,TIA,0.15119999999999933,-0.007387860000000001,1030.0600426999993,0.0,1030.0600426999993,1.0,-3.0,12.3131,0.0,12.2627,close_grid_long
496,60348,TIA,0.0,-0.00736518,1030.0526775199992,0.0,1030.0526775199992,1.0,3.0,12.2753,3.0,12.2753,entry_initial_normal_long
497,60453,TIA,0.15149999999999864,-0.007395479999999999,1030.196782039999,0.0,1030.196782039999,1.0,-3.0,12.3258,0.0,12.2753,close_grid_long
498,60635,TIA,0.0,-0.007402799999999999,1030.1893792399992,0.0,1030.1893792399992,1.0,3.0,12.338,3.0,12.338,entry_initial_normal_long
499,62273,TIA,0.15210000000000257,-0.007433220000000001,1030.3340460199993,0.0,1030.3340460199993,1.0,-3.0,12.3887,0.0,12.338,close_grid_long
500,62692,TIA,0.0,-0.00735786,1030.3266881599993,0.0,1030.3266881599993,1.0,3.0,12.2631,3.0,12.2631,entry_initial_normal_long
501,62716,TIA,0.15119999999999933,-0.007388100000000001,1030.4705000599993,0.0,1030.4705000599993,1.0,-3.0,12.3135,0.0,12.2631,close_grid_long
502,62882,TIA,0.0,-0.0073831800000000005,1030.4631168799992,0.0,1030.4631168799992,1.0,3.0,12.3053,3.0,12.3053,entry_initial_normal_long
503,62895,TIA,0.15179999999999794,-0.007413540000000001,1030.6075033399993,0.0,1030.6075033399993,1.0,-3.0,12.3559,0.0,12.3053,close_grid_long
504,62938,TIA,0.0,-0.007387800000000001,1030.6001155399993,0.0,1030.6001155399993,1.0,3.0,12.313,3.0,12.313,entry_initial_normal_long
505,62989,TIA,0.15179999999999794,-0.007418160000000001,1030.7444973799993,0.0,1030.7444973799993,1.0,-3.0,12.3636,0.0,12.313,close_grid_long
506,62991,TIA,0.0,-0.00738984,1030.7371075399992,0.0,1030.7371075399992,1.0,3.0,12.3164,3.0,12.3164,entry_initial_normal_long
507,62996,TIA,0.15180000000000327,-0.0074202,1030.8814873399992,0.0,1030.8814873399992,1.0,-3.0,12.367,0.0,12.3164,close_grid_long
508,63008,TIA,0.0,-0.007391280000000001,1030.8740960599991,0.0,1030.8740960599991,1.0,3.0,12.3188,3.0,12.3188,entry_initial_normal_long
509,64144,TIA,0.15180000000000327,-0.007421640000000001,1031.0184744199992,0.0,1031.0184744199992,1.0,-3.0,12.3694,0.0,12.3188,close_grid_long
510,64240,TIA,0.0,-0.00733032,1031.0111440999992,0.0,1031.0111440999992,1.0,3.0,12.2172,3.0,12.2172,entry_initial_normal_long
511,64281,TIA,0.15060000000000073,-0.00736044,1031.1543836599992,0.0,1031.1543836599992,1.0,-3.0,12.2674,0.0,12.2172,close_grid_long
512,65668,TIA,0.0,-0.00534004,1031.1490436199992,0.0,1031.1490436199992,1.0,2.0,13.3501,2.0,13.3501,entry_initial_normal_long
513,65669,TIA,0.10900000000000176,-0.0053618400000000005,1031.2526817799992,0.0,1031.2526817799992,1.0,-2.0,13.4046,0.0,13.3501,close_grid_long
514,65671,TIA,0.0,-0.0053402400000000004,1031.2473415399993,0.0,1031.2473415399993,1.0,2.0,13.3506,2.0,13.3506,entry_initial_normal_long
515,65717,TIA,0.0,-0.00262108,1031.2447204599994,0.0,1031.2447204599994,1.0,1.0,13.1054,3.0,13.268866666666666,entry_initial_partial_long
516,66968,TIA,0.0,-0.0068997,1031.2378207599993,0.0,1031.2378207599993,1.0,3.0,11.4995,6.0,12.384183333333333,entry_grid_normal_long
517,66968,TIA,0.0,-0.00842944,1031.2293913199992,0.0,1031.2293913199992,1.0,4.0,10.5368,10.0,11.645229999999998,entry_grid_normal_long
518,66969,TIA,0.0,-0.01355606,1031.2158352599993,0.0,1031.2158352599993,1.0,7.0,9.6829,17.0,10.83721176470588,entry_grid_normal_long
519,66970,TIA,0.8311000000000401,-0.03701274,1032.0099225199992,0.0,1032.0099225199992,1.0,-17.0,10.8861,0.0,10.83721176470588,close_grid_long
520,66971,TIA,0.0,-0.00571848,1032.0042040399992,0.0,1032.0042040399992,1.0,3.0,9.5308,3.0,9.5308,entry_initial_normal_long
521,66972,TIA,2.073000000000002,-0.00613308,1034.0710709599991,0.0,1034.0710709599991,1.0,-3.0,10.2218,0.0,9.5308,close_grid_long
522,66973,TIA,0.0,-0.00632484,1034.0647461199992,0.0,1034.0647461199992,1.0,3.0,10.5414,3.0,10.5414,entry_initial_normal_long
523,66974,TIA,0.3942000000000032,-0.00640368,1034.4525424399992,0.0,1034.4525424399992,1.0,-3.0,10.6728,0.0,10.5414,close_grid_long
524,66975,TIA,0.0,-0.00651648,1034.4460259599991,0.0,1034.4460259599991,1.0,3.0,10.8608,3.0,10.8608,entry_initial_normal_long
525,66976,TIA,0.47550000000000026,-0.00661158,1034.9149143799991,0.0,1034.9149143799991,1.0,-3.0,11.0193,0.0,10.8608,close_grid_long
526,66977,TIA,0.0,-0.006791460000000001,1034.9081229199992,0.0,1034.9081229199992,1.0,3.0,11.3191,3.0,11.3191,entry_initial_normal_long
527,66978,TIA,0.13920000000000066,-0.006819300000000001,1035.0405036199993,0.0,1035.0405036199993,1.0,-3.0,11.3655,0.0,11.3191,close_grid_long
528,66979,TIA,0.0,-0.00685146,1035.0336521599993,0.0,1035.0336521599993,1.0,3.0,11.4191,3.0,11.4191,entry_initial_normal_long
529,66981,TIA,0.14039999999999786,-0.006879540000000001,1035.1671726199993,0.0,1035.1671726199993,1.0,-3.0,11.4659,0.0,11.4191,close_grid_long
530,66982,TIA,0.0,-0.00688512,1035.1602874999992,0.0,1035.1602874999992,1.0,3.0,11.4752,3.0,11.4752,entry_initial_normal_long
531,66983,TIA,0.1413000000000011,-0.006913379999999999,1035.2946741199992,0.0,1035.2946741199992,1.0,-3.0,11.5223,0.0,11.4752,close_grid_long
532,66984,TIA,0.0,-0.007048560000000001,1035.2876255599992,0.0,1035.2876255599992,1.0,3.0,11.7476,3.0,11.7476,entry_initial_normal_long
533,66985,TIA,0.6404999999999994,-0.00717666,1035.9209488999993,0.0,1035.9209488999993,1.0,-3.0,11.9611,0.0,11.7476,close_grid_long
534,66986,TIA,0.0,-0.007082280000000001,1035.9138666199992,0.0,1035.9138666199992,1.0,3.0,11.8038,3.0,11.8038,entry_initial_normal_long
535,66989,TIA,0.14549999999999663,-0.0071113800000000005,1036.052255239999,0.0,1036.052255239999,1.0,-3.0,11.8523,0.0,11.8038,close_grid_long
536,66990,TIA,0.0,-0.00711246,1036.0451427799992,0.0,1036.0451427799992,1.0,3.0,11.8541,3.0,11.8541,entry_initial_normal_long
537,66997,TIA,0.14609999999999523,-0.00714168,1036.1841010999992,0.0,1036.1841010999992,1.0,-3.0,11.9028,0.0,11.8541,close_grid_long
538,66998,TIA,0.0,-0.007210980000000001,1036.1768901199991,0.0,1036.1768901199991,1.0,3.0,12.0183,3.0,12.0183,entry_initial_normal_long
539,67006,TIA,0.1479000000000017,-0.007240560000000001,1036.3175495599992,0.0,1036.3175495599992,1.0,-3.0,12.0676,0.0,12.0183,close_grid_long
540,67007,TIA,0.0,-0.007239660000000001,1036.310309899999,0.0,1036.310309899999,1.0,3.0,12.0661,3.0,12.0661,entry_initial_normal_long
541,67008,TIA,0.4593000000000007,-0.007331520000000001,1036.762278379999,0.0,1036.762278379999,1.0,-3.0,12.2192,0.0,12.0661,close_grid_long
542,67009,TIA,0.0,-0.0073845000000000004,1036.7548938799991,0.0,1036.7548938799991,1.0,3.0,12.3075,3.0,12.3075,entry_initial_normal_long
543,67014,TIA,0.15180000000000327,-0.0074148600000000005,1036.899279019999,0.0,1036.899279019999,1.0,-3.0,12.3581,0.0,12.3075,close_grid_long
544,67015,TIA,0.0,-0.007434779999999999,1036.891844239999,0.0,1036.891844239999,1.0,3.0,12.3913,3.0,12.3913,entry_initial_normal_long
545,67036,TIA,0.15270000000000117,-0.00746532,1037.037078919999,0.0,1037.037078919999,1.0,-3.0,12.4422,0.0,12.3913,close_grid_long
546,67037,TIA,0.0,-0.0074700600000000015,1037.029608859999,0.0,1037.029608859999,1.0,3.0,12.4501,3.0,12.4501,entry_initial_normal_long
547,67528,TIA,0.15359999999999907,-0.00750078,1037.175708079999,0.0,1037.175708079999,1.0,-3.0,12.5013,0.0,12.4501,close_grid_long
548,67529,TIA,0.0,-0.0075019200000000005,1037.1682061599988,0.0,1037.1682061599988,1.0,3.0,12.5032,3.0,12.5032,entry_initial_normal_long
549,67539,TIA,0.154200000000003,-0.00753276,1037.3148733999988,0.0,1037.3148733999988,1.0,-3.0,12.5546,0.0,12.5032,close_grid_long
550,67540,TIA,0.0,-0.00752676,1037.3073466399987,0.0,1037.3073466399987,1.0,3.0,12.5446,3.0,12.5446,entry_initial_normal_long
551,67549,TIA,0.15449999999999697,-0.00755766,1037.4542889799986,0.0,1037.4542889799986,1.0,-3.0,12.5961,0.0,12.5446,close_grid_long
552,67567,TIA,0.0,-0.0075311399999999995,1037.4467578399986,0.0,1037.4467578399986,1.0,3.0,12.5519,3.0,12.5519,entry_initial_normal_long
553,67569,TIA,0.1548000000000016,-0.007562100000000001,1037.5939957399985,0.0,1037.5939957399985,1.0,-3.0,12.6035,0.0,12.5519,close_grid_long
554,67582,TIA,0.0,-0.007532820000000002,1037.5864629199984,0.0,1037.5864629199984,1.0,3.0,12.5547,3.0,12.5547,entry_initial_normal_long
555,67842,TIA,0.15479999999999627,-0.00756378,1037.7336991399984,0.0,1037.7336991399984,1.0,-3.0,12.6063,0.0,12.5547,close_grid_long
556,69228,TIA,0.0,-0.00583672,1037.7278624199985,0.0,1037.7278624199985,1.0,2.0,14.5918,2.0,14.5918,entry_initial_normal_long
557,69229,TIA,0.11920000000000286,-0.005860560000000001,1037.8412018599984,0.0,1037.8412018599984,1.0,-2.0,14.6514,0.0,14.5918,close_grid_long
558,69232,TIA,0.0,-0.00583704,1037.8353648199984,0.0,1037.8353648199984,1.0,2.0,14.5926,2.0,14.5926,entry_initial_normal_long
559,69233,TIA,0.3764000000000003,-0.00591232,1038.2058524999984,0.0,1038.2058524999984,1.0,-2.0,14.7808,0.0,14.5926,close_grid_long
560,70040,TIA,0.0,-0.00622268,1038.1996298199983,0.0,1038.1996298199983,1.0,2.0,15.5567,2.0,15.5567,entry_initial_normal_long
561,70041,TIA,0.1274000000000015,-0.00624816,1038.3207816599984,0.0,1038.3207816599984,1.0,-2.0,15.6204,0.0,15.5567,close_grid_long
562,70050,TIA,0.0,-0.00622348,1038.3145581799984,0.0,1038.3145581799984,1.0,2.0,15.5587,2.0,15.5587,entry_initial_normal_long
563,70052,TIA,0.1274000000000015,-0.0062489600000000005,1038.4357092199984,0.0,1038.4357092199984,1.0,-2.0,15.6224,0.0,15.5587,close_grid_long
564,70053,TIA,0.0,-0.0062236,1038.4294856199983,0.0,1038.4294856199983,1.0,2.0,15.559,2.0,15.559,entry_initial_normal_long
565,70055,TIA,0.1274000000000015,-0.006249080000000001,1038.5506365399983,0.0,1038.5506365399983,1.0,-2.0,15.6227,0.0,15.559,close_grid_long
566,70073,TIA,0.0,-0.00622564,1038.5444108999984,0.0,1038.5444108999984,1.0,2.0,15.5641,2.0,15.5641,entry_initial_normal_long
567,70078,TIA,0.1274000000000015,-0.006251120000000001,1038.6655597799984,0.0,1038.6655597799984,1.0,-2.0,15.6278,0.0,15.5641,close_grid_long
568,70104,TIA,0.0,-0.00622896,1038.6593308199983,0.0,1038.6593308199983,1.0,2.0,15.5724,2.0,15.5724,entry_initial_normal_long
569,70114,TIA,0.1274000000000015,-0.006254440000000001,1038.7804763799984,0.0,1038.7804763799984,1.0,-2.0,15.6361,0.0,15.5724,close_grid_long
570,70115,TIA,0.0,-0.00622908,1038.7742472999985,0.0,1038.7742472999985,1.0,2.0,15.5727,2.0,15.5727,entry_initial_normal_long
571,70116,TIA,0.1274000000000015,-0.00625456,1038.8953927399984,0.0,1038.8953927399984,1.0,-2.0,15.6364,0.0,15.5727,close_grid_long
572,70123,TIA,0.0,-0.00622972,1038.8891630199985,0.0,1038.8891630199985,1.0,2.0,15.5743,2.0,15.5743,entry_initial_normal_long
573,70179,TIA,0.1274000000000015,-0.006255200000000001,1039.0103078199984,0.0,1039.0103078199984,1.0,-2.0,15.638,0.0,15.5743,close_grid_long
574,70180,TIA,0.0,-0.006224400000000001,1039.0040834199983,0.0,1039.0040834199983,1.0,2.0,15.561,2.0,15.561,entry_initial_normal_long
575,70200,TIA,0.1274000000000015,-0.00624988,1039.1252335399984,0.0,1039.1252335399984,1.0,-2.0,15.6247,0.0,15.561,close_grid_long
576,70201,TIA,0.0,-0.00621088,1039.1190226599983,0.0,1039.1190226599983,1.0,2.0,15.5272,2.0,15.5272,entry_initial_normal_long
577,70226,TIA,0.12719999999999843,-0.00623632,1039.2399863399983,0.0,1039.2399863399983,1.0,-2.0,15.5908,0.0,15.5272,close_grid_long
578,70227,TIA,0.0,-0.00622444,1039.2337618999982,0.0,1039.2337618999982,1.0,2.0,15.5611,2.0,15.5611,entry_initial_normal_long
579,70238,TIA,0.1274000000000015,-0.006249920000000001,1039.3549119799982,0.0,1039.3549119799982,1.0,-2.0,15.6248,0.0,15.5611,close_grid_long
580,70255,TIA,0.0,-0.006226400000000001,1039.3486855799981,0.0,1039.3486855799981,1.0,2.0,15.566,2.0,15.566,entry_initial_normal_long
581,70256,TIA,0.12739999999999796,-0.0062518800000000005,1039.4698336999982,0.0,1039.4698336999982,1.0,-2.0,15.6297,0.0,15.566,close_grid_long
582,70259,TIA,0.0,-0.006226720000000001,1039.463606979998,0.0,1039.463606979998,1.0,2.0,15.5668,2.0,15.5668,entry_initial_normal_long
583,70307,TIA,0.12739999999999796,-0.0062522,1039.584754779998,0.0,1039.584754779998,1.0,-2.0,15.6305,0.0,15.5668,close_grid_long
584,70309,TIA,0.0,-0.006228,1039.5785267799981,0.0,1039.5785267799981,1.0,2.0,15.57,2.0,15.57,entry_initial_normal_long
585,70349,TIA,0.12739999999999796,-0.00625348,1039.699673299998,0.0,1039.699673299998,1.0,-2.0,15.6337,0.0,15.57,close_grid_long
586,70351,TIA,0.0,-0.006229480000000001,1039.693443819998,0.0,1039.693443819998,1.0,2.0,15.5737,2.0,15.5737,entry_initial_normal_long
587,70354,TIA,0.12739999999999796,-0.00625496,1039.8145888599981,0.0,1039.8145888599981,1.0,-2.0,15.6374,0.0,15.5737,close_grid_long
588,70356,TIA,0.0,-0.00622972,1039.8083591399982,0.0,1039.8083591399982,1.0,2.0,15.5743,2.0,15.5743,entry_initial_normal_long
589,70358,TIA,0.1274000000000015,-0.006255200000000001,1039.929503939998,0.0,1039.929503939998,1.0,-2.0,15.638,0.0,15.5743,close_grid_long
590,70384,TIA,0.0,-0.00623328,1039.923270659998,0.0,1039.923270659998,1.0,2.0,15.5832,2.0,15.5832,entry_initial_normal_long
591,70385,TIA,0.1451999999999991,-0.00626232,1040.062208339998,0.0,1040.062208339998,1.0,-2.0,15.6558,0.0,15.5832,close_grid_long
592,70386,TIA,0.0,-0.006233400000000001,1040.0559749399981,0.0,1040.0559749399981,1.0,2.0,15.5835,2.0,15.5835,entry_initial_normal_long
593,70560,TIA,0.1275999999999975,-0.00625892,1040.1773160199982,0.0,1040.1773160199982,1.0,-2.0,15.6473,0.0,15.5835,close_grid_long
594,70562,TIA,0.0,-0.00622928,1040.1710867399981,0.0,1040.1710867399981,1.0,2.0,15.5732,2.0,15.5732,entry_initial_normal_long
595,70563,TIA,0.1274000000000015,-0.006254760000000001,1040.2922319799982,0.0,1040.2922319799982,1.0,-2.0,15.6369,0.0,15.5732,close_grid_long
596,70738,TIA,0.0,-0.00627204,1040.285959939998,0.0,1040.285959939998,1.0,2.0,15.6801,2.0,15.6801,entry_initial_normal_long
597,73593,TIA,0.0,-0.00266276,1040.283297179998,0.0,1040.283297179998,1.0,1.0,13.3138,3.0,14.891333333333332,entry_initial_partial_long
598,74936,TIA,0.18440000000000367,-0.008971680000000001,1040.458725499998,0.0,1040.458725499998,1.0,-3.0,14.9528,0.0,14.891333333333332,close_grid_long
599,75656,TIA,0.0,-0.00604436,1040.452681139998,0.0,1040.452681139998,1.0,2.0,15.1109,2.0,15.1109,entry_initial_normal_long
600,75657,TIA,0.9157999999999973,-0.00622752,1041.362253619998,0.0,1041.362253619998,1.0,-2.0,15.5688,0.0,15.1109,close_grid_long
601,76065,TIA,0.0,-0.0061846800000000006,1041.356068939998,0.0,1041.356068939998,1.0,2.0,15.4617,2.0,15.4617,entry_initial_normal_long
602,76073,TIA,0.12659999999999982,-0.00621,1041.476458939998,0.0,1041.476458939998,1.0,-2.0,15.525,0.0,15.4617,close_grid_long
603,76074,TIA,0.0,-0.00618508,1041.470273859998,0.0,1041.470273859998,1.0,2.0,15.4627,2.0,15.4627,entry_initial_normal_long
604,76077,TIA,0.12659999999999982,-0.0062104000000000005,1041.590663459998,0.0,1041.590663459998,1.0,-2.0,15.526,0.0,15.4627,close_grid_long
605,76088,TIA,0.0,-0.0061864,1041.584477059998,0.0,1041.584477059998,1.0,2.0,15.466,2.0,15.466,entry_initial_normal_long
606,76152,TIA,0.12659999999999982,-0.00621172,1041.7048653399982,0.0,1041.7048653399982,1.0,-2.0,15.5293,0.0,15.466,close_grid_long
607,76155,TIA,0.0,-0.00618316,1041.698682179998,0.0,1041.698682179998,1.0,2.0,15.4579,2.0,15.4579,entry_initial_normal_long
608,76156,TIA,0.21059999999999945,-0.006225280000000001,1041.903056899998,0.0,1041.903056899998,1.0,-2.0,15.5632,0.0,15.4579,close_grid_long
609,76157,TIA,0.0,-0.0061748,1041.896882099998,0.0,1041.896882099998,1.0,2.0,15.437,2.0,15.437,entry_initial_normal_long
610,76158,TIA,0.12620000000000076,-0.00620004,1042.0168820599981,0.0,1042.0168820599981,1.0,-2.0,15.5001,0.0,15.437,close_grid_long
611,76159,TIA,0.0,-0.0061678,1042.0107142599982,0.0,1042.0107142599982,1.0,2.0,15.4195,2.0,15.4195,entry_initial_normal_long
612,76160,TIA,0.16019999999999968,-0.00619984,1042.164714419998,0.0,1042.164714419998,1.0,-2.0,15.4996,0.0,15.4195,close_grid_long
613,76161,TIA,0.0,-0.00611528,1042.1585991399982,0.0,1042.1585991399982,1.0,2.0,15.2882,2.0,15.2882,entry_initial_normal_long
614,76162,TIA,0.125,-0.0061402800000000006,1042.2774588599982,0.0,1042.2774588599982,1.0,-2.0,15.3507,0.0,15.2882,close_grid_long
615,76163,TIA,0.0,-0.0061542,1042.2713046599981,0.0,1042.2713046599981,1.0,2.0,15.3855,2.0,15.3855,entry_initial_normal_long
616,76164,TIA,0.3092000000000006,-0.006216040000000001,1042.574288619998,0.0,1042.574288619998,1.0,-2.0,15.5401,0.0,15.3855,close_grid_long
617,76165,TIA,0.0,-0.00618344,1042.568105179998,0.0,1042.568105179998,1.0,2.0,15.4586,2.0,15.4586,entry_initial_normal_long
618,76179,TIA,0.12659999999999982,-0.006208760000000001,1042.6884964199978,0.0,1042.6884964199978,1.0,-2.0,15.5219,0.0,15.4586,close_grid_long
619,76186,TIA,0.0,-0.00618392,1042.6823124999978,0.0,1042.6823124999978,1.0,2.0,15.4598,2.0,15.4598,entry_initial_normal_long
620,76889,TIA,0.12659999999999982,-0.00620924,1042.8027032599978,0.0,1042.8027032599978,1.0,-2.0,15.5231,0.0,15.4598,close_grid_long
621,76905,TIA,0.0,-0.006111200000000001,1042.7965920599977,0.0,1042.7965920599977,1.0,2.0,15.278,2.0,15.278,entry_initial_normal_long
622,76939,TIA,0.125,-0.0061362000000000005,1042.9154558599978,0.0,1042.9154558599978,1.0,-2.0,15.3405,0.0,15.278,close_grid_long
623,76943,TIA,0.0,-0.00611244,1042.9093434199979,0.0,1042.9093434199979,1.0,2.0,15.2811,2.0,15.2811,entry_initial_normal_long
624,76990,TIA,0.125,-0.00613744,1043.028205979998,0.0,1043.028205979998,1.0,-2.0,15.3436,0.0,15.2811,close_grid_long
625,77006,TIA,0.0,-0.006114240000000001,1043.022091739998,0.0,1043.022091739998,1.0,2.0,15.2856,2.0,15.2856,entry_initial_normal_long
626,77041,TIA,0.125,-0.006139240000000001,1043.1409524999979,0.0,1043.1409524999979,1.0,-2.0,15.3481,0.0,15.2856,close_grid_long
627,77042,TIA,0.0,-0.00611444,1043.134838059998,0.0,1043.134838059998,1.0,2.0,15.2861,2.0,15.2861,entry_initial_normal_long
628,77401,TIA,0.125,-0.00613944,1043.253698619998,0.0,1043.253698619998,1.0,-2.0,15.3486,0.0,15.2861,close_grid_long
629,77415,TIA,0.0,-0.00602276,1043.247675859998,0.0,1043.247675859998,1.0,2.0,15.0569,2.0,15.0569,entry_initial_normal_long
630,77425,TIA,0.12319999999999709,-0.0060474,1043.364828459998,0.0,1043.364828459998,1.0,-2.0,15.1185,0.0,15.0569,close_grid_long
631,77527,TIA,0.0,-0.00604488,1043.358783579998,0.0,1043.358783579998,1.0,2.0,15.1122,2.0,15.1122,entry_initial_normal_long
632,77528,TIA,0.12359999999999971,-0.0060696000000000005,1043.4763139799982,0.0,1043.4763139799982,1.0,-2.0,15.174,0.0,15.1122,close_grid_long
633,77530,TIA,0.0,-0.00604516,1043.4702688199982,0.0,1043.4702688199982,1.0,2.0,15.1129,2.0,15.1129,entry_initial_normal_long
634,77563,TIA,0.12359999999999971,-0.00606988,1043.5877989399983,0.0,1043.5877989399983,1.0,-2.0,15.1747,0.0,15.1129,close_grid_long
635,77564,TIA,0.0,-0.00603004,1043.5817688999982,0.0,1043.5817688999982,1.0,2.0,15.0751,2.0,15.0751,entry_initial_normal_long
636,77566,TIA,0.12339999999999662,-0.0060547199999999995,1043.6991141799983,0.0,1043.6991141799983,1.0,-2.0,15.1368,0.0,15.0751,close_grid_long
637,78094,TIA,0.0,-0.00621196,1043.6929022199984,0.0,1043.6929022199984,1.0,2.0,15.5299,2.0,15.5299,entry_initial_normal_long
638,78164,TIA,0.12720000000000198,-0.006237400000000001,1043.8138648199983,0.0,1043.8138648199983,1.0,-2.0,15.5935,0.0,15.5299,close_grid_long
639,78679,TIA,0.0,-0.006443120000000001,1043.8074216999983,0.0,1043.8074216999983,1.0,2.0,16.1078,2.0,16.1078,entry_initial_normal_long
640,78680,TIA,0.1319999999999979,-0.00646952,1043.9329521799982,0.0,1043.9329521799982,1.0,-2.0,16.1738,0.0,16.1078,close_grid_long
641,78693,TIA,0.0,-0.006444240000000001,1043.9265079399981,0.0,1043.9265079399981,1.0,2.0,16.1106,2.0,16.1106,entry_initial_normal_long
642,78766,TIA,0.1319999999999979,-0.006470640000000001,1044.0520372999981,0.0,1044.0520372999981,1.0,-2.0,16.1766,0.0,16.1106,close_grid_long
643,78771,TIA,0.0,-0.00643924,1044.0455980599982,0.0,1044.0455980599982,1.0,2.0,16.0981,2.0,16.0981,entry_initial_normal_long
644,78787,TIA,0.13180000000000547,-0.006465600000000001,1044.170932459998,0.0,1044.170932459998,1.0,-2.0,16.164,0.0,16.0981,close_grid_long
645,78790,TIA,0.0,-0.00643984,1044.164492619998,0.0,1044.164492619998,1.0,2.0,16.0996,2.0,16.0996,entry_initial_normal_long
646,78856,TIA,0.13180000000000547,-0.006466200000000001,1044.289826419998,0.0,1044.289826419998,1.0,-2.0,16.1655,0.0,16.0996,close_grid_long
647,78859,TIA,0.0,-0.00643964,1044.283386779998,0.0,1044.283386779998,1.0,2.0,16.0991,2.0,16.0991,entry_initial_normal_long
648,78862,TIA,0.13179999999999836,-0.006466,1044.408720779998,0.0,1044.408720779998,1.0,-2.0,16.165,0.0,16.0991,close_grid_long
649,78922,TIA,0.0,-0.0064459999999999995,1044.402274779998,0.0,1044.402274779998,1.0,2.0,16.115,2.0,16.115,entry_initial_normal_long
650,78924,TIA,0.132000000000005,-0.0064724000000000005,1044.5278023799979,0.0,1044.5278023799979,1.0,-2.0,16.181,0.0,16.115,close_grid_long
651,78933,TIA,0.0,-0.006446800000000001,1044.5213555799978,0.0,1044.5213555799978,1.0,2.0,16.117,2.0,16.117,entry_initial_normal_long
652,78948,TIA,0.1319999999999979,-0.0064732,1044.6468823799978,0.0,1044.6468823799978,1.0,-2.0,16.183,0.0,16.117,close_grid_long
653,78980,TIA,0.0,-0.00645052,1044.6404318599978,0.0,1044.6404318599978,1.0,2.0,16.1263,2.0,16.1263,entry_initial_normal_long
654,79240,TIA,0.13219999999999743,-0.00647696,1044.7661548999977,0.0,1044.7661548999977,1.0,-2.0,16.1924,0.0,16.1263,close_grid_long
655,79248,TIA,0.0,-0.006441960000000001,1044.7597129399976,0.0,1044.7597129399976,1.0,2.0,16.1049,2.0,16.1049,entry_initial_normal_long
656,79954,TIA,0.1319999999999979,-0.00646836,1044.8852445799976,0.0,1044.8852445799976,1.0,-2.0,16.1709,0.0,16.1049,close_grid_long
657,79960,TIA,0.0,-0.00639284,1044.8788517399976,0.0,1044.8788517399976,1.0,2.0,15.9821,2.0,15.9821,entry_initial_normal_long
658,79973,TIA,0.13079999999999714,-0.006419,1045.0032327399977,0.0,1045.0032327399977,1.0,-2.0,16.0475,0.0,15.9821,close_grid_long
659,79981,TIA,0.0,-0.0063936,1044.9968391399977,0.0,1044.9968391399977,1.0,2.0,15.984,2.0,15.984,entry_initial_normal_long
660,79982,TIA,0.13079999999999714,-0.00641976,1045.1212193799977,0.0,1045.1212193799977,1.0,-2.0,16.0494,0.0,15.984,close_grid_long
661,79996,TIA,0.0,-0.0063948,1045.1148245799977,0.0,1045.1148245799977,1.0,2.0,15.987,2.0,15.987,entry_initial_normal_long
662,80000,TIA,0.13079999999999714,-0.00642096,1045.2392036199976,0.0,1045.2392036199976,1.0,-2.0,16.0524,0.0,15.987,close_grid_long
663,80104,TIA,0.0,-0.00641288,1045.2327907399977,0.0,1045.2327907399977,1.0,2.0,16.0322,2.0,16.0322,entry_initial_normal_long
664,80113,TIA,0.13119999999999976,-0.00643912,1045.3575516199976,0.0,1045.3575516199976,1.0,-2.0,16.0978,0.0,16.0322,close_grid_long
665,80119,TIA,0.0,-0.006413760000000001,1045.3511378599976,0.0,1045.3511378599976,1.0,2.0,16.0344,2.0,16.0344,entry_initial_normal_long
666,80209,TIA,0.13119999999999976,-0.006440000000000001,1045.4758978599975,0.0,1045.4758978599975,1.0,-2.0,16.1,0.0,16.0344,close_grid_long
667,80211,TIA,0.0,-0.0064098,1045.4694880599975,0.0,1045.4694880599975,1.0,2.0,16.0245,2.0,16.0245,entry_initial_normal_long
668,80220,TIA,0.13100000000000023,-0.006436,1045.5940520599975,0.0,1045.5940520599975,1.0,-2.0,16.09,0.0,16.0245,close_grid_long
669,80242,TIA,0.0,-0.00641276,1045.5876392999974,0.0,1045.5876392999974,1.0,2.0,16.0319,2.0,16.0319,entry_initial_normal_long
670,80243,TIA,0.37120000000000175,-0.006487000000000001,1045.9523522999973,0.0,1045.9523522999973,1.0,-2.0,16.2175,0.0,16.0319,close_grid_long
671,80498,TIA,0.0,-0.00649476,1045.9458575399974,0.0,1045.9458575399974,1.0,2.0,16.2369,2.0,16.2369,entry_initial_normal_long
672,80530,TIA,0.13300000000000267,-0.00652136,1046.0723361799974,0.0,1046.0723361799974,1.0,-2.0,16.3034,0.0,16.2369,close_grid_long
673,80541,TIA,0.0,-0.006496880000000001,1046.0658392999974,0.0,1046.0658392999974,1.0,2.0,16.2422,2.0,16.2422,entry_initial_normal_long
674,80542,TIA,0.13300000000000267,-0.006523480000000001,1046.1923158199975,0.0,1046.1923158199975,1.0,-2.0,16.3087,0.0,16.2422,close_grid_long
675,80548,TIA,0.0,-0.006497360000000001,1046.1858184599976,0.0,1046.1858184599976,1.0,2.0,16.2434,2.0,16.2434,entry_initial_normal_long
676,80550,TIA,0.13299999999999557,-0.00652396,1046.3122944999975,0.0,1046.3122944999975,1.0,-2.0,16.3099,0.0,16.2434,close_grid_long
677,80560,TIA,0.0,-0.006499039999999999,1046.3057954599974,0.0,1046.3057954599974,1.0,2.0,16.2476,2.0,16.2476,entry_initial_normal_long
678,80567,TIA,0.13300000000000267,-0.00652564,1046.4322698199974,0.0,1046.4322698199974,1.0,-2.0,16.3141,0.0,16.2476,close_grid_long
679,80576,TIA,0.0,-0.006500320000000001,1046.4257694999974,0.0,1046.4257694999974,1.0,2.0,16.2508,2.0,16.2508,entry_initial_normal_long
680,80581,TIA,0.1331999999999951,-0.00652696,1046.5524425399974,0.0,1046.5524425399974,1.0,-2.0,16.3174,0.0,16.2508,close_grid_long
681,80583,TIA,0.0,-0.00650072,1046.5459418199973,0.0,1046.5459418199973,1.0,2.0,16.2518,2.0,16.2518,entry_initial_normal_long
682,80588,TIA,0.1332000000000022,-0.00652736,1046.6726144599972,0.0,1046.6726144599972,1.0,-2.0,16.3184,0.0,16.2518,close_grid_long
683,80589,TIA,0.0,-0.006500960000000001,1046.6661134999972,0.0,1046.6661134999972,1.0,2.0,16.2524,2.0,16.2524,entry_initial_normal_long
684,80599,TIA,0.1331999999999951,-0.0065276,1046.7927858999972,0.0,1046.7927858999972,1.0,-2.0,16.319,0.0,16.2524,close_grid_long
685,80601,TIA,0.0,-0.00650136,1046.7862845399973,0.0,1046.7862845399973,1.0,2.0,16.2534,2.0,16.2534,entry_initial_normal_long
686,80602,TIA,0.1332000000000022,-0.006528000000000001,1046.9129565399974,0.0,1046.9129565399974,1.0,-2.0,16.32,0.0,16.2534,close_grid_long
687,80613,TIA,0.0,-0.00650252,1046.9064540199975,0.0,1046.9064540199975,1.0,2.0,16.2563,2.0,16.2563,entry_initial_normal_long
688,80619,TIA,0.1332000000000022,-0.006529160000000001,1047.0331248599975,0.0,1047.0331248599975,1.0,-2.0,16.3229,0.0,16.2563,close_grid_long
689,80621,TIA,0.0,-0.006503,1047.0266218599975,0.0,1047.0266218599975,1.0,2.0,16.2575,2.0,16.2575,entry_initial_normal_long
690,80623,TIA,0.1332000000000022,-0.006529640000000001,1047.1532922199974,0.0,1047.1532922199974,1.0,-2.0,16.3241,0.0,16.2575,close_grid_long
691,80626,TIA,0.0,-0.006503360000000001,1047.1467888599975,0.0,1047.1467888599975,1.0,2.0,16.2584,2.0,16.2584,entry_initial_normal_long
692,80628,TIA,0.1331999999999951,-0.00653,1047.2734588599976,0.0,1047.2734588599976,1.0,-2.0,16.325,0.0,16.2584,close_grid_long
693,80629,TIA,0.0,-0.0065035200000000005,1047.2669553399976,0.0,1047.2669553399976,1.0,2.0,16.2588,2.0,16.2588,entry_initial_normal_long
694,80631,TIA,0.1331999999999951,-0.006530159999999999,1047.3936251799976,0.0,1047.3936251799976,1.0,-2.0,16.3254,0.0,16.2588,close_grid_long
695,80665,TIA,0.0,-0.00650852,1047.3871166599977,0.0,1047.3871166599977,1.0,2.0,16.2713,2.0,16.2713,entry_initial_normal_long
696,80666,TIA,0.1332000000000022,-0.006535160000000001,1047.5137814999978,0.0,1047.5137814999978,1.0,-2.0,16.3379,0.0,16.2713,close_grid_long
697,80667,TIA,0.0,-0.00650864,1047.5072728599978,0.0,1047.5072728599978,1.0,2.0,16.2716,2.0,16.2716,entry_initial_normal_long
698,80670,TIA,0.1332000000000022,-0.00653528,1047.6339375799978,0.0,1047.6339375799978,1.0,-2.0,16.3382,0.0,16.2716,close_grid_long
699,80671,TIA,0.0,-0.006508839999999999,1047.6274287399979,0.0,1047.6274287399979,1.0,2.0,16.2721,2.0,16.2721,entry_initial_normal_long
700,80677,TIA,0.1332000000000022,-0.00653548,1047.754093259998,0.0,1047.754093259998,1.0,-2.0,16.3387,0.0,16.2721,close_grid_long
701,80682,TIA,0.0,-0.006509520000000001,1047.747583739998,0.0,1047.747583739998,1.0,2.0,16.2738,2.0,16.2738,entry_initial_normal_long
702,80961,TIA,0.1331999999999951,-0.00653616,1047.874247579998,0.0,1047.874247579998,1.0,-2.0,16.3404,0.0,16.2738,close_grid_long
703,83048,TIA,0.0,-0.00741656,1047.866831019998,0.0,1047.866831019998,1.0,2.0,18.5414,2.0,18.5414,entry_initial_normal_long
704,83315,TIA,0.15220000000000056,-0.0074470000000000005,1048.011584019998,0.0,1048.011584019998,1.0,-2.0,18.6175,0.0,18.5414,close_grid_long
705,83317,TIA,0.0,-0.00741248,1048.004171539998,0.0,1048.004171539998,1.0,2.0,18.5312,2.0,18.5312,entry_initial_normal_long
706,83321,TIA,0.15220000000000056,-0.00744292,1048.148928619998,0.0,1048.148928619998,1.0,-2.0,18.6073,0.0,18.5312,close_grid_long
707,83322,TIA,0.0,-0.00741284,1048.1415157799981,0.0,1048.1415157799981,1.0,2.0,18.5321,2.0,18.5321,entry_initial_normal_long
708,83343,TIA,0.15220000000000056,-0.00744328,1048.2862724999982,0.0,1048.2862724999982,1.0,-2.0,18.6082,0.0,18.5321,close_grid_long
709,83357,TIA,0.0,-0.007415600000000001,1048.2788568999981,0.0,1048.2788568999981,1.0,2.0,18.539,2.0,18.539,entry_initial_normal_long
710,83360,TIA,0.15220000000000056,-0.007446040000000001,1048.423610859998,0.0,1048.423610859998,1.0,-2.0,18.6151,0.0,18.539,close_grid_long
711,83361,TIA,0.0,-0.0074158800000000006,1048.416194979998,0.0,1048.416194979998,1.0,2.0,18.5397,2.0,18.5397,entry_initial_normal_long
712,83364,TIA,0.15220000000000056,-0.00744632,1048.5609486599978,0.0,1048.5609486599978,1.0,-2.0,18.6158,0.0,18.5397,close_grid_long
713,83365,TIA,0.0,-0.007416200000000001,1048.5535324599978,0.0,1048.5535324599978,1.0,2.0,18.5405,2.0,18.5405,entry_initial_normal_long
714,83371,TIA,0.15219999999999345,-0.00744664,1048.6982858199979,0.0,1048.6982858199979,1.0,-2.0,18.6166,0.0,18.5405,close_grid_long
715,83372,TIA,0.0,-0.007415560000000001,1048.6908702599978,0.0,1048.6908702599978,1.0,2.0,18.5389,2.0,18.5389,entry_initial_normal_long
716,83377,TIA,0.15219999999999345,-0.0074459999999999995,1048.8356242599978,0.0,1048.8356242599978,1.0,-2.0,18.615,0.0,18.5389,close_grid_long
717,83378,TIA,0.0,-0.007416880000000001,1048.8282073799978,0.0,1048.8282073799978,1.0,2.0,18.5422,2.0,18.5422,entry_initial_normal_long
718,83379,TIA,0.15220000000000056,-0.007447320000000001,1048.9729600599978,0.0,1048.9729600599978,1.0,-2.0,18.6183,0.0,18.5422,close_grid_long
719,83380,TIA,0.0,-0.007417000000000001,1048.9655430599978,0.0,1048.9655430599978,1.0,2.0,18.5425,2.0,18.5425,entry_initial_normal_long
720,83384,TIA,0.15220000000000056,-0.0074474400000000005,1049.1102956199977,0.0,1049.1102956199977,1.0,-2.0,18.6186,0.0,18.5425,close_grid_long
721,83385,TIA,0.0,-0.00741732,1049.1028782999977,0.0,1049.1028782999977,1.0,2.0,18.5433,2.0,18.5433,entry_initial_normal_long
722,83387,TIA,0.15220000000000056,-0.00744776,1049.2476305399975,0.0,1049.2476305399975,1.0,-2.0,18.6194,0.0,18.5433,close_grid_long
723,83414,TIA,0.0,-0.007421120000000001,1049.2402094199977,0.0,1049.2402094199977,1.0,2.0,18.5528,2.0,18.5528,entry_initial_normal_long
724,83564,TIA,0.1524000000000001,-0.007451600000000001,1049.3851578199976,0.0,1049.3851578199976,1.0,-2.0,18.629,0.0,18.5528,close_grid_long
725,84319,TIA,0.0,-0.0076771600000000014,1049.3774806599977,0.0,1049.3774806599977,1.0,2.0,19.1929,2.0,19.1929,entry_initial_normal_long
726,84326,TIA,0.15759999999999508,-0.00770868,1049.5273719799977,0.0,1049.5273719799977,1.0,-2.0,19.2717,0.0,19.1929,close_grid_long
727,84352,TIA,0.0,-0.00767996,1049.5196920199978,0.0,1049.5196920199978,1.0,2.0,19.1999,2.0,19.1999,entry_initial_normal_long
728,84459,TIA,0.15760000000000218,-0.007711480000000001,1049.669580539998,0.0,1049.669580539998,1.0,-2.0,19.2787,0.0,19.1999,close_grid_long
729,84465,TIA,0.0,-0.00767008,1049.661910459998,0.0,1049.661910459998,1.0,2.0,19.1752,2.0,19.1752,entry_initial_normal_long
730,84466,TIA,0.15760000000000218,-0.007701600000000001,1049.8118088599979,0.0,1049.8118088599979,1.0,-2.0,19.254,0.0,19.1752,close_grid_long
731,84467,TIA,0.0,-0.0076702,1049.804138659998,0.0,1049.804138659998,1.0,2.0,19.1755,2.0,19.1755,entry_initial_normal_long
732,84469,TIA,0.15760000000000218,-0.0077017200000000004,1049.954036939998,0.0,1049.954036939998,1.0,-2.0,19.2543,0.0,19.1755,close_grid_long
733,84484,TIA,0.0,-0.007672280000000001,1049.9463646599982,0.0,1049.9463646599982,1.0,2.0,19.1807,2.0,19.1807,entry_initial_normal_long
734,84487,TIA,0.15759999999999508,-0.0077038,1050.0962608599982,0.0,1050.0962608599982,1.0,-2.0,19.2595,0.0,19.1807,close_grid_long
735,84496,TIA,0.0,-0.007673600000000001,1050.0885872599981,0.0,1050.0885872599981,1.0,2.0,19.184,2.0,19.184,entry_initial_normal_long
736,84497,TIA,0.15759999999999508,-0.00770512,1050.238482139998,0.0,1050.238482139998,1.0,-2.0,19.2628,0.0,19.184,close_grid_long
737,84499,TIA,0.0,-0.007673800000000001,1050.230808339998,0.0,1050.230808339998,1.0,2.0,19.1845,2.0,19.1845,entry_initial_normal_long
738,84547,TIA,0.15760000000000218,-0.007705320000000001,1050.380703019998,0.0,1050.380703019998,1.0,-2.0,19.2633,0.0,19.1845,close_grid_long
739,84565,TIA,0.0,-0.007676280000000001,1050.373026739998,0.0,1050.373026739998,1.0,2.0,19.1907,2.0,19.1907,entry_initial_normal_long
740,84884,TIA,0.15760000000000218,-0.007707800000000001,1050.5229189399981,0.0,1050.5229189399981,1.0,-2.0,19.2695,0.0,19.1907,close_grid_long
741,84910,TIA,0.0,-0.00767336,1050.5152455799982,0.0,1050.5152455799982,1.0,2.0,19.1834,2.0,19.1834,entry_initial_normal_long
742,84977,TIA,0.15760000000000218,-0.007704880000000001,1050.6651406999983,0.0,1050.6651406999983,1.0,-2.0,19.2622,0.0,19.1834,close_grid_long
743,84980,TIA,0.0,-0.00767464,1050.6574660599983,0.0,1050.6574660599983,1.0,2.0,19.1866,2.0,19.1866,entry_initial_normal_long
744,85091,TIA,0.15760000000000218,-0.00770616,1050.8073598999983,0.0,1050.8073598999983,1.0,-2.0,19.2654,0.0,19.1866,close_grid_long
745,85207,TIA,0.0,-0.007689480000000001,1050.7996704199984,0.0,1050.7996704199984,1.0,2.0,19.2237,2.0,19.2237,entry_initial_normal_long
746,85209,TIA,0.15780000000000172,-0.007721040000000001,1050.9497493799984,0.0,1050.9497493799984,1.0,-2.0,19.3026,0.0,19.2237,close_grid_long
747,85222,TIA,0.0,-0.0076908,1050.9420585799983,0.0,1050.9420585799983,1.0,2.0,19.227,2.0,19.227,entry_initial_normal_long
748,85565,TIA,0.15800000000000125,-0.007722400000000001,1051.0923361799983,0.0,1051.0923361799983,1.0,-2.0,19.306,0.0,19.227,close_grid_long
749,85723,TIA,0.0,-0.007689960000000001,1051.0846462199981,0.0,1051.0846462199981,1.0,2.0,19.2249,2.0,19.2249,entry_initial_normal_long
750,85749,TIA,0.1577999999999946,-0.00772152,1051.2347246999982,0.0,1051.2347246999982,1.0,-2.0,19.3038,0.0,19.2249,close_grid_long
751,85791,TIA,0.0,-0.007695680000000001,1051.227029019998,0.0,1051.227029019998,1.0,2.0,19.2392,2.0,19.2392,entry_initial_normal_long
752,85848,TIA,0.15800000000000125,-0.00772728,1051.377301739998,0.0,1051.377301739998,1.0,-2.0,19.3182,0.0,19.2392,close_grid_long
753,85849,TIA,0.0,-0.007693640000000001,1051.369608099998,0.0,1051.369608099998,1.0,2.0,19.2341,2.0,19.2341,entry_initial_normal_long
754,85850,TIA,0.15799999999999415,-0.0077252399999999995,1051.519882859998,0.0,1051.519882859998,1.0,-2.0,19.3131,0.0,19.2341,close_grid_long
755,85898,TIA,0.0,-0.00770056,1051.512182299998,0.0,1051.512182299998,1.0,2.0,19.2514,2.0,19.2514,entry_initial_normal_long
756,85899,TIA,0.15820000000000078,-0.007732200000000001,1051.6626500999978,0.0,1051.6626500999978,1.0,-2.0,19.3305,0.0,19.2514,close_grid_long
757,85902,TIA,0.0,-0.00770084,1051.6549492599977,0.0,1051.6549492599977,1.0,2.0,19.2521,2.0,19.2521,entry_initial_normal_long
758,85905,TIA,0.15820000000000078,-0.00773248,1051.8054167799976,0.0,1051.8054167799976,1.0,-2.0,19.3312,0.0,19.2521,close_grid_long
759,85917,TIA,0.0,-0.00770204,1051.7977147399977,0.0,1051.7977147399977,1.0,2.0,19.2551,2.0,19.2551,entry_initial_normal_long
760,85925,TIA,0.15820000000000078,-0.00773368,1051.9481810599978,0.0,1051.9481810599978,1.0,-2.0,19.3342,0.0,19.2551,close_grid_long
761,85926,TIA,0.0,-0.0077026,1051.9404784599978,0.0,1051.9404784599978,1.0,2.0,19.2565,2.0,19.2565,entry_initial_normal_long
762,85931,TIA,0.15820000000000078,-0.00773424,1052.090944219998,0.0,1052.090944219998,1.0,-2.0,19.3356,0.0,19.2565,close_grid_long
763,85937,TIA,0.0,-0.00770348,1052.083240739998,0.0,1052.083240739998,1.0,2.0,19.2587,2.0,19.2587,entry_initial_normal_long
764,89444,TIA,0.0,-0.006617400000000001,1052.076623339998,0.0,1052.076623339998,1.0,2.0,16.5435,4.0,17.9011,entry_grid_normal_long
765,89920,TIA,0.3007999999999953,-0.01438104,1052.363042299998,0.0,1052.363042299998,1.0,-4.0,17.9763,0.0,17.9011,close_grid_long
766,90152,TIA,0.0,-0.00704832,1052.355993979998,0.0,1052.355993979998,1.0,2.0,17.6208,2.0,17.6208,entry_initial_normal_long
767,90153,TIA,0.14440000000000452,-0.0070772000000000005,1052.493316779998,0.0,1052.493316779998,1.0,-2.0,17.693,0.0,17.6208,close_grid_long
768,90168,TIA,0.0,-0.00705016,1052.4862666199979,0.0,1052.4862666199979,1.0,2.0,17.6254,2.0,17.6254,entry_initial_normal_long
769,90171,TIA,0.14460000000000406,-0.007079080000000001,1052.623787539998,0.0,1052.623787539998,1.0,-2.0,17.6977,0.0,17.6254,close_grid_long
770,90176,TIA,0.0,-0.007050920000000001,1052.616736619998,0.0,1052.616736619998,1.0,2.0,17.6273,2.0,17.6273,entry_initial_normal_long
771,90316,TIA,0.14459999999999695,-0.0070798400000000004,1052.7542567799978,0.0,1052.7542567799978,1.0,-2.0,17.6996,0.0,17.6273,close_grid_long
772,90318,TIA,0.0,-0.007025040000000001,1052.747231739998,0.0,1052.747231739998,1.0,2.0,17.5626,2.0,17.5626,entry_initial_normal_long
773,90336,TIA,0.14399999999999835,-0.00705384,1052.884177899998,0.0,1052.884177899998,1.0,-2.0,17.6346,0.0,17.5626,close_grid_long
774,90337,TIA,0.0,-0.007024,1052.877153899998,0.0,1052.877153899998,1.0,2.0,17.56,2.0,17.56,entry_initial_normal_long
775,90338,TIA,0.14400000000000546,-0.0070528000000000006,1053.0141010999978,0.0,1053.0141010999978,1.0,-2.0,17.632,0.0,17.56,close_grid_long
776,90345,TIA,0.0,-0.007024840000000001,1053.0070762599978,0.0,1053.0070762599978,1.0,2.0,17.5621,2.0,17.5621,entry_initial_normal_long
777,90349,TIA,0.14399999999999835,-0.007053640000000001,1053.1440226199977,0.0,1053.1440226199977,1.0,-2.0,17.6341,0.0,17.5621,close_grid_long
778,90350,TIA,0.0,-0.00702516,1053.1369974599977,0.0,1053.1369974599977,1.0,2.0,17.5629,2.0,17.5629,entry_initial_normal_long
779,90353,TIA,0.14399999999999835,-0.00705396,1053.2739434999978,0.0,1053.2739434999978,1.0,-2.0,17.6349,0.0,17.5629,close_grid_long
780,90366,TIA,0.0,-0.0070274000000000005,1053.2669160999978,0.0,1053.2669160999978,1.0,2.0,17.5685,2.0,17.5685,entry_initial_normal_long
781,90367,TIA,0.14399999999999835,-0.0070562,1053.4038598999978,0.0,1053.4038598999978,1.0,-2.0,17.6405,0.0,17.5685,close_grid_long
782,90370,TIA,0.0,-0.007027760000000001,1053.3968321399977,0.0,1053.3968321399977,1.0,2.0,17.5694,2.0,17.5694,entry_initial_normal_long
783,90373,TIA,0.14399999999999835,-0.007056560000000001,1053.5337755799978,0.0,1053.5337755799978,1.0,-2.0,17.6414,0.0,17.5694,close_grid_long
784,90376,TIA,0.0,-0.007028319999999999,1053.5267472599978,0.0,1053.5267472599978,1.0,2.0,17.5708,2.0,17.5708,entry_initial_normal_long
785,90383,TIA,0.14400000000000546,-0.007057120000000001,1053.663690139998,0.0,1053.663690139998,1.0,-2.0,17.6428,0.0,17.5708,close_grid_long
786,90702,TIA,0.0,-0.007119520000000001,1053.6565706199979,0.0,1053.6565706199979,1.0,2.0,17.7988,2.0,17.7988,entry_initial_normal_long
787,94509,TIA,0.0,-0.00623384,1053.6503367799978,0.0,1053.6503367799978,1.0,2.0,15.5846,4.0,16.6917,entry_grid_normal_long
788,95609,TIA,0.0,-0.00860514,1053.6417316399977,0.0,1053.6417316399977,1.0,3.0,14.3419,7.0,15.684642857142858,entry_grid_normal_long
789,96396,TIA,0.4721999999999955,-0.022052940000000004,1054.0918786999978,0.0,1054.0918786999978,1.0,-7.0,15.7521,0.0,15.684642857142858,close_grid_long
790,97307,TIA,0.0,-0.006449720000000001,1054.0854289799977,0.0,1054.0854289799977,1.0,2.0,16.1243,2.0,16.1243,entry_initial_normal_long
791,97313,TIA,0.13179999999999836,-0.00647608,1054.2107528999977,0.0,1054.2107528999977,1.0,-2.0,16.1902,0.0,16.1243,close_grid_long
792,97379,TIA,0.0,-0.0064568,1054.2042960999977,0.0,1054.2042960999977,1.0,2.0,16.142,2.0,16.142,entry_initial_normal_long
793,97385,TIA,0.13220000000000454,-0.006483240000000001,1054.3300128599976,0.0,1054.3300128599976,1.0,-2.0,16.2081,0.0,16.142,close_grid_long
794,97386,TIA,0.0,-0.006457160000000001,1054.3235556999975,0.0,1054.3235556999975,1.0,2.0,16.1429,2.0,16.1429,entry_initial_normal_long
795,97392,TIA,0.13219999999999743,-0.0064836,1054.4492720999976,0.0,1054.4492720999976,1.0,-2.0,16.209,0.0,16.1429,close_grid_long
796,97397,TIA,0.0,-0.006457920000000001,1054.4428141799976,0.0,1054.4428141799976,1.0,2.0,16.1448,2.0,16.1448,entry_initial_normal_long
797,97403,TIA,0.13219999999999743,-0.00648436,1054.5685298199976,0.0,1054.5685298199976,1.0,-2.0,16.2109,0.0,16.1448,close_grid_long
798,97405,TIA,0.0,-0.006458360000000001,1054.5620714599977,0.0,1054.5620714599977,1.0,2.0,16.1459,2.0,16.1459,entry_initial_normal_long
799,97407,TIA,0.13219999999999743,-0.006484800000000001,1054.6877866599978,0.0,1054.6877866599978,1.0,-2.0,16.212,0.0,16.1459,close_grid_long
800,97414,TIA,0.0,-0.006459080000000001,1054.6813275799977,0.0,1054.6813275799977,1.0,2.0,16.1477,2.0,16.1477,entry_initial_normal_long
801,97421,TIA,0.13219999999999743,-0.00648552,1054.8070420599977,0.0,1054.8070420599977,1.0,-2.0,16.2138,0.0,16.1477,close_grid_long
802,97447,TIA,0.0,-0.006462120000000001,1054.8005799399978,0.0,1054.8005799399978,1.0,2.0,16.1553,2.0,16.1553,entry_initial_normal_long
803,97458,TIA,0.13239999999999696,-0.0064886,1054.9264913399977,0.0,1054.9264913399977,1.0,-2.0,16.2215,0.0,16.1553,close_grid_long
804,97482,TIA,0.0,-0.0064648399999999995,1054.9200264999977,0.0,1054.9200264999977,1.0,2.0,16.1621,2.0,16.1621,entry_initial_normal_long
805,97485,TIA,0.13240000000000407,-0.006491320000000001,1055.0459351799977,0.0,1055.0459351799977,1.0,-2.0,16.2283,0.0,16.1621,close_grid_long
806,97554,TIA,0.0,-0.00647436,1055.0394608199977,0.0,1055.0394608199977,1.0,2.0,16.1859,2.0,16.1859,entry_initial_normal_long
807,97559,TIA,0.1325999999999965,-0.00650088,1055.1655599399976,0.0,1055.1655599399976,1.0,-2.0,16.2522,0.0,16.1859,close_grid_long
808,97560,TIA,0.0,-0.006474720000000001,1055.1590852199977,0.0,1055.1590852199977,1.0,2.0,16.1868,2.0,16.1868,entry_initial_normal_long
809,97900,TIA,0.1325999999999965,-0.00650124,1055.2851839799978,0.0,1055.2851839799978,1.0,-2.0,16.2531,0.0,16.1868,close_grid_long
810,97947,TIA,0.0,-0.006462600000000001,1055.2787213799977,0.0,1055.2787213799977,1.0,2.0,16.1565,2.0,16.1565,entry_initial_normal_long
811,97956,TIA,0.13239999999999696,-0.00648908,1055.4046322999977,0.0,1055.4046322999977,1.0,-2.0,16.2227,0.0,16.1565,close_grid_long
812,97965,TIA,0.0,-0.006463760000000001,1055.3981685399976,0.0,1055.3981685399976,1.0,2.0,16.1594,2.0,16.1594,entry_initial_normal_long
813,97973,TIA,0.13239999999999696,-0.00649024,1055.5240782999977,0.0,1055.5240782999977,1.0,-2.0,16.2256,0.0,16.1594,close_grid_long
814,97997,TIA,0.0,-0.00646648,1055.5176118199977,0.0,1055.5176118199977,1.0,2.0,16.1662,2.0,16.1662,entry_initial_normal_long
815,98002,TIA,0.13239999999999696,-0.00649296,1055.6435188599976,0.0,1055.6435188599976,1.0,-2.0,16.2324,0.0,16.1662,close_grid_long
816,98012,TIA,0.0,-0.0064676,1055.6370512599976,0.0,1055.6370512599976,1.0,2.0,16.169,2.0,16.169,entry_initial_normal_long
817,100022,TIA,0.13239999999999696,-0.00649408,1055.7629571799976,0.0,1055.7629571799976,1.0,-2.0,16.2352,0.0,16.169,close_grid_long
818,101213,TIA,0.0,-0.00660068,1055.7563564999975,0.0,1055.7563564999975,1.0,2.0,16.5017,2.0,16.5017,entry_initial_normal_long
819,101224,TIA,0.13519999999999754,-0.006627719999999999,1055.8849287799976,0.0,1055.8849287799976,1.0,-2.0,16.5693,0.0,16.5017,close_grid_long
820,101238,TIA,0.0,-0.00660248,1055.8783262999975,0.0,1055.8783262999975,1.0,2.0,16.5062,2.0,16.5062,entry_initial_normal_long
821,101266,TIA,0.13519999999999754,-0.00662952,1056.0068967799975,0.0,1056.0068967799975,1.0,-2.0,16.5738,0.0,16.5062,close_grid_long
822,101273,TIA,0.0,-0.00660444,1056.0002923399975,0.0,1056.0002923399975,1.0,2.0,16.5111,2.0,16.5111,entry_initial_normal_long
823,101286,TIA,0.13520000000000465,-0.006631480000000001,1056.1288608599975,0.0,1056.1288608599975,1.0,-2.0,16.5787,0.0,16.5111,close_grid_long
824,101297,TIA,0.0,-0.006605960000000001,1056.1222548999976,0.0,1056.1222548999976,1.0,2.0,16.5149,2.0,16.5149,entry_initial_normal_long
825,101306,TIA,0.13519999999999754,-0.006633,1056.2508218999976,0.0,1056.2508218999976,1.0,-2.0,16.5825,0.0,16.5149,close_grid_long
826,101313,TIA,0.0,-0.006606959999999999,1056.2442149399976,0.0,1056.2442149399976,1.0,2.0,16.5174,2.0,16.5174,entry_initial_normal_long
827,101325,TIA,0.13520000000000465,-0.006634000000000001,1056.3727809399977,0.0,1056.3727809399977,1.0,-2.0,16.585,0.0,16.5174,close_grid_long
828,101335,TIA,0.0,-0.006608320000000001,1056.3661726199978,0.0,1056.3661726199978,1.0,2.0,16.5208,2.0,16.5208,entry_initial_normal_long
829,101351,TIA,0.13519999999999754,-0.006635360000000001,1056.4947372599977,0.0,1056.4947372599977,1.0,-2.0,16.5884,0.0,16.5208,close_grid_long
830,101366,TIA,0.0,-0.006610240000000001,1056.4881270199976,0.0,1056.4881270199976,1.0,2.0,16.5256,2.0,16.5256,entry_initial_normal_long
831,101379,TIA,0.13539999999999708,-0.00663732,1056.6168896999975,0.0,1056.6168896999975,1.0,-2.0,16.5933,0.0,16.5256,close_grid_long
832,102387,TIA,0.0,-0.0067786800000000005,1056.6101110199975,0.0,1056.6101110199975,1.0,2.0,16.9467,2.0,16.9467,entry_initial_normal_long
833,102391,TIA,0.13880000000000337,-0.006806440000000001,1056.7421045799974,0.0,1056.7421045799974,1.0,-2.0,17.0161,0.0,16.9467,close_grid_long
834,102399,TIA,0.0,-0.0067794,1056.7353251799975,0.0,1056.7353251799975,1.0,2.0,16.9485,2.0,16.9485,entry_initial_normal_long
835,102415,TIA,0.13880000000000337,-0.0068071600000000005,1056.8673180199976,0.0,1056.8673180199976,1.0,-2.0,17.0179,0.0,16.9485,close_grid_long
836,102726,TIA,0.0,-0.00683,1056.8604880199975,0.0,1056.8604880199975,1.0,2.0,17.075,2.0,17.075,entry_initial_normal_long
837,102734,TIA,0.13980000000000103,-0.006857960000000001,1056.9934300599975,0.0,1056.9934300599975,1.0,-2.0,17.1449,0.0,17.075,close_grid_long
838,102935,TIA,0.0,-0.00686288,1056.9865671799976,0.0,1056.9865671799976,1.0,2.0,17.1572,2.0,17.1572,entry_initial_normal_long
839,102946,TIA,0.14059999999999917,-0.0068909999999999996,1057.1202761799975,0.0,1057.1202761799975,1.0,-2.0,17.2275,0.0,17.1572,close_grid_long
840,102963,TIA,0.0,-0.0068648,1057.1134113799976,0.0,1057.1134113799976,1.0,2.0,17.162,2.0,17.162,entry_initial_normal_long
841,102969,TIA,0.14059999999999917,-0.006892919999999999,1057.2471184599976,0.0,1057.2471184599976,1.0,-2.0,17.2323,0.0,17.162,close_grid_long
842,102971,TIA,0.0,-0.0068652800000000005,1057.2402531799976,0.0,1057.2402531799976,1.0,2.0,17.1632,2.0,17.1632,entry_initial_normal_long
843,103210,TIA,0.14059999999999917,-0.0068934,1057.3739597799977,0.0,1057.3739597799977,1.0,-2.0,17.2335,0.0,17.1632,close_grid_long
844,103291,TIA,0.0,-0.006870600000000001,1057.3670891799977,0.0,1057.3670891799977,1.0,2.0,17.1765,2.0,17.1765,entry_initial_normal_long
845,103705,TIA,0.1407999999999987,-0.00689876,1057.5009904199976,0.0,1057.5009904199976,1.0,-2.0,17.2469,0.0,17.1765,close_grid_long
846,103835,TIA,0.0,-0.006870480000000001,1057.4941199399975,0.0,1057.4941199399975,1.0,2.0,17.1762,2.0,17.1762,entry_initial_normal_long
847,103850,TIA,0.1407999999999987,-0.006898640000000001,1057.6280212999975,0.0,1057.6280212999975,1.0,-2.0,17.2466,0.0,17.1762,close_grid_long
848,103855,TIA,0.0,-0.00687148,1057.6211498199975,0.0,1057.6211498199975,1.0,2.0,17.1787,2.0,17.1787,entry_initial_normal_long
849,103860,TIA,0.1407999999999987,-0.006899639999999999,1057.7550501799976,0.0,1057.7550501799976,1.0,-2.0,17.2491,0.0,17.1787,close_grid_long
850,104221,TIA,0.0,-0.006945000000000001,1057.7481051799975,0.0,1057.7481051799975,1.0,2.0,17.3625,2.0,17.3625,entry_initial_normal_long
851,104258,TIA,0.14240000000000208,-0.006973480000000001,1057.8835316999975,0.0,1057.8835316999975,1.0,-2.0,17.4337,0.0,17.3625,close_grid_long
852,104261,TIA,0.0,-0.00694636,1057.8765853399975,0.0,1057.8765853399975,1.0,2.0,17.3659,2.0,17.3659,entry_initial_normal_long
853,104267,TIA,0.14240000000000208,-0.00697484,1058.0120104999976,0.0,1058.0120104999976,1.0,-2.0,17.4371,0.0,17.3659,close_grid_long
854,104441,TIA,0.0,-0.0069713200000000005,1058.0050391799975,0.0,1058.0050391799975,1.0,2.0,17.4283,2.0,17.4283,entry_initial_normal_long
855,104471,TIA,0.14300000000000068,-0.006999920000000001,1058.1410392599976,0.0,1058.1410392599976,1.0,-2.0,17.4998,0.0,17.4283,close_grid_long
856,104479,TIA,0.0,-0.00697344,1058.1340658199977,0.0,1058.1340658199977,1.0,2.0,17.4336,2.0,17.4336,entry_initial_normal_long
857,104486,TIA,0.14300000000000068,-0.00700204,1058.2700637799976,0.0,1058.2700637799976,1.0,-2.0,17.5051,0.0,17.4336,close_grid_long
858,104491,TIA,0.0,-0.006974160000000001,1058.2630896199976,0.0,1058.2630896199976,1.0,2.0,17.4354,2.0,17.4354,entry_initial_normal_long
859,104493,TIA,0.14300000000000068,-0.007002760000000001,1058.3990868599976,0.0,1058.3990868599976,1.0,-2.0,17.5069,0.0,17.4354,close_grid_long
860,104508,TIA,0.0,-0.00697576,1058.3921110999977,0.0,1058.3921110999977,1.0,2.0,17.4394,2.0,17.4394,entry_initial_normal_long
861,104536,TIA,0.14300000000000068,-0.00700436,1058.5281067399976,0.0,1058.5281067399976,1.0,-2.0,17.5109,0.0,17.4394,close_grid_long
862,104541,TIA,0.0,-0.006977280000000001,1058.5211294599976,0.0,1058.5211294599976,1.0,2.0,17.4432,2.0,17.4432,entry_initial_normal_long
863,104598,TIA,0.14300000000000068,-0.007005880000000001,1058.6571235799977,0.0,1058.6571235799977,1.0,-2.0,17.5147,0.0,17.4432,close_grid_long
864,104615,TIA,0.0,-0.00697928,1058.6501442999977,0.0,1058.6501442999977,1.0,2.0,17.4482,2.0,17.4482,entry_initial_normal_long
865,104621,TIA,0.14300000000000068,-0.00700788,1058.7861364199978,0.0,1058.7861364199978,1.0,-2.0,17.5197,0.0,17.4482,close_grid_long
866,105293,TIA,0.0,-0.007082240000000001,1058.7790541799977,0.0,1058.7790541799977,1.0,2.0,17.7056,2.0,17.7056,entry_initial_normal_long
867,105507,TIA,0.14519999999999555,-0.007111279999999999,1058.9171428999978,0.0,1058.9171428999978,1.0,-2.0,17.7782,0.0,17.7056,close_grid_long
868,105508,TIA,0.0,-0.007083320000000001,1058.9100595799978,0.0,1058.9100595799978,1.0,2.0,17.7083,2.0,17.7083,entry_initial_normal_long
869,105510,TIA,0.14519999999999555,-0.00711236,1059.0481472199979,0.0,1059.0481472199979,1.0,-2.0,17.7809,0.0,17.7083,close_grid_long
870,105511,TIA,0.0,-0.00708352,1059.041063699998,0.0,1059.041063699998,1.0,2.0,17.7088,2.0,17.7088,entry_initial_normal_long
871,105525,TIA,0.14520000000000266,-0.007112560000000001,1059.1791511399979,0.0,1059.1791511399979,1.0,-2.0,17.7814,0.0,17.7088,close_grid_long
872,105527,TIA,0.0,-0.00708436,1059.172066779998,0.0,1059.172066779998,1.0,2.0,17.7109,2.0,17.7109,entry_initial_normal_long
873,105530,TIA,0.14520000000000266,-0.007113400000000001,1059.310153379998,0.0,1059.310153379998,1.0,-2.0,17.7835,0.0,17.7109,close_grid_long
874,105535,TIA,0.0,-0.00708492,1059.303068459998,0.0,1059.303068459998,1.0,2.0,17.7123,2.0,17.7123,entry_initial_normal_long
875,105537,TIA,0.14520000000000266,-0.007113960000000001,1059.441154499998,0.0,1059.441154499998,1.0,-2.0,17.7849,0.0,17.7123,close_grid_long
876,105586,TIA,0.0,-0.007088800000000001,1059.434065699998,0.0,1059.434065699998,1.0,2.0,17.722,2.0,17.722,entry_initial_normal_long
877,105606,TIA,0.14519999999999555,-0.00711784,1059.572147859998,0.0,1059.572147859998,1.0,-2.0,17.7946,0.0,17.722,close_grid_long
878,106471,TIA,0.0,-0.007260120000000001,1059.564887739998,0.0,1059.564887739998,1.0,2.0,18.1503,2.0,18.1503,entry_initial_normal_long
879,107844,TIA,0.0,-0.0064342,1059.558453539998,0.0,1059.558453539998,1.0,2.0,16.0855,4.0,17.1179,entry_grid_normal_long
880,108905,TIA,0.2867999999999995,-0.013751679999999999,1059.831501859998,0.0,1059.831501859998,1.0,-4.0,17.1896,0.0,17.1179,close_grid_long
881,108994,TIA,0.0,-0.006688800000000001,1059.8248130599982,0.0,1059.8248130599982,1.0,2.0,16.722,2.0,16.722,entry_initial_normal_long
882,109006,TIA,0.13680000000000092,-0.006716160000000001,1059.9548968999982,0.0,1059.9548968999982,1.0,-2.0,16.7904,0.0,16.722,close_grid_long
883,109009,TIA,0.0,-0.0066898,1059.9482070999982,0.0,1059.9482070999982,1.0,2.0,16.7245,2.0,16.7245,entry_initial_normal_long
884,109018,TIA,0.13680000000000092,-0.00671716,1060.0782899399983,0.0,1060.0782899399983,1.0,-2.0,16.7929,0.0,16.7245,close_grid_long
885,109089,TIA,0.0,-0.006700920000000001,1060.0715890199983,0.0,1060.0715890199983,1.0,2.0,16.7523,2.0,16.7523,entry_initial_normal_long
886,109093,TIA,0.13739999999999952,-0.006728400000000001,1060.2022606199982,0.0,1060.2022606199982,1.0,-2.0,16.821,0.0,16.7523,close_grid_long
887,109116,TIA,0.0,-0.0067037600000000004,1060.1955568599983,0.0,1060.1955568599983,1.0,2.0,16.7594,2.0,16.7594,entry_initial_normal_long
888,109157,TIA,0.13739999999999952,-0.00673124,1060.3262256199982,0.0,1060.3262256199982,1.0,-2.0,16.8281,0.0,16.7594,close_grid_long
889,109239,TIA,0.0,-0.00671904,1060.3195065799982,0.0,1060.3195065799982,1.0,2.0,16.7976,2.0,16.7976,entry_initial_normal_long
890,109262,TIA,0.13759999999999906,-0.0067465599999999995,1060.4503600199982,0.0,1060.4503600199982,1.0,-2.0,16.8664,0.0,16.7976,close_grid_long
891,109290,TIA,0.0,-0.006723720000000001,1060.4436362999982,0.0,1060.4436362999982,1.0,2.0,16.8093,2.0,16.8093,entry_initial_normal_long
892,109424,TIA,0.1377999999999986,-0.00675128,1060.5746850199982,0.0,1060.5746850199982,1.0,-2.0,16.8782,0.0,16.8093,close_grid_long
893,109675,TIA,0.0,-0.0067688,1060.5679162199983,0.0,1060.5679162199983,1.0,2.0,16.922,2.0,16.922,entry_initial_normal_long
894,109788,TIA,0.13859999999999673,-0.00679652,1060.6997196999982,0.0,1060.6997196999982,1.0,-2.0,16.9913,0.0,16.922,close_grid_long
895,109803,TIA,0.0,-0.00677376,1060.6929459399983,0.0,1060.6929459399983,1.0,2.0,16.9344,2.0,16.9344,entry_initial_normal_long
896,109818,TIA,0.13879999999999626,-0.006801519999999999,1060.8249444199982,0.0,1060.8249444199982,1.0,-2.0,17.0038,0.0,16.9344,close_grid_long
897,109965,TIA,0.0,-0.0067925600000000004,1060.8181518599984,0.0,1060.8181518599984,1.0,2.0,16.9814,2.0,16.9814,entry_initial_normal_long
898,110006,TIA,0.13919999999999533,-0.0068204,1060.9505314599983,0.0,1060.9505314599983,1.0,-2.0,17.051,0.0,16.9814,close_grid_long
899,110027,TIA,0.0,-0.006796320000000001,1060.9437351399984,0.0,1060.9437351399984,1.0,2.0,16.9908,2.0,16.9908,entry_initial_normal_long
900,110074,TIA,0.13920000000000243,-0.006824160000000001,1061.0761109799982,0.0,1061.0761109799982,1.0,-2.0,17.0604,0.0,16.9908,close_grid_long
901,110271,TIA,0.0,-0.0068308000000000015,1061.0692801799983,0.0,1061.0692801799983,1.0,2.0,17.077,2.0,17.077,entry_initial_normal_long
902,110272,TIA,0.13999999999999346,-0.0068588,1061.2024213799982,0.0,1061.2024213799982,1.0,-2.0,17.147,0.0,17.077,close_grid_long
903,110280,TIA,0.0,-0.006831480000000001,1061.1955898999981,0.0,1061.1955898999981,1.0,2.0,17.0787,2.0,17.0787,entry_initial_normal_long
904,110285,TIA,0.14000000000000057,-0.006859480000000001,1061.3287304199982,0.0,1061.3287304199982,1.0,-2.0,17.1487,0.0,17.0787,close_grid_long
905,112101,TIA,0.0,-0.007207720000000001,1061.3215226999982,0.0,1061.3215226999982,1.0,2.0,18.0193,2.0,18.0193,entry_initial_normal_long
906,112114,TIA,0.1477999999999966,-0.0072372800000000004,1061.4620854199982,0.0,1061.4620854199982,1.0,-2.0,18.0932,0.0,18.0193,close_grid_long
907,112163,TIA,0.0,-0.0072126000000000004,1061.4548728199982,0.0,1061.4548728199982,1.0,2.0,18.0315,2.0,18.0315,entry_initial_normal_long
908,114205,TIA,0.14799999999999613,-0.0072422,1061.5956306199982,0.0,1061.5956306199982,1.0,-2.0,18.1055,0.0,18.0315,close_grid_long
909,114555,TIA,0.0,-0.007147280000000001,1061.5884833399982,0.0,1061.5884833399982,1.0,2.0,17.8682,2.0,17.8682,entry_initial_normal_long
910,114564,TIA,0.1465999999999994,-0.007176600000000001,1061.7279067399982,0.0,1061.7279067399982,1.0,-2.0,17.9415,0.0,17.8682,close_grid_long
911,114568,TIA,0.0,-0.007148160000000001,1061.7207585799981,0.0,1061.7207585799981,1.0,2.0,17.8704,2.0,17.8704,entry_initial_normal_long
912,114576,TIA,0.1465999999999994,-0.00717748,1061.860181099998,0.0,1061.860181099998,1.0,-2.0,17.9437,0.0,17.8704,close_grid_long
913,114591,TIA,0.0,-0.00715012,1061.853030979998,0.0,1061.853030979998,1.0,2.0,17.8753,2.0,17.8753,entry_initial_normal_long
914,114636,TIA,0.14679999999999893,-0.00717948,1061.9926514999981,0.0,1061.9926514999981,1.0,-2.0,17.9487,0.0,17.8753,close_grid_long
915,114638,TIA,0.0,-0.00715256,1061.9854989399983,0.0,1061.9854989399983,1.0,2.0,17.8814,2.0,17.8814,entry_initial_normal_long
916,114645,TIA,0.14679999999999893,-0.00718192,1062.1251170199982,0.0,1062.1251170199982,1.0,-2.0,17.9548,0.0,17.8814,close_grid_long
917,114649,TIA,0.0,-0.00715316,1062.1179638599983,0.0,1062.1179638599983,1.0,2.0,17.8829,2.0,17.8829,entry_initial_normal_long
918,115429,TIA,0.14679999999999893,-0.0071825199999999995,1062.2575813399983,0.0,1062.2575813399983,1.0,-2.0,17.9563,0.0,17.8829,close_grid_long
919,115486,TIA,0.0,-0.007116880000000001,1062.2504644599983,0.0,1062.2504644599983,1.0,2.0,17.7922,2.0,17.7922,entry_initial_normal_long
920,115673,TIA,0.14580000000000126,-0.007146040000000001,1062.3891184199983,0.0,1062.3891184199983,1.0,-2.0,17.8651,0.0,17.7922,close_grid_long
921,115682,TIA,0.0,-0.00711652,1062.3820018999984,0.0,1062.3820018999984,1.0,2.0,17.7913,2.0,17.7913,entry_initial_normal_long
922,115696,TIA,0.14580000000000126,-0.007145680000000001,1062.5206562199985,0.0,1062.5206562199985,1.0,-2.0,17.8642,0.0,17.7913,close_grid_long
923,115745,TIA,0.0,-0.00712196,1062.5135342599986,0.0,1062.5135342599986,1.0,2.0,17.8049,2.0,17.8049,entry_initial_normal_long
924,115748,TIA,0.1460000000000008,-0.00715116,1062.6523830999986,0.0,1062.6523830999986,1.0,-2.0,17.8779,0.0,17.8049,close_grid_long
925,115759,TIA,0.0,-0.00712308,1062.6452600199987,0.0,1062.6452600199987,1.0,2.0,17.8077,2.0,17.8077,entry_initial_normal_long
926,117531,TIA,0.1460000000000008,-0.0071522800000000004,1062.7841077399987,0.0,1062.7841077399987,1.0,-2.0,17.8807,0.0,17.8077,close_grid_long
927,117547,TIA,0.0,-0.007028319999999999,1062.7770794199987,0.0,1062.7770794199987,1.0,2.0,17.5708,2.0,17.5708,entry_initial_normal_long
928,117551,TIA,0.14400000000000546,-0.007057120000000001,1062.9140222999988,0.0,1062.9140222999988,1.0,-2.0,17.6428,0.0,17.5708,close_grid_long
929,119776,TIA,0.0,-0.00792764,1062.9060946599989,0.0,1062.9060946599989,1.0,2.0,19.8191,2.0,19.8191,entry_initial_normal_long
930,119802,TIA,0.16280000000000427,-0.0079602,1063.0609344599989,0.0,1063.0609344599989,1.0,-2.0,19.9005,0.0,19.8191,close_grid_long
931,119808,TIA,0.0,-0.007929680000000001,1063.053004779999,0.0,1063.053004779999,1.0,2.0,19.8242,2.0,19.8242,entry_initial_normal_long
932,119814,TIA,0.16279999999999717,-0.00796224,1063.2078425399989,0.0,1063.2078425399989,1.0,-2.0,19.9056,0.0,19.8242,close_grid_long
933,119881,TIA,0.0,-0.007938520000000001,1063.199904019999,0.0,1063.199904019999,1.0,2.0,19.8463,2.0,19.8463,entry_initial_normal_long
934,119889,TIA,0.16320000000000334,-0.007971160000000001,1063.355132859999,0.0,1063.355132859999,1.0,-2.0,19.9279,0.0,19.8463,close_grid_long
935,119906,TIA,0.0,-0.0079404,1063.347192459999,0.0,1063.347192459999,1.0,2.0,19.851,2.0,19.851,entry_initial_normal_long
936,119977,TIA,0.16340000000000288,-0.00797308,1063.502619379999,0.0,1063.502619379999,1.0,-2.0,19.9327,0.0,19.851,close_grid_long
937,119980,TIA,0.0,-0.0079434,1063.494675979999,0.0,1063.494675979999,1.0,2.0,19.8585,2.0,19.8585,entry_initial_normal_long
938,120060,TIA,0.16340000000000288,-0.00797608,1063.650099899999,0.0,1063.650099899999,1.0,-2.0,19.9402,0.0,19.8585,close_grid_long
939,120062,TIA,0.0,-0.00794528,1063.642154619999,0.0,1063.642154619999,1.0,2.0,19.8632,2.0,19.8632,entry_initial_normal_long
940,120517,TIA,0.16340000000000288,-0.007977960000000001,1063.797576659999,0.0,1063.797576659999,1.0,-2.0,19.9449,0.0,19.8632,close_grid_long
941,120528,TIA,0.0,-0.00793976,1063.789636899999,0.0,1063.789636899999,1.0,2.0,19.8494,2.0,19.8494,entry_initial_normal_long
942,120533,TIA,0.16320000000000334,-0.007972400000000001,1063.944864499999,0.0,1063.944864499999,1.0,-2.0,19.931,0.0,19.8494,close_grid_long
943,120541,TIA,0.0,-0.00794072,1063.936923779999,0.0,1063.936923779999,1.0,2.0,19.8518,2.0,19.8518,entry_initial_normal_long
944,120546,TIA,0.16339999999999577,-0.0079734,1064.092350379999,0.0,1064.092350379999,1.0,-2.0,19.9335,0.0,19.8518,close_grid_long
945,120657,TIA,0.0,-0.00795524,1064.084395139999,0.0,1064.084395139999,1.0,2.0,19.8881,2.0,19.8881,entry_initial_normal_long
946,120995,TIA,0.1635999999999953,-0.00798796,1064.240007179999,0.0,1064.240007179999,1.0,-2.0,19.9699,0.0,19.8881,close_grid_long
947,121022,TIA,0.0,-0.007957200000000001,1064.2320499799991,0.0,1064.2320499799991,1.0,2.0,19.893,2.0,19.893,entry_initial_normal_long
948,121053,TIA,0.1635999999999953,-0.00798992,1064.3876600599992,0.0,1064.3876600599992,1.0,-2.0,19.9748,0.0,19.893,close_grid_long
949,121174,TIA,0.0,-0.00797268,1064.3796873799993,0.0,1064.3796873799993,1.0,2.0,19.9317,2.0,19.9317,entry_initial_normal_long
950,121234,TIA,0.16400000000000148,-0.00800548,1064.5356818999992,0.0,1064.5356818999992,1.0,-2.0,20.0137,0.0,19.9317,close_grid_long
951,121282,TIA,0.0,-0.00798284,1064.5276990599991,0.0,1064.5276990599991,1.0,2.0,19.9571,2.0,19.9571,entry_initial_normal_long
952,121310,TIA,0.164200000000001,-0.00801568,1064.683883379999,0.0,1064.683883379999,1.0,-2.0,20.0392,0.0,19.9571,close_grid_long
953,121330,TIA,0.0,-0.00798672,1064.6758966599991,0.0,1064.6758966599991,1.0,2.0,19.9668,2.0,19.9668,entry_initial_normal_long
954,121356,TIA,0.164200000000001,-0.00801956,1064.8320770999992,0.0,1064.8320770999992,1.0,-2.0,20.0489,0.0,19.9668,close_grid_long
955,121385,TIA,0.0,-0.0079912,1064.824085899999,0.0,1064.824085899999,1.0,2.0,19.978,2.0,19.978,entry_initial_normal_long
956,121413,TIA,0.16439999999999344,-0.00802408,1064.9804618199992,0.0,1064.9804618199992,1.0,-2.0,20.0602,0.0,19.978,close_grid_long
957,121427,TIA,0.0,-0.00799396,1064.9724678599991,0.0,1064.9724678599991,1.0,2.0,19.9849,2.0,19.9849,entry_initial_normal_long
958,121441,TIA,0.16440000000000055,-0.00802684,1065.128841019999,0.0,1065.128841019999,1.0,-2.0,20.0671,0.0,19.9849,close_grid_long
959,121454,TIA,0.0,-0.00799588,1065.1208451399991,0.0,1065.1208451399991,1.0,2.0,19.9897,2.0,19.9897,entry_initial_normal_long
960,121522,TIA,0.16440000000000055,-0.00802876,1065.2772163799991,0.0,1065.2772163799991,1.0,-2.0,20.0719,0.0,19.9897,close_grid_long
961,121557,TIA,0.0,-0.008002160000000001,1065.2692142199992,0.0,1065.2692142199992,1.0,2.0,20.0054,2.0,20.0054,entry_initial_normal_long
962,121590,TIA,0.16460000000000008,-0.008035080000000002,1065.4257791399991,0.0,1065.4257791399991,1.0,-2.0,20.0877,0.0,20.0054,close_grid_long
963,121598,TIA,0.0,-0.008004559999999999,1065.417774579999,0.0,1065.417774579999,1.0,2.0,20.0114,2.0,20.0114,entry_initial_normal_long
964,121696,TIA,0.16460000000000008,-0.00803748,1065.5743370999992,0.0,1065.5743370999992,1.0,-2.0,20.0937,0.0,20.0114,close_grid_long
965,121699,TIA,0.0,-0.008004160000000001,1065.5663329399993,0.0,1065.5663329399993,1.0,2.0,20.0104,2.0,20.0104,entry_initial_normal_long
966,121700,TIA,0.16460000000000008,-0.00803708,1065.7228958599992,0.0,1065.7228958599992,1.0,-2.0,20.0927,0.0,20.0104,close_grid_long
967,121947,TIA,0.0,-0.008064120000000001,1065.7148317399992,0.0,1065.7148317399992,1.0,2.0,20.1603,2.0,20.1603,entry_initial_normal_long
968,122027,TIA,0.1658000000000044,-0.008097280000000002,1065.8725344599993,0.0,1065.8725344599993,1.0,-2.0,20.2432,0.0,20.1603,close_grid_long
969,122167,TIA,0.0,-0.00808812,1065.8644463399994,0.0,1065.8644463399994,1.0,2.0,20.2203,2.0,20.2203,entry_initial_normal_long
970,129094,TIA,0.0,-0.00729572,1065.8571506199994,0.0,1065.8571506199994,1.0,2.0,18.2393,4.0,19.2298,entry_grid_normal_long
971,133595,TIA,0.32399999999999807,-0.015448640000000001,1066.1657019799993,0.0,1066.1657019799993,1.0,-4.0,19.3108,0.0,19.2298,close_grid_long
972,133700,TIA,0.0,-0.00756284,1066.1581391399993,0.0,1066.1581391399993,1.0,2.0,18.9071,2.0,18.9071,entry_initial_normal_long
973,133783,TIA,0.1554000000000002,-0.0075939200000000005,1066.3059452199993,0.0,1066.3059452199993,1.0,-2.0,18.9848,0.0,18.9071,close_grid_long
974,133796,TIA,0.0,-0.00756728,1066.2983779399992,0.0,1066.2983779399992,1.0,2.0,18.9182,2.0,18.9182,entry_initial_normal_long
975,133814,TIA,0.1554000000000002,-0.00759836,1066.4461795799991,0.0,1066.4461795799991,1.0,-2.0,18.9959,0.0,18.9182,close_grid_long
976,133875,TIA,0.0,-0.0075746799999999994,1066.438604899999,0.0,1066.438604899999,1.0,2.0,18.9367,2.0,18.9367,entry_initial_normal_long
977,134388,TIA,0.15560000000000684,-0.007605800000000001,1066.5865990999991,0.0,1066.5865990999991,1.0,-2.0,19.0145,0.0,18.9367,close_grid_long
978,134416,TIA,0.0,-0.007560680000000001,1066.579038419999,0.0,1066.579038419999,1.0,2.0,18.9017,2.0,18.9017,entry_initial_normal_long
979,134615,TIA,0.15519999999999357,-0.00759172,1066.726646699999,0.0,1066.726646699999,1.0,-2.0,18.9793,0.0,18.9017,close_grid_long
980,134697,TIA,0.0,-0.00757148,1066.719075219999,0.0,1066.719075219999,1.0,2.0,18.9287,2.0,18.9287,entry_initial_normal_long
981,134714,TIA,0.15559999999999974,-0.0076026,1066.867072619999,0.0,1066.867072619999,1.0,-2.0,19.0065,0.0,18.9287,close_grid_long
982,134721,TIA,0.0,-0.007573160000000001,1066.859499459999,0.0,1066.859499459999,1.0,2.0,18.9329,2.0,18.9329,entry_initial_normal_long
983,135236,TIA,0.15559999999999974,-0.007604280000000001,1067.0074951799988,0.0,1067.0074951799988,1.0,-2.0,19.0107,0.0,18.9329,close_grid_long
984,135312,TIA,0.0,-0.007575360000000001,1066.999919819999,0.0,1066.999919819999,1.0,2.0,18.9384,2.0,18.9384,entry_initial_normal_long
985,136289,TIA,0.0,-0.006828600000000001,1066.9930912199989,0.0,1066.9930912199989,1.0,2.0,17.0715,4.0,18.00495,entry_grid_normal_long
986,136743,TIA,0.30219999999999914,-0.0144644,1067.2808268199988,0.0,1067.2808268199988,1.0,-4.0,18.0805,0.0,18.00495,close_grid_long
987,136744,TIA,0.0,-0.007232240000000001,1067.2735945799989,0.0,1067.2735945799989,1.0,2.0,18.0806,2.0,18.0806,entry_initial_normal_long
988,136748,TIA,0.1484000000000023,-0.007261920000000001,1067.414732659999,0.0,1067.414732659999,1.0,-2.0,18.1548,0.0,18.0806,close_grid_long
989,136749,TIA,0.0,-0.00726776,1067.4074648999988,0.0,1067.4074648999988,1.0,2.0,18.1694,2.0,18.1694,entry_initial_normal_long
990,136750,TIA,0.1490000000000009,-0.007297560000000001,1067.5491673399988,0.0,1067.5491673399988,1.0,-2.0,18.2439,0.0,18.1694,close_grid_long
991,136754,TIA,0.0,-0.00728012,1067.541887219999,0.0,1067.541887219999,1.0,2.0,18.2003,2.0,18.2003,entry_initial_normal_long
992,140160,TIA,0.0,-0.00656416,1067.535323059999,0.0,1067.535323059999,1.0,2.0,16.4104,4.0,17.305349999999997,entry_grid_normal_long
993,142692,TIA,0.2898000000000138,-0.013902240000000001,1067.8112208199989,0.0,1067.8112208199989,1.0,-4.0,17.3778,0.0,17.305349999999997,close_grid_long
994,143082,TIA,0.0,-0.006807120000000001,1067.8044136999988,0.0,1067.8044136999988,1.0,2.0,17.0178,2.0,17.0178,entry_initial_normal_long
995,143205,TIA,0.13939999999999486,-0.006835,1067.9369786999987,0.0,1067.9369786999987,1.0,-2.0,17.0875,0.0,17.0178,close_grid_long
996,143211,TIA,0.0,-0.0068099599999999995,1067.9301687399986,0.0,1067.9301687399986,1.0,2.0,17.0249,2.0,17.0249,entry_initial_normal_long
997,143254,TIA,0.13940000000000197,-0.00683784,1068.0627308999985,0.0,1068.0627308999985,1.0,-2.0,17.0946,0.0,17.0249,close_grid_long
998,143291,TIA,0.0,-0.0068152,1068.0559156999986,0.0,1068.0559156999986,1.0,2.0,17.038,2.0,17.038,entry_initial_normal_long
999,143332,TIA,0.1396000000000015,-0.006843120000000001,1068.1886725799986,0.0,1068.1886725799986,1.0,-2.0,17.1078,0.0,17.038,close_grid_long
1000,143351,TIA,0.0,-0.0068185599999999996,1068.1818540199986,0.0,1068.1818540199986,1.0,2.0,17.0464,2.0,17.0464,entry_initial_normal_long
1001,143433,TIA,0.1396000000000015,-0.00684648,1068.3146075399986,0.0,1068.3146075399986,1.0,-2.0,17.1162,0.0,17.0464,close_grid_long
1002,143498,TIA,0.0,-0.006826600000000001,1068.3077809399986,0.0,1068.3077809399986,1.0,2.0,17.0665,2.0,17.0665,entry_initial_normal_long
1003,143789,TIA,0.13979999999999393,-0.00685456,1068.4407263799985,0.0,1068.4407263799985,1.0,-2.0,17.1364,0.0,17.0665,close_grid_long
1004,143795,TIA,0.0,-0.006828400000000001,1068.4338979799986,0.0,1068.4338979799986,1.0,2.0,17.071,2.0,17.071,entry_initial_normal_long
1005,144922,TIA,0.13979999999999393,-0.00685636,1068.5668416199985,0.0,1068.5668416199985,1.0,-2.0,17.1409,0.0,17.071,close_grid_long
1006,145489,TIA,0.0,-0.006844159999999999,1068.5599974599986,0.0,1068.5599974599986,1.0,2.0,17.1104,2.0,17.1104,entry_initial_normal_long
1007,145568,TIA,0.1402000000000001,-0.006872199999999999,1068.6933252599986,0.0,1068.6933252599986,1.0,-2.0,17.1805,0.0,17.1104,close_grid_long
1008,145569,TIA,0.0,-0.006844840000000001,1068.6864804199986,0.0,1068.6864804199986,1.0,2.0,17.1121,2.0,17.1121,entry_initial_normal_long
1009,145629,TIA,0.1402000000000001,-0.006872880000000001,1068.8198075399987,0.0,1068.8198075399987,1.0,-2.0,17.1822,0.0,17.1121,close_grid_long
1010,145672,TIA,0.0,-0.0068494,1068.8129581399987,0.0,1068.8129581399987,1.0,2.0,17.1235,2.0,17.1235,entry_initial_normal_long
1011,145759,TIA,0.1402000000000001,-0.00687744,1068.9462806999986,0.0,1068.9462806999986,1.0,-2.0,17.1936,0.0,17.1235,close_grid_long
1012,145770,TIA,0.0,-0.006852920000000001,1068.9394277799986,0.0,1068.9394277799986,1.0,2.0,17.1323,2.0,17.1323,entry_initial_normal_long
1013,145774,TIA,0.14039999999999964,-0.006881000000000001,1069.0729467799986,0.0,1069.0729467799986,1.0,-2.0,17.2025,0.0,17.1323,close_grid_long
1014,146246,TIA,0.0,-0.006936360000000001,1069.0660104199985,0.0,1069.0660104199985,1.0,2.0,17.3409,2.0,17.3409,entry_initial_normal_long
1015,146266,TIA,0.1419999999999959,-0.00696476,1069.2010456599985,0.0,1069.2010456599985,1.0,-2.0,17.4119,0.0,17.3409,close_grid_long
1016,146283,TIA,0.0,-0.006938880000000001,1069.1941067799985,0.0,1069.1941067799985,1.0,2.0,17.3472,2.0,17.3472,entry_initial_normal_long
1017,147545,TIA,0.1419999999999959,-0.00696728,1069.3291394999985,0.0,1069.3291394999985,1.0,-2.0,17.4182,0.0,17.3472,close_grid_long
1018,147577,TIA,0.0,-0.00683308,1069.3223064199985,0.0,1069.3223064199985,1.0,2.0,17.0827,2.0,17.0827,entry_initial_normal_long
1019,147858,TIA,0.14000000000000057,-0.00686108,1069.4554453399985,0.0,1069.4554453399985,1.0,-2.0,17.1527,0.0,17.0827,close_grid_long
1020,147871,TIA,0.0,-0.006826479999999999,1069.4486188599985,0.0,1069.4486188599985,1.0,2.0,17.0662,2.0,17.0662,entry_initial_normal_long
1021,147875,TIA,0.13980000000000103,-0.00685444,1069.5815644199986,0.0,1069.5815644199986,1.0,-2.0,17.1361,0.0,17.0662,close_grid_long
1022,147887,TIA,0.0,-0.0068281999999999995,1069.5747362199986,0.0,1069.5747362199986,1.0,2.0,17.0705,2.0,17.0705,entry_initial_normal_long
1023,147888,TIA,0.13980000000000103,-0.00685616,1069.7076800599987,0.0,1069.7076800599987,1.0,-2.0,17.1404,0.0,17.0705,close_grid_long
1024,147891,TIA,0.0,-0.00682868,1069.7008513799988,0.0,1069.7008513799988,1.0,2.0,17.0717,2.0,17.0717,entry_initial_normal_long
1025,147893,TIA,0.13980000000000103,-0.006856640000000001,1069.8337947399987,0.0,1069.8337947399987,1.0,-2.0,17.1416,0.0,17.0717,close_grid_long
1026,147901,TIA,0.0,-0.00682988,1069.8269648599987,0.0,1069.8269648599987,1.0,2.0,17.0747,2.0,17.0747,entry_initial_normal_long
1027,147910,TIA,0.13980000000000103,-0.0068578400000000005,1069.9599070199988,0.0,1069.9599070199988,1.0,-2.0,17.1446,0.0,17.0747,close_grid_long
1028,147917,TIA,0.0,-0.00683156,1069.953075459999,0.0,1069.953075459999,1.0,2.0,17.0789,2.0,17.0789,entry_initial_normal_long
1029,147918,TIA,0.14000000000000057,-0.006859560000000001,1070.086215899999,0.0,1070.086215899999,1.0,-2.0,17.1489,0.0,17.0789,close_grid_long
1030,147919,TIA,0.0,-0.00683176,1070.0793841399989,0.0,1070.0793841399989,1.0,2.0,17.0794,2.0,17.0794,entry_initial_normal_long
1031,147931,TIA,0.0,-0.00615704,1070.0732270999988,0.0,1070.0732270999988,1.0,2.0,15.3926,4.0,16.236,entry_grid_normal_long
1032,147944,TIA,0.2711999999999932,-0.01304304,1070.3313840599988,0.0,1070.3313840599988,1.0,-4.0,16.3038,0.0,16.236,close_grid_long
1033,147945,TIA,0.0,-0.00653232,1070.3248517399988,0.0,1070.3248517399988,1.0,2.0,16.3308,2.0,16.3308,entry_initial_normal_long
1034,147955,TIA,0.1338000000000008,-0.00655908,1070.452092659999,0.0,1070.452092659999,1.0,-2.0,16.3977,0.0,16.3308,close_grid_long
1035,147956,TIA,0.0,-0.006557599999999999,1070.445535059999,0.0,1070.445535059999,1.0,2.0,16.394,2.0,16.394,entry_initial_normal_long
1036,147957,TIA,0.13419999999999987,-0.0065844399999999996,1070.573150619999,0.0,1070.573150619999,1.0,-2.0,16.4611,0.0,16.394,close_grid_long
1037,147958,TIA,0.0,-0.006538400000000001,1070.5666122199991,0.0,1070.5666122199991,1.0,2.0,16.346,2.0,16.346,entry_initial_normal_long
1038,147959,TIA,0.1338000000000008,-0.0065651600000000004,1070.6938470599991,0.0,1070.6938470599991,1.0,-2.0,16.4129,0.0,16.346,close_grid_long
1039,147960,TIA,0.0,-0.006552760000000001,1070.6872942999992,0.0,1070.6872942999992,1.0,2.0,16.3819,2.0,16.3819,entry_initial_normal_long
1040,148215,TIA,0.13419999999999987,-0.0065796000000000006,1070.8149146999992,0.0,1070.8149146999992,1.0,-2.0,16.449,0.0,16.3819,close_grid_long
1041,148216,TIA,0.0,-0.00657676,1070.8083379399993,0.0,1070.8083379399993,1.0,2.0,16.4419,2.0,16.4419,entry_initial_normal_long
1042,148254,TIA,0.13459999999999894,-0.006603680000000001,1070.9363342599993,0.0,1070.9363342599993,1.0,-2.0,16.5092,0.0,16.4419,close_grid_long
1043,148255,TIA,0.0,-0.0065982,1070.9297360599992,0.0,1070.9297360599992,1.0,2.0,16.4955,2.0,16.4955,entry_initial_normal_long
1044,148336,TIA,0.134999999999998,-0.0066251999999999995,1071.0581108599993,0.0,1071.0581108599993,1.0,-2.0,16.563,0.0,16.4955,close_grid_long
1045,148337,TIA,0.0,-0.006641280000000001,1071.0514695799993,0.0,1071.0514695799993,1.0,2.0,16.6032,2.0,16.6032,entry_initial_normal_long
1046,148338,TIA,0.16919999999999646,-0.00667512,1071.2139944599994,0.0,1071.2139944599994,1.0,-2.0,16.6878,0.0,16.6032,close_grid_long
1047,148601,TIA,0.0,-0.00680136,1071.2071930999994,0.0,1071.2071930999994,1.0,2.0,17.0034,2.0,17.0034,entry_initial_normal_long
1048,148602,TIA,0.13940000000000197,-0.00682924,1071.3397638599993,0.0,1071.3397638599993,1.0,-2.0,17.0731,0.0,17.0034,close_grid_long
1049,148721,TIA,0.0,-0.0068206000000000004,1071.3329432599992,0.0,1071.3329432599992,1.0,2.0,17.0515,2.0,17.0515,entry_initial_normal_long
1050,148809,TIA,0.13980000000000103,-0.006848560000000001,1071.4658946999991,0.0,1071.4658946999991,1.0,-2.0,17.1214,0.0,17.0515,close_grid_long
1051,148825,TIA,0.0,-0.006822,1071.459072699999,0.0,1071.459072699999,1.0,2.0,17.055,2.0,17.055,entry_initial_normal_long
1052,148828,TIA,0.13980000000000103,-0.00684996,1071.592022739999,0.0,1071.592022739999,1.0,-2.0,17.1249,0.0,17.055,close_grid_long
1053,149298,TIA,0.0,-0.0069368,1071.585085939999,0.0,1071.585085939999,1.0,2.0,17.342,2.0,17.342,entry_initial_normal_long
1054,149300,TIA,0.142000000000003,-0.0069652,1071.7201207399992,0.0,1071.7201207399992,1.0,-2.0,17.413,0.0,17.342,close_grid_long
1055,149301,TIA,0.0,-0.0069370000000000005,1071.713183739999,0.0,1071.713183739999,1.0,2.0,17.3425,2.0,17.3425,entry_initial_normal_long
1056,153087,TIA,0.0,-0.006220440000000001,1071.706963299999,0.0,1071.706963299999,1.0,2.0,15.5511,4.0,16.4468,entry_grid_normal_long
1057,153186,TIA,0.27479999999999905,-0.013212400000000001,1071.968550899999,0.0,1071.968550899999,1.0,-4.0,16.5155,0.0,16.4468,close_grid_long
1058,153187,TIA,0.0,-0.00661548,1071.961935419999,0.0,1071.961935419999,1.0,2.0,16.5387,2.0,16.5387,entry_initial_normal_long
1059,153198,TIA,0.13540000000000418,-0.0066425600000000005,1072.090692859999,0.0,1072.090692859999,1.0,-2.0,16.6064,0.0,16.5387,close_grid_long
1060,153199,TIA,0.0,-0.00664032,1072.084052539999,0.0,1072.084052539999,1.0,2.0,16.6008,2.0,16.6008,entry_initial_normal_long
1061,155828,TIA,0.13600000000000279,-0.0066675200000000006,1072.213385019999,0.0,1072.213385019999,1.0,-2.0,16.6688,0.0,16.6008,close_grid_long
1062,156385,TIA,0.0,-0.0065499600000000005,1072.2068350599989,0.0,1072.2068350599989,1.0,2.0,16.3749,2.0,16.3749,entry_initial_normal_long
1063,156402,TIA,0.13400000000000034,-0.00657676,1072.334258299999,0.0,1072.334258299999,1.0,-2.0,16.4419,0.0,16.3749,close_grid_long
1064,156408,TIA,0.0,-0.006551,1072.327707299999,0.0,1072.327707299999,1.0,2.0,16.3775,2.0,16.3775,entry_initial_normal_long
1065,156411,TIA,0.13419999999999987,-0.006577840000000001,1072.4553294599991,0.0,1072.4553294599991,1.0,-2.0,16.4446,0.0,16.3775,close_grid_long
1066,156414,TIA,0.0,-0.00655136,1072.4487780999991,0.0,1072.4487780999991,1.0,2.0,16.3784,2.0,16.3784,entry_initial_normal_long
1067,156422,TIA,0.13419999999999987,-0.0065782,1072.5763998999992,0.0,1072.5763998999992,1.0,-2.0,16.4455,0.0,16.3784,close_grid_long
1068,156424,TIA,0.0,-0.006551840000000001,1072.5698480599992,0.0,1072.5698480599992,1.0,2.0,16.3796,2.0,16.3796,entry_initial_normal_long
1069,156436,TIA,0.13419999999999987,-0.00657868,1072.6974693799991,0.0,1072.6974693799991,1.0,-2.0,16.4467,0.0,16.3796,close_grid_long
1070,156439,TIA,0.0,-0.006552200000000001,1072.6909171799991,0.0,1072.6909171799991,1.0,2.0,16.3805,2.0,16.3805,entry_initial_normal_long
1071,156502,TIA,0.13419999999999987,-0.006579040000000001,1072.8185381399992,0.0,1072.8185381399992,1.0,-2.0,16.4476,0.0,16.3805,close_grid_long
1072,156503,TIA,0.0,-0.006545560000000001,1072.8119925799992,0.0,1072.8119925799992,1.0,2.0,16.3639,2.0,16.3639,entry_initial_normal_long
1073,156504,TIA,0.1577999999999946,-0.00657712,1072.9632154599992,0.0,1072.9632154599992,1.0,-2.0,16.4428,0.0,16.3639,close_grid_long
1074,156505,TIA,0.0,-0.0065457200000000005,1072.9566697399991,0.0,1072.9566697399991,1.0,2.0,16.3643,2.0,16.3643,entry_initial_normal_long
1075,156506,TIA,0.15440000000000254,-0.006576600000000001,1073.1044931399992,0.0,1073.1044931399992,1.0,-2.0,16.4415,0.0,16.3643,close_grid_long
1076,156512,TIA,0.0,-0.00654648,1073.0979466599993,0.0,1073.0979466599993,1.0,2.0,16.3662,2.0,16.3662,entry_initial_normal_long
1077,156536,TIA,0.13400000000000034,-0.00657328,1073.2253733799992,0.0,1073.2253733799992,1.0,-2.0,16.4332,0.0,16.3662,close_grid_long
1078,156538,TIA,0.0,-0.00654708,1073.2188262999991,0.0,1073.2188262999991,1.0,2.0,16.3677,2.0,16.3677,entry_initial_normal_long
1079,156539,TIA,0.13400000000000034,-0.00657388,1073.3462524199992,0.0,1073.3462524199992,1.0,-2.0,16.4347,0.0,16.3677,close_grid_long
1080,156540,TIA,0.0,-0.0065471999999999995,1073.3397052199991,0.0,1073.3397052199991,1.0,2.0,16.368,2.0,16.368,entry_initial_normal_long
1081,156555,TIA,0.13400000000000034,-0.006574,1073.4671312199991,0.0,1073.4671312199991,1.0,-2.0,16.435,0.0,16.368,close_grid_long
1082,156671,TIA,0.0,-0.00656968,1073.4605615399992,0.0,1073.4605615399992,1.0,2.0,16.4242,2.0,16.4242,entry_initial_normal_long
1083,156672,TIA,0.15140000000000242,-0.00659996,1073.6053615799992,0.0,1073.6053615799992,1.0,-2.0,16.4999,0.0,16.4242,close_grid_long
1084,156675,TIA,0.0,-0.00657004,1073.5987915399992,0.0,1073.5987915399992,1.0,2.0,16.4251,2.0,16.4251,entry_initial_normal_long
1085,156716,TIA,0.0,-0.005791040000000001,1073.593000499999,0.0,1073.593000499999,1.0,2.0,14.4776,4.0,15.451350000000001,entry_grid_normal_long
1086,156722,TIA,0.25779999999999603,-0.01241264,1073.838387859999,0.0,1073.838387859999,1.0,-4.0,15.5158,0.0,15.451350000000001,close_grid_long
1087,156723,TIA,0.0,-0.00616476,1073.832223099999,0.0,1073.832223099999,1.0,2.0,15.4119,2.0,15.4119,entry_initial_normal_long
1088,156725,TIA,0.12600000000000122,-0.00618996,1073.952033139999,0.0,1073.952033139999,1.0,-2.0,15.4749,0.0,15.4119,close_grid_long
1089,156726,TIA,0.0,-0.006167240000000001,1073.945865899999,0.0,1073.945865899999,1.0,2.0,15.4181,2.0,15.4181,entry_initial_normal_long
1090,156729,TIA,0.12599999999999767,-0.0061924400000000004,1074.065673459999,0.0,1074.065673459999,1.0,-2.0,15.4811,0.0,15.4181,close_grid_long
1091,156730,TIA,0.0,-0.006166640000000001,1074.0595068199991,0.0,1074.0595068199991,1.0,2.0,15.4166,2.0,15.4166,entry_initial_normal_long
1092,156731,TIA,0.13119999999999976,-0.00619288,1074.184513939999,0.0,1074.184513939999,1.0,-2.0,15.4822,0.0,15.4166,close_grid_long
1093,156732,TIA,0.0,-0.00619204,1074.178321899999,0.0,1074.178321899999,1.0,2.0,15.4801,2.0,15.4801,entry_initial_normal_long
1094,156733,TIA,0.19899999999999807,-0.00623184,1074.371090059999,0.0,1074.371090059999,1.0,-2.0,15.5796,0.0,15.4801,close_grid_long
1095,156734,TIA,0.0,-0.00621452,1074.364875539999,0.0,1074.364875539999,1.0,2.0,15.5363,2.0,15.5363,entry_initial_normal_long
1096,156735,TIA,0.1739999999999995,-0.00624932,1074.532626219999,0.0,1074.532626219999,1.0,-2.0,15.6233,0.0,15.5363,close_grid_long
1097,156736,TIA,0.0,-0.006215160000000001,1074.526411059999,0.0,1074.526411059999,1.0,2.0,15.5379,2.0,15.5379,entry_initial_normal_long
1098,156790,TIA,0.1269999999999989,-0.00624056,1074.647170499999,0.0,1074.647170499999,1.0,-2.0,15.6014,0.0,15.5379,close_grid_long
1099,156791,TIA,0.0,-0.00626536,1074.640905139999,0.0,1074.640905139999,1.0,2.0,15.6634,2.0,15.6634,entry_initial_normal_long
1100,157250,TIA,0.1280000000000001,-0.00629096,1074.762614179999,0.0,1074.762614179999,1.0,-2.0,15.7274,0.0,15.6634,close_grid_long
1101,157251,TIA,0.0,-0.0062896,1074.756324579999,0.0,1074.756324579999,1.0,2.0,15.724,2.0,15.724,entry_initial_normal_long
1102,157266,TIA,0.12859999999999872,-0.00631532,1074.878609259999,0.0,1074.878609259999,1.0,-2.0,15.7883,0.0,15.724,close_grid_long
1103,157267,TIA,0.0,-0.00631484,1074.872294419999,0.0,1074.872294419999,1.0,2.0,15.7871,2.0,15.7871,entry_initial_normal_long
1104,157273,TIA,0.12919999999999732,-0.00634068,1074.995153739999,0.0,1074.995153739999,1.0,-2.0,15.8517,0.0,15.7871,close_grid_long
1105,157274,TIA,0.0,-0.0063464,1074.988807339999,0.0,1074.988807339999,1.0,2.0,15.866,2.0,15.866,entry_initial_normal_long
1106,157330,TIA,0.12979999999999947,-0.00637236,1075.1122349799991,0.0,1075.1122349799991,1.0,-2.0,15.9309,0.0,15.866,close_grid_long
1107,157342,TIA,0.0,-0.00635856,1075.105876419999,0.0,1075.105876419999,1.0,2.0,15.8964,2.0,15.8964,entry_initial_normal_long
1108,157356,TIA,0.129999999999999,-0.00638456,1075.2294918599991,0.0,1075.2294918599991,1.0,-2.0,15.9614,0.0,15.8964,close_grid_long
1109,157376,TIA,0.0,-0.00636168,1075.223130179999,0.0,1075.223130179999,1.0,2.0,15.9042,2.0,15.9042,entry_initial_normal_long
1110,157393,TIA,0.1302000000000021,-0.00638772,1075.3469424599991,0.0,1075.3469424599991,1.0,-2.0,15.9693,0.0,15.9042,close_grid_long
1111,157523,TIA,0.0,-0.006385040000000001,1075.3405574199992,0.0,1075.3405574199992,1.0,2.0,15.9626,2.0,15.9626,entry_initial_normal_long
1112,158271,TIA,0.1305999999999976,-0.00641116,1075.4647462599992,0.0,1075.4647462599992,1.0,-2.0,16.0279,0.0,15.9626,close_grid_long
1113,158741,TIA,0.0,-0.0064683200000000005,1075.458277939999,0.0,1075.458277939999,1.0,2.0,16.1708,2.0,16.1708,entry_initial_normal_long
1114,158781,TIA,0.13219999999999743,-0.00649476,1075.583983179999,0.0,1075.583983179999,1.0,-2.0,16.2369,0.0,16.1708,close_grid_long
1115,158790,TIA,0.0,-0.00647024,1075.577512939999,0.0,1075.577512939999,1.0,2.0,16.1756,2.0,16.1756,entry_initial_normal_long
1116,158824,TIA,0.13240000000000407,-0.006496720000000001,1075.703416219999,0.0,1075.703416219999,1.0,-2.0,16.2418,0.0,16.1756,close_grid_long
1117,158826,TIA,0.0,-0.00647128,1075.6969449399992,0.0,1075.6969449399992,1.0,2.0,16.1782,2.0,16.1782,entry_initial_normal_long
1118,158836,TIA,0.13239999999999696,-0.00649776,1075.8228471799991,0.0,1075.8228471799991,1.0,-2.0,16.2444,0.0,16.1782,close_grid_long
1119,158865,TIA,0.0,-0.0064740399999999995,1075.816373139999,0.0,1075.816373139999,1.0,2.0,16.1851,2.0,16.1851,entry_initial_normal_long
1120,158994,TIA,0.13240000000000407,-0.006500520000000001,1075.9422726199991,0.0,1075.9422726199991,1.0,-2.0,16.2513,0.0,16.1851,close_grid_long
1121,159005,TIA,0.0,-0.006478,1075.9357946199991,0.0,1075.9357946199991,1.0,2.0,16.195,2.0,16.195,entry_initial_normal_long
1122,159008,TIA,0.13239999999999696,-0.00650448,1076.0616901399992,0.0,1076.0616901399992,1.0,-2.0,16.2612,0.0,16.195,close_grid_long
1123,159019,TIA,0.0,-0.006479000000000001,1076.0552111399993,0.0,1076.0552111399993,1.0,2.0,16.1975,2.0,16.1975,entry_initial_normal_long
1124,159266,TIA,0.13239999999999696,-0.00650548,1076.1811056599993,0.0,1076.1811056599993,1.0,-2.0,16.2637,0.0,16.1975,close_grid_long
1125,159271,TIA,0.0,-0.0064792800000000005,1076.1746263799994,0.0,1076.1746263799994,1.0,2.0,16.1982,2.0,16.1982,entry_initial_normal_long
1126,159273,TIA,0.13239999999999696,-0.006505759999999999,1076.3005206199994,0.0,1076.3005206199994,1.0,-2.0,16.2644,0.0,16.1982,close_grid_long
1127,159283,TIA,0.0,-0.006480200000000001,1076.2940404199994,0.0,1076.2940404199994,1.0,2.0,16.2005,2.0,16.2005,entry_initial_normal_long
1128,159368,TIA,0.1325999999999965,-0.0065067200000000006,1076.4201336999995,0.0,1076.4201336999995,1.0,-2.0,16.2668,0.0,16.2005,close_grid_long
1129,159371,TIA,0.0,-0.00648184,1076.4136518599994,0.0,1076.4136518599994,1.0,2.0,16.2046,2.0,16.2046,entry_initial_normal_long
1130,159426,TIA,0.1326000000000036,-0.00650836,1076.5397434999993,0.0,1076.5397434999993,1.0,-2.0,16.2709,0.0,16.2046,close_grid_long
1131,159444,TIA,0.0,-0.00648428,1076.5332592199993,0.0,1076.5332592199993,1.0,2.0,16.2107,2.0,16.2107,entry_initial_normal_long
1132,159446,TIA,0.1326000000000036,-0.006510800000000001,1076.6593484199993,0.0,1076.6593484199993,1.0,-2.0,16.277,0.0,16.2107,close_grid_long
1133,159745,TIA,0.0,-0.006518200000000001,1076.6528302199993,0.0,1076.6528302199993,1.0,2.0,16.2955,2.0,16.2955,entry_initial_normal_long
1134,159792,TIA,0.13340000000000174,-0.006544880000000001,1076.7796853399993,0.0,1076.7796853399993,1.0,-2.0,16.3622,0.0,16.2955,close_grid_long
1135,159796,TIA,0.0,-0.006519840000000001,1076.7731654999993,0.0,1076.7731654999993,1.0,2.0,16.2996,2.0,16.2996,entry_initial_normal_long
1136,159804,TIA,0.13339999999999463,-0.00654652,1076.9000189799992,0.0,1076.9000189799992,1.0,-2.0,16.3663,0.0,16.2996,close_grid_long
1137,160023,TIA,0.0,-0.0065606,1076.8934583799992,0.0,1076.8934583799992,1.0,2.0,16.4015,2.0,16.4015,entry_initial_normal_long
1138,160049,TIA,0.1343999999999994,-0.00658748,1077.021270899999,0.0,1077.021270899999,1.0,-2.0,16.4687,0.0,16.4015,close_grid_long
1139,160056,TIA,0.0,-0.006562600000000001,1077.014708299999,0.0,1077.014708299999,1.0,2.0,16.4065,2.0,16.4065,entry_initial_normal_long
1140,160085,TIA,0.1343999999999994,-0.006589480000000001,1077.142518819999,0.0,1077.142518819999,1.0,-2.0,16.4737,0.0,16.4065,close_grid_long
1141,160116,TIA,0.0,-0.00656692,1077.1359518999989,0.0,1077.1359518999989,1.0,2.0,16.4173,2.0,16.4173,entry_initial_normal_long
1142,160132,TIA,0.1343999999999994,-0.0065938,1077.2637580999988,0.0,1077.2637580999988,1.0,-2.0,16.4845,0.0,16.4173,close_grid_long
1143,160498,TIA,0.0,-0.00663664,1077.2571214599989,0.0,1077.2571214599989,1.0,2.0,16.5916,2.0,16.5916,entry_initial_normal_long
1144,160505,TIA,0.13580000000000325,-0.006663800000000001,1077.3862576599988,0.0,1077.3862576599988,1.0,-2.0,16.6595,0.0,16.5916,close_grid_long
1145,160555,TIA,0.0,-0.006641360000000001,1077.3796162999988,0.0,1077.3796162999988,1.0,2.0,16.6034,2.0,16.6034,entry_initial_normal_long
1146,160557,TIA,0.13599999999999568,-0.00666856,1077.5089477399988,0.0,1077.5089477399988,1.0,-2.0,16.6714,0.0,16.6034,close_grid_long
1147,160685,TIA,0.0,-0.006657080000000001,1077.5022906599988,0.0,1077.5022906599988,1.0,2.0,16.6427,2.0,16.6427,entry_initial_normal_long
1148,160698,TIA,0.1361999999999952,-0.00668432,1077.6318063399988,0.0,1077.6318063399988,1.0,-2.0,16.7108,0.0,16.6427,close_grid_long
1149,160702,TIA,0.0,-0.006658,1077.6251483399988,0.0,1077.6251483399988,1.0,2.0,16.645,2.0,16.645,entry_initial_normal_long
1150,160710,TIA,0.13620000000000232,-0.00668524,1077.7546630999987,0.0,1077.7546630999987,1.0,-2.0,16.7131,0.0,16.645,close_grid_long
1151,160712,TIA,0.0,-0.00665836,1077.7480047399986,0.0,1077.7480047399986,1.0,2.0,16.6459,2.0,16.6459,entry_initial_normal_long
1152,160714,TIA,0.1361999999999952,-0.0066856,1077.8775191399986,0.0,1077.8775191399986,1.0,-2.0,16.714,0.0,16.6459,close_grid_long
1153,160722,TIA,0.0,-0.00665908,1077.8708600599987,0.0,1077.8708600599987,1.0,2.0,16.6477,2.0,16.6477,entry_initial_normal_long
1154,160723,TIA,0.13620000000000232,-0.006686320000000001,1078.0003737399986,0.0,1078.0003737399986,1.0,-2.0,16.7158,0.0,16.6477,close_grid_long
1155,160734,TIA,0.0,-0.00665992,1077.9937138199987,0.0,1077.9937138199987,1.0,2.0,16.6498,2.0,16.6498,entry_initial_normal_long
1156,161579,TIA,0.13620000000000232,-0.00668716,1078.1232266599986,0.0,1078.1232266599986,1.0,-2.0,16.7179,0.0,16.6498,close_grid_long
1157,162476,TIA,0.0,-0.006804160000000001,1078.1164224999986,0.0,1078.1164224999986,1.0,2.0,17.0104,2.0,17.0104,entry_initial_normal_long
1158,162482,TIA,0.13940000000000197,-0.006832040000000001,1078.2489904599986,0.0,1078.2489904599986,1.0,-2.0,17.0801,0.0,17.0104,close_grid_long
1159,162493,TIA,0.0,-0.006805360000000001,1078.2421850999986,0.0,1078.2421850999986,1.0,2.0,17.0134,2.0,17.0134,entry_initial_normal_long
1160,162815,TIA,0.13940000000000197,-0.006833240000000001,1078.3747518599985,0.0,1078.3747518599985,1.0,-2.0,17.0831,0.0,17.0134,close_grid_long
1161,162878,TIA,0.0,-0.00680744,1078.3679444199984,0.0,1078.3679444199984,1.0,2.0,17.0186,2.0,17.0186,entry_initial_normal_long
1162,162893,TIA,0.13940000000000197,-0.006835320000000001,1078.5005090999985,0.0,1078.5005090999985,1.0,-2.0,17.0883,0.0,17.0186,close_grid_long
1163,162911,TIA,0.0,-0.00680968,1078.4936994199984,0.0,1078.4936994199984,1.0,2.0,17.0242,2.0,17.0242,entry_initial_normal_long
1164,165643,TIA,0.13940000000000197,-0.006837560000000001,1078.6262618599983,0.0,1078.6262618599983,1.0,-2.0,17.0939,0.0,17.0242,close_grid_long
1165,165990,TIA,0.0,-0.00674096,1078.6195208999984,0.0,1078.6195208999984,1.0,2.0,16.8524,2.0,16.8524,entry_initial_normal_long
1166,165991,TIA,0.13799999999999812,-0.00676856,1078.7507523399984,0.0,1078.7507523399984,1.0,-2.0,16.9214,0.0,16.8524,close_grid_long
1167,166086,TIA,0.0,-0.00675452,1078.7439978199984,0.0,1078.7439978199984,1.0,2.0,16.8863,2.0,16.8863,entry_initial_normal_long
1168,166390,TIA,0.13820000000000476,-0.006782160000000001,1078.8754156599985,0.0,1078.8754156599985,1.0,-2.0,16.9554,0.0,16.8863,close_grid_long
1169,166426,TIA,0.0,-0.0067453999999999995,1078.8686702599985,0.0,1078.8686702599985,1.0,2.0,16.8635,2.0,16.8635,entry_initial_normal_long
1170,166428,TIA,0.13800000000000523,-0.006773,1078.9998972599985,0.0,1078.9998972599985,1.0,-2.0,16.9325,0.0,16.8635,close_grid_long
1171,166453,TIA,0.0,-0.00675124,1078.9931460199984,0.0,1078.9931460199984,1.0,2.0,16.8781,2.0,16.8781,entry_initial_normal_long
1172,166454,TIA,0.2779999999999987,-0.00680684,1079.2643391799984,0.0,1079.2643391799984,1.0,-2.0,17.0171,0.0,16.8781,close_grid_long
1173,166459,TIA,0.0,-0.00675192,1079.2575872599984,0.0,1079.2575872599984,1.0,2.0,16.8798,2.0,16.8798,entry_initial_normal_long
1174,166460,TIA,0.13819999999999766,-0.00677956,1079.3890076999985,0.0,1079.3890076999985,1.0,-2.0,16.9489,0.0,16.8798,close_grid_long
1175,166461,TIA,0.0,-0.00675204,1079.3822556599985,0.0,1079.3822556599985,1.0,2.0,16.8801,2.0,16.8801,entry_initial_normal_long
1176,166462,TIA,0.13820000000000476,-0.006779680000000001,1079.5136759799984,0.0,1079.5136759799984,1.0,-2.0,16.9492,0.0,16.8801,close_grid_long
1177,166473,TIA,0.0,-0.00675308,1079.5069228999985,0.0,1079.5069228999985,1.0,2.0,16.8827,2.0,16.8827,entry_initial_normal_long
1178,166475,TIA,0.13819999999999766,-0.00678072,1079.6383421799985,0.0,1079.6383421799985,1.0,-2.0,16.9518,0.0,16.8827,close_grid_long
1179,166500,TIA,0.0,-0.006756440000000001,1079.6315857399986,0.0,1079.6315857399986,1.0,2.0,16.8911,2.0,16.8911,entry_initial_normal_long
1180,166501,TIA,0.13819999999999766,-0.0067840800000000005,1079.7630016599987,0.0,1079.7630016599987,1.0,-2.0,16.9602,0.0,16.8911,close_grid_long
1181,166502,TIA,0.0,-0.006756560000000001,1079.7562450999988,0.0,1079.7562450999988,1.0,2.0,16.8914,2.0,16.8914,entry_initial_normal_long
1182,166503,TIA,0.15919999999999845,-0.0067884,1079.9086566999988,0.0,1079.9086566999988,1.0,-2.0,16.971,0.0,16.8914,close_grid_long
1183,166586,TIA,0.0,-0.006782640000000001,1079.9018740599988,0.0,1079.9018740599988,1.0,2.0,16.9566,2.0,16.9566,entry_initial_normal_long
1184,166587,TIA,0.44659999999999656,-0.006871960000000001,1080.341602099999,0.0,1080.341602099999,1.0,-2.0,17.1799,0.0,16.9566,close_grid_long
1185,166626,TIA,0.0,-0.00679232,1080.334809779999,0.0,1080.334809779999,1.0,2.0,16.9808,2.0,16.9808,entry_initial_normal_long
1186,166627,TIA,0.22579999999999956,-0.00683748,1080.553772299999,0.0,1080.553772299999,1.0,-2.0,17.0937,0.0,16.9808,close_grid_long
1187,166628,TIA,0.0,-0.0067925600000000004,1080.5469797399992,0.0,1080.5469797399992,1.0,2.0,16.9814,2.0,16.9814,entry_initial_normal_long
1188,166629,TIA,0.17379999999999995,-0.0068273200000000004,1080.7139524199993,0.0,1080.7139524199993,1.0,-2.0,17.0683,0.0,16.9814,close_grid_long
1189,166638,TIA,0.0,-0.00679392,1080.7071584999992,0.0,1080.7071584999992,1.0,2.0,16.9848,2.0,16.9848,entry_initial_normal_long
1190,166639,TIA,0.23120000000000118,-0.0068401600000000005,1080.9315183399992,0.0,1080.9315183399992,1.0,-2.0,17.1004,0.0,16.9848,close_grid_long
1191,166640,TIA,0.0,-0.00678492,1080.9247334199993,0.0,1080.9247334199993,1.0,2.0,16.9623,2.0,16.9623,entry_initial_normal_long
1192,166645,TIA,0.1390000000000029,-0.00681272,1081.0569206999992,0.0,1081.0569206999992,1.0,-2.0,17.0318,0.0,16.9623,close_grid_long
1193,166648,TIA,0.0,-0.006794240000000001,1081.050126459999,0.0,1081.050126459999,1.0,2.0,16.9856,2.0,16.9856,entry_initial_normal_long
1194,166649,TIA,0.29819999999999425,-0.00685388,1081.3414725799992,0.0,1081.3414725799992,1.0,-2.0,17.1347,0.0,16.9856,close_grid_long
1195,166650,TIA,0.0,-0.006794400000000001,1081.3346781799992,0.0,1081.3346781799992,1.0,2.0,16.986,2.0,16.986,entry_initial_normal_long
1196,166651,TIA,0.26899999999999835,-0.0068482000000000005,1081.5968299799993,0.0,1081.5968299799993,1.0,-2.0,17.1205,0.0,16.986,close_grid_long
1197,166652,TIA,0.0,-0.0067946000000000005,1081.5900353799993,0.0,1081.5900353799993,1.0,2.0,16.9865,2.0,16.9865,entry_initial_normal_long
1198,166653,TIA,0.13920000000000243,-0.006822440000000001,1081.7224129399992,0.0,1081.7224129399992,1.0,-2.0,17.0561,0.0,16.9865,close_grid_long
1199,167299,TIA,0.0,-0.00699352,1081.7154194199993,0.0,1081.7154194199993,1.0,2.0,17.4838,2.0,17.4838,entry_initial_normal_long
1200,167435,TIA,0.14339999999999975,-0.0070222,1081.8517972199993,0.0,1081.8517972199993,1.0,-2.0,17.5555,0.0,17.4838,close_grid_long
1201,167510,TIA,0.0,-0.00700572,1081.8447914999992,0.0,1081.8447914999992,1.0,2.0,17.5143,2.0,17.5143,entry_initial_normal_long
1202,167526,TIA,0.14359999999999928,-0.0070344399999999994,1081.9813570599993,0.0,1081.9813570599993,1.0,-2.0,17.5861,0.0,17.5143,close_grid_long
1203,167531,TIA,0.0,-0.00700692,1081.9743501399992,0.0,1081.9743501399992,1.0,2.0,17.5173,2.0,17.5173,entry_initial_normal_long
1204,167573,TIA,0.14359999999999928,-0.00703564,1082.1109144999991,0.0,1082.1109144999991,1.0,-2.0,17.5891,0.0,17.5173,close_grid_long
1205,167580,TIA,0.0,-0.0070086,1082.103905899999,0.0,1082.103905899999,1.0,2.0,17.5215,2.0,17.5215,entry_initial_normal_long
1206,167620,TIA,0.14359999999999928,-0.00703732,1082.240468579999,0.0,1082.240468579999,1.0,-2.0,17.5933,0.0,17.5215,close_grid_long
1207,167712,TIA,0.0,-0.0070218400000000005,1082.233446739999,0.0,1082.233446739999,1.0,2.0,17.5546,2.0,17.5546,entry_initial_normal_long
1208,167970,TIA,0.14399999999999835,-0.00705064,1082.370396099999,0.0,1082.370396099999,1.0,-2.0,17.6266,0.0,17.5546,close_grid_long
1209,167976,TIA,0.0,-0.00700752,1082.363388579999,0.0,1082.363388579999,1.0,2.0,17.5188,2.0,17.5188,entry_initial_normal_long
1210,168173,TIA,0.14359999999999928,-0.00703624,1082.499952339999,0.0,1082.499952339999,1.0,-2.0,17.5906,0.0,17.5188,close_grid_long
1211,168174,TIA,0.0,-0.007005800000000001,1082.4929465399991,0.0,1082.4929465399991,1.0,2.0,17.5145,2.0,17.5145,entry_initial_normal_long
1212,168505,TIA,0.14359999999999928,-0.007034520000000001,1082.629512019999,0.0,1082.629512019999,1.0,-2.0,17.5863,0.0,17.5145,close_grid_long
1213,168541,TIA,0.0,-0.00698656,1082.622525459999,0.0,1082.622525459999,1.0,2.0,17.4664,2.0,17.4664,entry_initial_normal_long
1214,168542,TIA,0.14300000000000068,-0.00701516,1082.758510299999,0.0,1082.758510299999,1.0,-2.0,17.5379,0.0,17.4664,close_grid_long
1215,168544,TIA,0.0,-0.00698676,1082.751523539999,0.0,1082.751523539999,1.0,2.0,17.4669,2.0,17.4669,entry_initial_normal_long
1216,168553,TIA,0.14300000000000068,-0.00701536,1082.887508179999,0.0,1082.887508179999,1.0,-2.0,17.5384,0.0,17.4669,close_grid_long
1217,168570,TIA,0.0,-0.006988960000000001,1082.880519219999,0.0,1082.880519219999,1.0,2.0,17.4724,2.0,17.4724,entry_initial_normal_long
1218,168571,TIA,0.14320000000000022,-0.007017600000000001,1083.0167016199991,0.0,1083.0167016199991,1.0,-2.0,17.544,0.0,17.4724,close_grid_long
1219,168574,TIA,0.0,-0.00698924,1083.0097123799992,0.0,1083.0097123799992,1.0,2.0,17.4731,2.0,17.4731,entry_initial_normal_long
1220,168583,TIA,0.14320000000000022,-0.00701788,1083.1458944999993,0.0,1083.1458944999993,1.0,-2.0,17.5447,0.0,17.4731,close_grid_long
1221,168637,TIA,0.0,-0.00699572,1083.1388987799992,0.0,1083.1388987799992,1.0,2.0,17.4893,2.0,17.4893,entry_initial_normal_long
1222,168674,TIA,0.14339999999999975,-0.0070244,1083.2752743799992,0.0,1083.2752743799992,1.0,-2.0,17.561,0.0,17.4893,close_grid_long
1223,168685,TIA,0.0,-0.00699892,1083.2682754599994,0.0,1083.2682754599994,1.0,2.0,17.4973,2.0,17.4973,entry_initial_normal_long
1224,168690,TIA,0.14339999999999975,-0.0070276,1083.4046478599994,0.0,1083.4046478599994,1.0,-2.0,17.569,0.0,17.4973,close_grid_long
1225,168723,TIA,0.0,-0.00700312,1083.3976447399994,0.0,1083.3976447399994,1.0,2.0,17.5078,2.0,17.5078,entry_initial_normal_long
1226,170125,TIA,0.0,-0.0061052400000000005,1083.3915394999995,0.0,1083.3915394999995,1.0,2.0,15.2631,4.0,16.38545,entry_grid_normal_long
1227,172452,TIA,0.0,-0.00836802,1083.3831714799994,0.0,1083.3831714799994,1.0,3.0,13.9467,7.0,15.340271428571427,entry_grid_normal_long
1228,175728,TIA,0.0,-0.0127655,1083.3704059799995,0.0,1083.3704059799995,1.0,5.0,12.7655,12.0,14.26745,entry_grid_normal_long
1229,176619,TIA,0.762599999999992,-0.0343944,1084.0986115799994,0.0,1084.0986115799994,1.0,-12.0,14.331,0.0,14.26745,close_grid_long
1230,176962,TIA,0.0,-0.0081555,1084.0904560799995,0.0,1084.0904560799995,1.0,3.0,13.5925,3.0,13.5925,entry_initial_normal_long
1231,176979,TIA,0.1677000000000035,-0.00818904,1084.2499670399995,0.0,1084.2499670399995,1.0,-3.0,13.6484,0.0,13.5925,close_grid_long
1232,177022,TIA,0.0,-0.00816408,1084.2418029599996,0.0,1084.2418029599996,1.0,3.0,13.6068,3.0,13.6068,entry_initial_normal_long
1233,177033,TIA,0.1680000000000028,-0.00819768,1084.4016052799996,0.0,1084.4016052799996,1.0,-3.0,13.6628,0.0,13.6068,close_grid_long
1234,177035,TIA,0.0,-0.00816468,1084.3934405999996,0.0,1084.3934405999996,1.0,3.0,13.6078,3.0,13.6078,entry_initial_normal_long
1235,177108,TIA,0.1680000000000028,-0.00819828,1084.5532423199995,0.0,1084.5532423199995,1.0,-3.0,13.6638,0.0,13.6078,close_grid_long
1236,177113,TIA,0.0,-0.00815832,1084.5450839999996,0.0,1084.5450839999996,1.0,3.0,13.5972,3.0,13.5972,entry_initial_normal_long
1237,177116,TIA,0.16769999999999818,-0.00819186,1084.7045921399997,0.0,1084.7045921399997,1.0,-3.0,13.6531,0.0,13.5972,close_grid_long
1238,177124,TIA,0.0,-0.008159520000000002,1084.6964326199998,0.0,1084.6964326199998,1.0,3.0,13.5992,3.0,13.5992,entry_initial_normal_long
1239,177125,TIA,0.16769999999999818,-0.00819306,1084.8559395599998,0.0,1084.8559395599998,1.0,-3.0,13.6551,0.0,13.5992,close_grid_long
1240,177126,TIA,0.0,-0.0081597,1084.8477798599997,0.0,1084.8477798599997,1.0,3.0,13.5995,3.0,13.5995,entry_initial_normal_long
1241,177128,TIA,0.16769999999999818,-0.008193240000000001,1085.0072866199996,0.0,1085.0072866199996,1.0,-3.0,13.6554,0.0,13.5995,close_grid_long
1242,177133,TIA,0.0,-0.0081603,1084.9991263199995,0.0,1084.9991263199995,1.0,3.0,13.6005,3.0,13.6005,entry_initial_normal_long
1243,177138,TIA,0.16799999999999748,-0.0081939,1085.1589324199995,0.0,1085.1589324199995,1.0,-3.0,13.6565,0.0,13.6005,close_grid_long
1244,177152,TIA,0.0,-0.00816222,1085.1507701999994,0.0,1085.1507701999994,1.0,3.0,13.6037,3.0,13.6037,entry_initial_normal_long
1245,177156,TIA,0.1680000000000028,-0.008195820000000001,1085.3105743799995,0.0,1085.3105743799995,1.0,-3.0,13.6597,0.0,13.6037,close_grid_long
1246,177162,TIA,0.0,-0.008163420000000001,1085.3024109599994,0.0,1085.3024109599994,1.0,3.0,13.6057,3.0,13.6057,entry_initial_normal_long
1247,177175,TIA,0.16799999999999748,-0.008197020000000001,1085.4622139399994,0.0,1085.4622139399994,1.0,-3.0,13.6617,0.0,13.6057,close_grid_long
1248,177177,TIA,0.0,-0.008163960000000001,1085.4540499799994,0.0,1085.4540499799994,1.0,3.0,13.6066,3.0,13.6066,entry_initial_normal_long
1249,177318,TIA,0.16799999999999748,-0.00819756,1085.6138524199994,0.0,1085.6138524199994,1.0,-3.0,13.6626,0.0,13.6066,close_grid_long
1250,177333,TIA,0.0,-0.00815514,1085.6056972799993,0.0,1085.6056972799993,1.0,3.0,13.5919,3.0,13.5919,entry_initial_normal_long
1251,177568,TIA,0.16769999999999818,-0.00818868,1085.7652085999994,0.0,1085.7652085999994,1.0,-3.0,13.6478,0.0,13.5919,close_grid_long
1252,177652,TIA,0.0,-0.00811284,1085.7570957599994,0.0,1085.7570957599994,1.0,3.0,13.5214,3.0,13.5214,entry_initial_normal_long
1253,177681,TIA,0.16680000000000028,-0.008146200000000001,1085.9157495599993,0.0,1085.9157495599993,1.0,-3.0,13.577,0.0,13.5214,close_grid_long
1254,177710,TIA,0.0,-0.00811686,1085.9076326999993,0.0,1085.9076326999993,1.0,3.0,13.5281,3.0,13.5281,entry_initial_normal_long
1255,177711,TIA,0.16709999999999958,-0.008150280000000001,1086.0665824199993,0.0,1086.0665824199993,1.0,-3.0,13.5838,0.0,13.5281,close_grid_long
1256,177961,TIA,0.0,-0.0081753,1086.0584071199994,0.0,1086.0584071199994,1.0,3.0,13.6255,3.0,13.6255,entry_initial_normal_long
1257,177965,TIA,0.16829999999999679,-0.00820896,1086.2184981599994,0.0,1086.2184981599994,1.0,-3.0,13.6816,0.0,13.6255,close_grid_long
1258,177995,TIA,0.0,-0.00817914,1086.2103190199994,0.0,1086.2103190199994,1.0,3.0,13.6319,3.0,13.6319,entry_initial_normal_long
1259,177999,TIA,0.16830000000000211,-0.008212800000000001,1086.3704062199993,0.0,1086.3704062199993,1.0,-3.0,13.688,0.0,13.6319,close_grid_long
1260,178000,TIA,0.0,-0.00817956,1086.3622266599994,0.0,1086.3622266599994,1.0,3.0,13.6326,3.0,13.6326,entry_initial_normal_long
1261,178002,TIA,0.16830000000000211,-0.008213220000000002,1086.5223134399994,0.0,1086.5223134399994,1.0,-3.0,13.6887,0.0,13.6326,close_grid_long
1262,178007,TIA,0.0,-0.008180100000000001,1086.5141333399995,0.0,1086.5141333399995,1.0,3.0,13.6335,3.0,13.6335,entry_initial_normal_long
1263,178013,TIA,0.16830000000000211,-0.00821376,1086.6742195799995,0.0,1086.6742195799995,1.0,-3.0,13.6896,0.0,13.6335,close_grid_long
1264,178027,TIA,0.0,-0.00818208,1086.6660374999994,0.0,1086.6660374999994,1.0,3.0,13.6368,3.0,13.6368,entry_initial_normal_long
1265,178031,TIA,0.16830000000000211,-0.00821574,1086.8261217599995,0.0,1086.8261217599995,1.0,-3.0,13.6929,0.0,13.6368,close_grid_long
1266,178035,TIA,0.0,-0.00818274,1086.8179390199996,0.0,1086.8179390199996,1.0,3.0,13.6379,3.0,13.6379,entry_initial_normal_long
1267,178155,TIA,0.16830000000000211,-0.0082164,1086.9780226199996,0.0,1086.9780226199996,1.0,-3.0,13.694,0.0,13.6379,close_grid_long
1268,179624,TIA,0.0,-0.00586632,1086.9721562999996,0.0,1086.9721562999996,1.0,2.0,14.6658,2.0,14.6658,entry_initial_normal_long
1269,179640,TIA,0.11979999999999791,-0.00589028,1087.0860660199996,0.0,1087.0860660199996,1.0,-2.0,14.7257,0.0,14.6658,close_grid_long
1270,179642,TIA,0.0,-0.00586708,1087.0801989399997,0.0,1087.0801989399997,1.0,2.0,14.6677,2.0,14.6677,entry_initial_normal_long
1271,179736,TIA,0.11980000000000146,-0.00589104,1087.1941078999996,0.0,1087.1941078999996,1.0,-2.0,14.7276,0.0,14.6677,close_grid_long
1272,179748,TIA,0.0,-0.0058662,1087.1882416999997,0.0,1087.1882416999997,1.0,2.0,14.6655,2.0,14.6655,entry_initial_normal_long
1273,179750,TIA,0.11980000000000146,-0.00589016,1087.3021515399996,0.0,1087.3021515399996,1.0,-2.0,14.7254,0.0,14.6655,close_grid_long
1274,179958,TIA,0.0,-0.00590388,1087.2962476599996,0.0,1087.2962476599996,1.0,2.0,14.7597,2.0,14.7597,entry_initial_normal_long
1275,179993,TIA,0.1205999999999996,-0.005928,1087.4109196599995,0.0,1087.4109196599995,1.0,-2.0,14.82,0.0,14.7597,close_grid_long
1276,180000,TIA,0.0,-0.00590564,1087.4050140199995,0.0,1087.4050140199995,1.0,2.0,14.7641,2.0,14.7641,entry_initial_normal_long
1277,180009,TIA,0.12060000000000315,-0.005929760000000001,1087.5196842599994,0.0,1087.5196842599994,1.0,-2.0,14.8244,0.0,14.7641,close_grid_long
1278,180011,TIA,0.0,-0.00590604,1087.5137782199995,0.0,1087.5137782199995,1.0,2.0,14.7651,2.0,14.7651,entry_initial_normal_long
1279,180344,TIA,0.1205999999999996,-0.00593016,1087.6284480599995,0.0,1087.6284480599995,1.0,-2.0,14.8254,0.0,14.7651,close_grid_long
1280,180364,TIA,0.0,-0.0058958000000000005,1087.6225522599996,0.0,1087.6225522599996,1.0,2.0,14.7395,2.0,14.7395,entry_initial_normal_long
1281,180365,TIA,0.12040000000000006,-0.00591988,1087.7370323799996,0.0,1087.7370323799996,1.0,-2.0,14.7997,0.0,14.7395,close_grid_long
1282,180377,TIA,0.0,-0.005896800000000001,1087.7311355799995,0.0,1087.7311355799995,1.0,2.0,14.742,2.0,14.742,entry_initial_normal_long
1283,180381,TIA,0.12039999999999651,-0.00592088,1087.8456146999995,0.0,1087.8456146999995,1.0,-2.0,14.8022,0.0,14.742,close_grid_long
1284,180387,TIA,0.0,-0.00589736,1087.8397173399994,0.0,1087.8397173399994,1.0,2.0,14.7434,2.0,14.7434,entry_initial_normal_long
1285,180408,TIA,0.12040000000000006,-0.00592144,1087.9541958999994,0.0,1087.9541958999994,1.0,-2.0,14.8036,0.0,14.7434,close_grid_long
1286,180410,TIA,0.0,-0.00589832,1087.9482975799995,0.0,1087.9482975799995,1.0,2.0,14.7458,2.0,14.7458,entry_initial_normal_long
1287,180429,TIA,0.12040000000000006,-0.0059223999999999995,1088.0627751799996,0.0,1088.0627751799996,1.0,-2.0,14.806,0.0,14.7458,close_grid_long
1288,180441,TIA,0.0,-0.00589992,1088.0568752599995,0.0,1088.0568752599995,1.0,2.0,14.7498,2.0,14.7498,entry_initial_normal_long
1289,180803,TIA,0.0,-0.00278354,1088.0540917199994,0.0,1088.0540917199994,1.0,1.0,13.9177,3.0,14.472433333333333,entry_initial_partial_long
1290,185363,TIA,0.17900000000000027,-0.00871926,1088.2243724599994,0.0,1088.2243724599994,1.0,-3.0,14.5321,0.0,14.472433333333333,close_grid_long
1291,185746,TIA,0.0,-0.00561232,1088.2187601399994,0.0,1088.2187601399994,1.0,2.0,14.0308,2.0,14.0308,entry_initial_normal_long
1292,185755,TIA,0.11460000000000292,-0.0056352400000000006,1088.3277248999993,0.0,1088.3277248999993,1.0,-2.0,14.0881,0.0,14.0308,close_grid_long
1293,185763,TIA,0.0,-0.005613280000000001,1088.3221116199993,0.0,1088.3221116199993,1.0,2.0,14.0332,2.0,14.0332,entry_initial_normal_long
1294,185767,TIA,0.11459999999999937,-0.0056362,1088.4310754199994,0.0,1088.4310754199994,1.0,-2.0,14.0905,0.0,14.0332,close_grid_long
1295,186489,TIA,0.0,-0.005727640000000001,1088.4253477799994,0.0,1088.4253477799994,1.0,2.0,14.3191,2.0,14.3191,entry_initial_normal_long
1296,186495,TIA,0.1167999999999978,-0.005751,1088.5363967799994,0.0,1088.5363967799994,1.0,-2.0,14.3775,0.0,14.3191,close_grid_long
1297,186531,TIA,0.0,-0.0057306,1088.5306661799993,0.0,1088.5306661799993,1.0,2.0,14.3265,2.0,14.3265,entry_initial_normal_long
1298,186603,TIA,0.0,-0.0027865200000000002,1088.5278796599994,0.0,1088.5278796599994,1.0,1.0,13.9326,3.0,14.195199999999998,entry_initial_partial_long
1299,187929,TIA,0.17520000000000735,-0.008552160000000001,1088.6945274999994,0.0,1088.6945274999994,1.0,-3.0,14.2536,0.0,14.195199999999998,close_grid_long
1300,187935,TIA,0.0,-0.00563104,1088.6888964599993,0.0,1088.6888964599993,1.0,2.0,14.0776,2.0,14.0776,entry_initial_normal_long
1301,187938,TIA,0.11499999999999844,-0.00565404,1088.7982424199993,0.0,1088.7982424199993,1.0,-2.0,14.1351,0.0,14.0776,close_grid_long
1302,187947,TIA,0.0,-0.00563216,1088.7926102599993,0.0,1088.7926102599993,1.0,2.0,14.0804,2.0,14.0804,entry_initial_normal_long
1303,187949,TIA,0.11500000000000199,-0.00565516,1088.9019550999992,0.0,1088.9019550999992,1.0,-2.0,14.1379,0.0,14.0804,close_grid_long
1304,187958,TIA,0.0,-0.00563312,1088.8963219799991,0.0,1088.8963219799991,1.0,2.0,14.0828,2.0,14.0828,entry_initial_normal_long
1305,187962,TIA,0.11499999999999844,-0.005656120000000001,1089.0056658599992,0.0,1089.0056658599992,1.0,-2.0,14.1403,0.0,14.0828,close_grid_long
1306,188013,TIA,0.0,-0.00564088,1089.0000249799991,0.0,1089.0000249799991,1.0,2.0,14.1022,2.0,14.1022,entry_initial_normal_long
1307,188021,TIA,0.0,-0.0027813,1088.9972436799992,0.0,1088.9972436799992,1.0,1.0,13.9065,3.0,14.036966666666665,entry_initial_partial_long
1308,188229,TIA,0.1735000000000042,-0.00845688,1089.1622867999993,0.0,1089.1622867999993,1.0,-3.0,14.0948,0.0,14.036966666666665,close_grid_long
1309,188230,TIA,0.0,-0.00561384,1089.1566729599992,0.0,1089.1566729599992,1.0,2.0,14.0346,2.0,14.0346,entry_initial_normal_long
1310,188232,TIA,0.11460000000000292,-0.00563676,1089.2656361999993,0.0,1089.2656361999993,1.0,-2.0,14.0919,0.0,14.0346,close_grid_long
1311,188239,TIA,0.0,-0.005614640000000001,1089.2600215599994,0.0,1089.2600215599994,1.0,2.0,14.0366,2.0,14.0366,entry_initial_normal_long
1312,188277,TIA,0.0,-0.0027862,1089.2572353599994,0.0,1089.2572353599994,1.0,1.0,13.931,3.0,14.001399999999999,entry_initial_partial_long
1313,188461,TIA,0.17310000000000692,-0.00843546,1089.4218998999995,0.0,1089.4218998999995,1.0,-3.0,14.0591,0.0,14.001399999999999,close_grid_long
1314,188463,TIA,0.0,-0.0056076400000000005,1089.4162922599994,0.0,1089.4162922599994,1.0,2.0,14.0191,2.0,14.0191,entry_initial_normal_long
1315,188467,TIA,0.11439999999999984,-0.00563052,1089.5250617399995,0.0,1089.5250617399995,1.0,-2.0,14.0763,0.0,14.0191,close_grid_long
1316,188511,TIA,0.0,-0.00561284,1089.5194488999996,0.0,1089.5194488999996,1.0,2.0,14.0321,2.0,14.0321,entry_initial_normal_long
1317,188528,TIA,0.11459999999999937,-0.00563576,1089.6284131399996,0.0,1089.6284131399996,1.0,-2.0,14.0894,0.0,14.0321,close_grid_long
1318,188533,TIA,0.0,-0.00561416,1089.6227989799995,0.0,1089.6227989799995,1.0,2.0,14.0354,2.0,14.0354,entry_initial_normal_long
1319,188585,TIA,0.0,-0.00278902,1089.6200099599996,0.0,1089.6200099599996,1.0,1.0,13.9451,3.0,14.005299999999998,entry_initial_partial_long
1320,188645,TIA,0.17310000000000692,-0.0084378,1089.7846721599997,0.0,1089.7846721599997,1.0,-3.0,14.063,0.0,14.005299999999998,close_grid_long
1321,188656,TIA,0.0,-0.00561716,1089.7790549999997,0.0,1089.7790549999997,1.0,2.0,14.0429,2.0,14.0429,entry_initial_normal_long
1322,188659,TIA,0.11459999999999937,-0.00564008,1089.8880149199997,0.0,1089.8880149199997,1.0,-2.0,14.1002,0.0,14.0429,close_grid_long
1323,188715,TIA,0.0,-0.005628080000000001,1089.8823868399998,0.0,1089.8823868399998,1.0,2.0,14.0702,2.0,14.0702,entry_initial_normal_long
1324,188733,TIA,0.0,-0.00278924,1089.8795975999997,0.0,1089.8795975999997,1.0,1.0,13.9462,3.0,14.028866666666666,entry_initial_partial_long
1325,188736,TIA,0.1732000000000049,-0.00845196,1090.0443456399996,0.0,1090.0443456399996,1.0,-3.0,14.0866,0.0,14.028866666666666,close_grid_long
1326,188737,TIA,0.0,-0.0056286,1090.0387170399997,0.0,1090.0387170399997,1.0,2.0,14.0715,2.0,14.0715,entry_initial_normal_long
1327,188753,TIA,0.0,-0.0027897,1090.0359273399997,0.0,1090.0359273399997,1.0,1.0,13.9485,3.0,14.0305,entry_initial_partial_long
1328,188763,TIA,0.1734000000000009,-0.00845298,1090.2008743599997,0.0,1090.2008743599997,1.0,-3.0,14.0883,0.0,14.0305,close_grid_long
1329,188780,TIA,0.0,-0.005630360000000001,1090.1952439999998,0.0,1090.1952439999998,1.0,2.0,14.0759,2.0,14.0759,entry_initial_normal_long
1330,188793,TIA,0.0,-0.0027897,1090.1924542999998,0.0,1090.1924542999998,1.0,1.0,13.9485,3.0,14.033433333333333,entry_initial_partial_long
1331,188884,TIA,0.1733000000000029,-0.00845472,1090.3572995799998,0.0,1090.3572995799998,1.0,-3.0,14.0912,0.0,14.033433333333333,close_grid_long
1332,188885,TIA,0.0,-0.005626,1090.35167358,0.0,1090.35167358,1.0,2.0,14.065,2.0,14.065,entry_initial_normal_long
1333,188981,TIA,0.11480000000000246,-0.005648960000000001,1090.4608246199998,0.0,1090.4608246199998,1.0,-2.0,14.1224,0.0,14.065,close_grid_long
1334,189105,TIA,0.0,-0.0056436,1090.4551810199998,0.0,1090.4551810199998,1.0,2.0,14.109,2.0,14.109,entry_initial_normal_long
1335,189125,TIA,0.11520000000000152,-0.0056666400000000006,1090.56471438,0.0,1090.56471438,1.0,-2.0,14.1666,0.0,14.109,close_grid_long
1336,189129,TIA,0.0,-0.005644720000000001,1090.55906966,0.0,1090.55906966,1.0,2.0,14.1118,2.0,14.1118,entry_initial_normal_long
1337,189204,TIA,0.0,-0.00279174,1090.55627792,0.0,1090.55627792,1.0,1.0,13.9587,3.0,14.060766666666666,entry_initial_partial_long
1338,189793,TIA,0.1738000000000035,-0.00847122,1090.7216067,0.0,1090.7216067,1.0,-3.0,14.1187,0.0,14.060766666666666,close_grid_long
1339,189946,TIA,0.0,-0.005637960000000001,1090.7159687399999,0.0,1090.7159687399999,1.0,2.0,14.0949,2.0,14.0949,entry_initial_normal_long
1340,190033,TIA,0.11499999999999844,-0.0056609600000000005,1090.8253077799998,0.0,1090.8253077799998,1.0,-2.0,14.1524,0.0,14.0949,close_grid_long
1341,190087,TIA,0.0,-0.0056436,1090.8196641799998,0.0,1090.8196641799998,1.0,2.0,14.109,2.0,14.109,entry_initial_normal_long
1342,190105,TIA,0.11520000000000152,-0.0056666400000000006,1090.92919754,0.0,1090.92919754,1.0,-2.0,14.1666,0.0,14.109,close_grid_long
1343,190111,TIA,0.0,-0.0056446000000000005,1090.9235529399998,0.0,1090.9235529399998,1.0,2.0,14.1115,2.0,14.1115,entry_initial_normal_long
1344,190120,TIA,0.11520000000000152,-0.005667640000000001,1091.0330852999998,0.0,1091.0330852999998,1.0,-2.0,14.1691,0.0,14.1115,close_grid_long
1345,190552,TIA,0.0,-0.005705760000000001,1091.0273795399999,0.0,1091.0273795399999,1.0,2.0,14.2644,2.0,14.2644,entry_initial_normal_long
1346,190555,TIA,0.11639999999999873,-0.00572904,1091.1380505,0.0,1091.1380505,1.0,-2.0,14.3226,0.0,14.2644,close_grid_long
1347,191550,TIA,0.0,-0.00594536,1091.13210514,0.0,1091.13210514,1.0,2.0,14.8634,2.0,14.8634,entry_initial_normal_long
1348,191551,TIA,0.12139999999999773,-0.00596964,1091.2475355,0.0,1091.2475355,1.0,-2.0,14.9241,0.0,14.8634,close_grid_long
1349,191553,TIA,0.0,-0.00594556,1091.2415899399998,0.0,1091.2415899399998,1.0,2.0,14.8639,2.0,14.8639,entry_initial_normal_long
1350,191565,TIA,0.12140000000000128,-0.0059698400000000006,1091.3570200999998,0.0,1091.3570200999998,1.0,-2.0,14.9246,0.0,14.8639,close_grid_long
1351,191619,TIA,0.0,-0.0059511600000000005,1091.3510689399998,0.0,1091.3510689399998,1.0,2.0,14.8779,2.0,14.8779,entry_initial_normal_long
1352,191706,TIA,0.12160000000000082,-0.005975480000000001,1091.4666934599998,0.0,1091.4666934599998,1.0,-2.0,14.9387,0.0,14.8779,close_grid_long
1353,191715,TIA,0.0,-0.00595436,1091.4607390999997,0.0,1091.4607390999997,1.0,2.0,14.8859,2.0,14.8859,entry_initial_normal_long
1354,191822,TIA,0.12160000000000082,-0.00597868,1091.5763604199997,0.0,1091.5763604199997,1.0,-2.0,14.9467,0.0,14.8859,close_grid_long
1355,191826,TIA,0.0,-0.0059568,1091.5704036199998,0.0,1091.5704036199998,1.0,2.0,14.892,2.0,14.892,entry_initial_normal_long
1356,194748,TIA,0.0,-0.0027882600000000003,1091.5676153599998,0.0,1091.5676153599998,1.0,1.0,13.9413,3.0,14.575099999999999,entry_initial_partial_long
1357,195309,TIA,0.0,-0.0077935800000000005,1091.5598217799998,0.0,1091.5598217799998,1.0,3.0,12.9893,6.0,13.7822,entry_grid_normal_long
1358,195999,TIA,0.0,-0.009652240000000001,1091.5501695399998,0.0,1091.5501695399998,1.0,4.0,12.0653,10.0,13.09544,entry_grid_normal_long
1359,207526,TIA,0.0,-0.0158984,1091.5342711399999,0.0,1091.5342711399999,1.0,7.0,11.356,17.0,12.3792,entry_grid_normal_long
1360,211219,TIA,0.0,-0.00825288,1091.5260182599998,0.0,1091.5260182599998,1.0,4.0,10.3161,21.0,11.986228571428573,entry_grid_cropped_long
1361,211291,TIA,0.0,-0.0220022,1091.5040160599997,0.0,1091.5040160599997,1.0,11.0,10.001,32.0,11.303806250000001,entry_trailing_normal_long
1362,211355,TIA,0.0,-0.03054152,1091.4734745399996,0.0,1091.4734745399996,1.0,17.0,8.9828,49.0,10.49855918367347,entry_trailing_normal_long
1363,211357,TIA,0.0,-0.04235660000000001,1091.4311179399997,0.0,1091.4311179399997,1.0,26.0,8.1455,75.0,9.682832000000001,entry_trailing_normal_long
1364,211360,TIA,0.0,-0.0681216,1091.3629963399997,0.0,1091.3629963399997,1.0,40.0,8.5152,115.0,9.276699130434784,entry_trailing_normal_long
1365,211373,TIA,0.0,-0.10815056000000002,1091.2548457799996,0.0,1091.2548457799996,1.0,61.0,8.8648,176.0,9.133938636363638,entry_trailing_normal_long
1366,211400,TIA,0.0,-0.11458944000000001,1091.1402563399997,0.0,1091.1402563399997,1.0,63.0,9.0944,239.0,9.123516317991633,entry_trailing_cropped_long
1367,212195,TIA,1.0439673640167335,-0.0038582000000000004,1092.1803655040164,0.0,1092.1803655040164,1.0,-2.0,9.6455,237.0,9.123516317991633,close_unstuck_long
1368,212196,TIA,1.0905673640167315,-0.0038675199999999997,1093.2670653480332,0.0,1093.2670653480332,1.0,-2.0,9.6688,235.0,9.123516317991633,close_unstuck_long
1369,212197,TIA,1.1261673640167338,-0.0038746400000000004,1094.3893580720498,0.0,1094.3893580720498,1.0,-2.0,9.6866,233.0,9.123516317991633,close_unstuck_long
1370,212198,TIA,1.113167364016732,-0.0038720399999999998,1095.4986533960666,0.0,1095.4986533960666,1.0,-2.0,9.6801,231.0,9.123516317991633,close_unstuck_long
1371,212199,TIA,1.082767364016732,-0.00386596,1096.5775548000834,0.0,1096.5775548000834,1.0,-2.0,9.6649,229.0,9.123516317991633,close_unstuck_long
1372,212200,TIA,1.046167364016732,-0.00385864,1097.6198635241,0.0,1097.6198635241,1.0,-2.0,9.6466,227.0,9.123516317991633,close_unstuck_long
1373,212243,TIA,1.0927673640167335,-0.00386796,1098.7087629281168,0.0,1098.7087629281168,1.0,-2.0,9.6699,225.0,9.123516317991633,close_unstuck_long
1374,212244,TIA,1.1021673640167329,-0.0038698400000000003,1099.8070604521336,0.0,1099.8070604521336,1.0,-2.0,9.6746,223.0,9.123516317991633,close_unstuck_long
1375,212245,TIA,1.0691673640167316,-0.00386324,1100.8723645761502,0.0,1100.8723645761502,1.0,-2.0,9.6581,221.0,9.123516317991633,close_unstuck_long
1376,212246,TIA,1.1121673640167344,-0.0038718400000000005,1101.980660100167,0.0,1101.980660100167,1.0,-2.0,9.6796,219.0,9.123516317991633,close_unstuck_long
1377,212247,TIA,1.1039673640167322,-0.0038702,1103.0807572641836,0.0,1103.0807572641836,1.0,-2.0,9.6755,217.0,9.123516317991633,close_unstuck_long
1378,212248,TIA,1.1071673640167319,-0.00387084,1104.1840537882003,0.0,1104.1840537882003,1.0,-2.0,9.6771,215.0,9.123516317991633,close_unstuck_long
1379,212249,TIA,1.1617673640167325,-0.00388176,1105.341939392217,0.0,1105.341939392217,1.0,-2.0,9.7044,213.0,9.123516317991633,close_unstuck_long
1380,212250,TIA,1.180967364016734,-0.0038856000000000003,1106.5190211562337,0.0,1106.5190211562337,1.0,-2.0,9.714,211.0,9.123516317991633,close_unstuck_long
1381,212251,TIA,1.2345673640167334,-0.0038963200000000004,1107.7496922002506,0.0,1107.7496922002506,1.0,-2.0,9.7408,209.0,9.123516317991633,close_unstuck_long
1382,212284,TIA,16.489561506276118,-0.06351312,1124.1757405865267,0.0,1124.1757405865267,1.0,-33.0,9.6232,176.0,9.123516317991633,close_trailing_long
1383,212525,TIA,19.23324518828445,-0.06588656,1143.3430992148112,0.0,1143.3430992148112,1.0,-34.0,9.6892,142.0,9.123516317991633,close_trailing_long
1384,212646,TIA,13.092845188284446,-0.06465848,1156.3712859230957,0.0,1156.3712859230957,1.0,-34.0,9.5086,108.0,9.123516317991633,close_trailing_long
1385,212806,TIA,0.0,-0.10521744,1156.2660684830958,0.0,1156.2660684830958,1.0,57.0,9.2296,165.0,9.160163408139978,entry_trailing_normal_long
1386,212878,TIA,0.0,-0.14577024,1156.1202982430957,0.0,1156.1202982430957,1.0,87.0,8.3776,252.0,8.8899927077107,entry_trailing_normal_long
1387,212890,TIA,0.0,-0.01376838,1156.1065298630956,0.0,1156.1065298630956,1.0,9.0,7.6491,261.0,8.847203303996539,entry_trailing_cropped_long
1388,212910,TIA,0.0,-0.00157456,1156.1049553030955,0.0,1156.1049553030955,1.0,1.0,7.8728,262.0,8.843484207416399,entry_trailing_cropped_long
1389,213030,TIA,1.0606315851672008,-0.0037495199999999997,1157.1618373682627,0.0,1157.1618373682627,1.0,-2.0,9.3738,260.0,8.843484207416399,close_unstuck_long
1390,213031,TIA,1.1414315851672008,-0.00376568,1158.29950327343,0.0,1158.29950327343,1.0,-2.0,9.4142,258.0,8.843484207416399,close_unstuck_long
1391,213032,TIA,1.4940315851672032,-0.0038362000000000005,1159.7896986585972,0.0,1159.7896986585972,1.0,-2.0,9.5905,256.0,8.843484207416399,close_unstuck_long
1392,213033,TIA,1.6284315851672027,-0.00386308,1161.4142671637644,0.0,1161.4142671637644,1.0,-2.0,9.6577,254.0,8.843484207416399,close_unstuck_long
1393,213034,TIA,2.101231585167202,-0.00395764,1163.5115411089316,0.0,1163.5115411089316,1.0,-2.0,9.8941,252.0,8.843484207416399,close_unstuck_long
1394,213035,TIA,1.8000315851672006,-0.0038973999999999996,1165.3076752940988,0.0,1165.3076752940988,1.0,-2.0,9.7435,250.0,8.843484207416399,close_unstuck_long
1395,213036,TIA,1.8590315851672017,-0.0039092,1167.162797679266,0.0,1167.162797679266,1.0,-2.0,9.773,248.0,8.843484207416399,close_unstuck_long
1396,213037,TIA,1.955631585167204,-0.0039285200000000004,1169.1145007444334,0.0,1169.1145007444334,1.0,-2.0,9.8213,246.0,8.843484207416399,close_unstuck_long
1397,213038,TIA,1.7836315851672033,-0.0038941200000000005,1170.8942382096006,0.0,1170.8942382096006,1.0,-2.0,9.7353,244.0,8.843484207416399,close_unstuck_long
1398,213039,TIA,1.7458315851672026,-0.0038865600000000003,1172.636183234768,0.0,1172.636183234768,1.0,-2.0,9.7164,242.0,8.843484207416399,close_unstuck_long
1399,213040,TIA,1.7858315851672018,-0.00389456,1174.4181202599352,0.0,1174.4181202599352,1.0,-2.0,9.7364,240.0,8.843484207416399,close_unstuck_long
1400,213041,TIA,1.731231585167201,-0.00388364,1176.1454682051024,0.0,1176.1454682051024,1.0,-2.0,9.7091,238.0,8.843484207416399,close_unstuck_long
1401,213043,TIA,1.5458315851672033,-0.00384656,1177.6874532302695,0.0,1177.6874532302695,1.0,-2.0,9.6164,236.0,8.843484207416399,close_unstuck_long
1402,213044,TIA,1.7910315851672038,-0.0038956000000000004,1179.4745892154367,0.0,1179.4745892154367,1.0,-2.0,9.739,234.0,8.843484207416399,close_unstuck_long
1403,213046,TIA,1.600431585167204,-0.0038574800000000004,1181.071163320604,0.0,1181.071163320604,1.0,-2.0,9.6437,232.0,8.843484207416399,close_unstuck_long
1404,213052,TIA,0.0,-0.0620778,1181.009085520604,0.0,1181.009085520604,1.0,30.0,10.3463,262.0,9.015562351605361,entry_trailing_cropped_long
1405,213053,TIA,2.163075296789277,-0.00403884,1183.1681219773932,0.0,1183.1681219773932,1.0,-2.0,10.0971,260.0,9.015562351605361,close_unstuck_long
1406,213054,TIA,2.3508752967892796,-0.004076400000000001,1185.5149208741825,0.0,1185.5149208741825,1.0,-2.0,10.191,258.0,9.015562351605361,close_unstuck_long
1407,213055,TIA,2.5224752967892776,-0.00411072,1188.0332854509718,0.0,1188.0332854509718,1.0,-2.0,10.2768,256.0,9.015562351605361,close_unstuck_long
1408,213056,TIA,2.499075296789279,-0.00410604,1190.528254707761,0.0,1190.528254707761,1.0,-2.0,10.2651,254.0,9.015562351605361,close_unstuck_long
1409,213057,TIA,2.2754752967892777,-0.00406132,1192.7996686845504,0.0,1192.7996686845504,1.0,-2.0,10.1533,252.0,9.015562351605361,close_unstuck_long
1410,213058,TIA,2.1692752967892766,-0.00404008,1194.9649039013398,0.0,1194.9649039013398,1.0,-2.0,10.1002,250.0,9.015562351605361,close_unstuck_long
1411,213059,TIA,2.161475296789277,-0.00403852,1197.1223406781291,0.0,1197.1223406781291,1.0,-2.0,10.0963,248.0,9.015562351605361,close_unstuck_long
1412,213061,TIA,1.8464752967892792,-0.003975520000000001,1198.9648404549184,0.0,1198.9648404549184,1.0,-2.0,9.9388,246.0,9.015562351605361,close_unstuck_long
1413,213062,TIA,1.9570752967892773,-0.00399764,1200.9179181117076,0.0,1200.9179181117076,1.0,-2.0,9.9941,244.0,9.015562351605361,close_unstuck_long
1414,213063,TIA,1.9756752967892766,-0.00400136,1202.889592048497,0.0,1202.889592048497,1.0,-2.0,10.0034,242.0,9.015562351605361,close_unstuck_long
1415,213064,TIA,1.9396752967892787,-0.00399416,1204.8252731852863,0.0,1204.8252731852863,1.0,-2.0,9.9854,240.0,9.015562351605361,close_unstuck_long
1416,213065,TIA,2.0032752967892797,-0.004006880000000001,1206.8245416020757,0.0,1206.8245416020757,1.0,-2.0,10.0172,238.0,9.015562351605361,close_unstuck_long
1417,213066,TIA,1.9298752967892767,-0.0039922,1208.750424698865,0.0,1208.750424698865,1.0,-2.0,9.9805,236.0,9.015562351605361,close_unstuck_long
1418,213068,TIA,1.892275296789279,-0.00398468,1210.6387153156543,0.0,1210.6387153156543,1.0,-2.0,9.9617,234.0,9.015562351605361,close_unstuck_long
1419,213069,TIA,1.8122752967892772,-0.00396868,1212.4470219324435,0.0,1212.4470219324435,1.0,-2.0,9.9217,232.0,9.015562351605361,close_unstuck_long
1420,213138,TIA,32.17289299060163,-0.07314974,1244.5467651830452,0.0,1244.5467651830452,1.0,-37.0,9.8851,195.0,9.015562351605361,close_trailing_long
1421,213158,TIA,32.1304306389963,-0.07494436000000002,1276.6022514620415,0.0,1276.6022514620415,1.0,-38.0,9.8611,157.0,9.015562351605361,close_trailing_long
1422,213251,TIA,32.9330682873909,-0.07690799999999999,1309.4584117494323,0.0,1309.4584117494323,1.0,-39.0,9.86,118.0,9.015562351605361,close_trailing_long
1423,213305,TIA,15.364767100233829,-0.05896944000000001,1324.7642094096661,0.0,1324.7642094096661,1.0,-31.0,9.5112,87.0,9.015562351605361,close_trailing_long
1424,213306,TIA,45.15627541033354,-0.16590204,1369.7545827799997,0.0,1369.7545827799997,1.0,-87.0,9.5346,0.0,9.015562351605361,close_grid_long
1425,213307,TIA,0.0,-0.009528800000000002,1369.7450539799997,0.0,1369.7450539799997,1.0,5.0,9.5288,5.0,9.5288,entry_initial_normal_long
1426,213318,TIA,0.19599999999999618,-0.009568,1369.9314859799997,0.0,1369.9314859799997,1.0,-5.0,9.568,0.0,9.5288,close_grid_long
1427,213994,TIA,0.0,-0.008210160000000001,1369.9232758199996,0.0,1369.9232758199996,1.0,4.0,10.2627,4.0,10.2627,entry_initial_normal_long
1428,213999,TIA,0.16799999999999926,-0.008243760000000001,1370.0830320599996,0.0,1370.0830320599996,1.0,-4.0,10.3047,0.0,10.2627,close_grid_long
1429,214029,TIA,0.0,-0.00821576,1370.0748162999996,0.0,1370.0748162999996,1.0,4.0,10.2697,4.0,10.2697,entry_initial_normal_long
1430,214031,TIA,0.16799999999999926,-0.00824936,1370.2345669399997,0.0,1370.2345669399997,1.0,-4.0,10.3117,0.0,10.2697,close_grid_long
1431,214032,TIA,0.0,-0.008216,1370.2263509399997,0.0,1370.2263509399997,1.0,4.0,10.27,4.0,10.27,entry_initial_normal_long
1432,214035,TIA,0.16799999999999926,-0.0082496,1370.3861013399996,0.0,1370.3861013399996,1.0,-4.0,10.312,0.0,10.27,close_grid_long
1433,214040,TIA,0.0,-0.00821672,1370.3778846199996,0.0,1370.3778846199996,1.0,4.0,10.2709,4.0,10.2709,entry_initial_normal_long
1434,214041,TIA,0.16800000000000637,-0.00825032,1370.5376342999996,0.0,1370.5376342999996,1.0,-4.0,10.3129,0.0,10.2709,close_grid_long
1435,214070,TIA,0.0,-0.00822144,1370.5294128599996,0.0,1370.5294128599996,1.0,4.0,10.2768,4.0,10.2768,entry_initial_normal_long
1436,214071,TIA,0.16839999999999833,-0.00825512,1370.6895577399996,0.0,1370.6895577399996,1.0,-4.0,10.3189,0.0,10.2768,close_grid_long
1437,214074,TIA,0.0,-0.008221760000000002,1370.6813359799996,0.0,1370.6813359799996,1.0,4.0,10.2772,4.0,10.2772,entry_initial_normal_long
1438,214076,TIA,0.16839999999999833,-0.008255440000000001,1370.8414805399996,0.0,1370.8414805399996,1.0,-4.0,10.3193,0.0,10.2772,close_grid_long
1439,214079,TIA,0.0,-0.00822216,1370.8332583799995,0.0,1370.8332583799995,1.0,4.0,10.2777,4.0,10.2777,entry_initial_normal_long
1440,214081,TIA,0.16840000000000543,-0.00825584,1370.9934025399996,0.0,1370.9934025399996,1.0,-4.0,10.3198,0.0,10.2777,close_grid_long
1441,214087,TIA,0.0,-0.008222880000000002,1370.9851796599996,0.0,1370.9851796599996,1.0,4.0,10.2786,4.0,10.2786,entry_initial_normal_long
1442,214088,TIA,0.22399999999999665,-0.008267680000000001,1371.2009119799995,0.0,1371.2009119799995,1.0,-4.0,10.3346,0.0,10.2786,close_grid_long
1443,214153,TIA,0.0,-0.00823416,1371.1926778199995,0.0,1371.1926778199995,1.0,4.0,10.2927,4.0,10.2927,entry_initial_normal_long
1444,214172,TIA,0.16839999999999833,-0.00826784,1371.3528099799996,0.0,1371.3528099799996,1.0,-4.0,10.3348,0.0,10.2927,close_grid_long
1445,214173,TIA,0.0,-0.00821296,1371.3445970199996,0.0,1371.3445970199996,1.0,4.0,10.2662,4.0,10.2662,entry_initial_normal_long
1446,214177,TIA,0.16799999999999926,-0.00824656,1371.5043504599996,0.0,1371.5043504599996,1.0,-4.0,10.3082,0.0,10.2662,close_grid_long
1447,214178,TIA,0.0,-0.008232,1371.4961184599997,0.0,1371.4961184599997,1.0,4.0,10.29,4.0,10.29,entry_initial_normal_long
1448,214181,TIA,0.16840000000000543,-0.008265680000000001,1371.6562527799997,0.0,1371.6562527799997,1.0,-4.0,10.3321,0.0,10.29,close_grid_long
1449,214182,TIA,0.0,-0.00823224,1371.6480205399996,0.0,1371.6480205399996,1.0,4.0,10.2903,4.0,10.2903,entry_initial_normal_long
1450,214183,TIA,0.16839999999999833,-0.00826592,1371.8081546199996,0.0,1371.8081546199996,1.0,-4.0,10.3324,0.0,10.2903,close_grid_long
1451,214184,TIA,0.0,-0.00823248,1371.7999221399996,0.0,1371.7999221399996,1.0,4.0,10.2906,4.0,10.2906,entry_initial_normal_long
1452,214185,TIA,0.16840000000000543,-0.008266160000000002,1371.9600559799997,0.0,1371.9600559799997,1.0,-4.0,10.3327,0.0,10.2906,close_grid_long
1453,214186,TIA,0.0,-0.00822432,1371.9518316599997,0.0,1371.9518316599997,1.0,4.0,10.2804,4.0,10.2804,entry_initial_normal_long
1454,214190,TIA,0.16839999999999833,-0.008258,1372.1119736599996,0.0,1372.1119736599996,1.0,-4.0,10.3225,0.0,10.2804,close_grid_long
1455,214195,TIA,0.0,-0.00823328,1372.1037403799996,0.0,1372.1037403799996,1.0,4.0,10.2916,4.0,10.2916,entry_initial_normal_long
1456,214208,TIA,0.16839999999999833,-0.00826696,1372.2638734199995,0.0,1372.2638734199995,1.0,-4.0,10.3337,0.0,10.2916,close_grid_long
1457,214218,TIA,0.0,-0.008234640000000001,1372.2556387799996,0.0,1372.2556387799996,1.0,4.0,10.2933,4.0,10.2933,entry_initial_normal_long
1458,214234,TIA,0.16839999999999833,-0.008268320000000001,1372.4157704599995,0.0,1372.4157704599995,1.0,-4.0,10.3354,0.0,10.2933,close_grid_long
1459,214237,TIA,0.0,-0.008235840000000001,1372.4075346199995,0.0,1372.4075346199995,1.0,4.0,10.2948,4.0,10.2948,entry_initial_normal_long
1460,214252,TIA,0.16839999999999833,-0.00826952,1372.5676650999994,0.0,1372.5676650999994,1.0,-4.0,10.3369,0.0,10.2948,close_grid_long
1461,214256,TIA,0.0,-0.00823688,1372.5594282199995,0.0,1372.5594282199995,1.0,4.0,10.2961,4.0,10.2961,entry_initial_normal_long
1462,214455,TIA,0.16840000000000543,-0.008270560000000001,1372.7195576599995,0.0,1372.7195576599995,1.0,-4.0,10.3382,0.0,10.2961,close_grid_long
1463,214460,TIA,0.0,-0.008207840000000001,1372.7113498199994,0.0,1372.7113498199994,1.0,4.0,10.2598,4.0,10.2598,entry_initial_normal_long
1464,214461,TIA,0.16799999999999926,-0.008241440000000001,1372.8711083799994,0.0,1372.8711083799994,1.0,-4.0,10.3018,0.0,10.2598,close_grid_long
1465,214624,TIA,0.0,-0.00826136,1372.8628470199994,0.0,1372.8628470199994,1.0,4.0,10.3267,4.0,10.3267,entry_initial_normal_long
1466,214632,TIA,0.16919999999999646,-0.0082952,1373.0237518199995,0.0,1373.0237518199995,1.0,-4.0,10.369,0.0,10.3267,close_grid_long
1467,214633,TIA,0.0,-0.00826184,1373.0154899799995,0.0,1373.0154899799995,1.0,4.0,10.3273,4.0,10.3273,entry_initial_normal_long
1468,214636,TIA,0.16920000000000357,-0.00829568,1373.1763942999996,0.0,1373.1763942999996,1.0,-4.0,10.3696,0.0,10.3273,close_grid_long
1469,214640,TIA,0.0,-0.0082624,1373.1681318999997,0.0,1373.1681318999997,1.0,4.0,10.328,4.0,10.328,entry_initial_normal_long
1470,214641,TIA,0.16920000000000357,-0.00829624,1373.3290356599998,0.0,1373.3290356599998,1.0,-4.0,10.3703,0.0,10.328,close_grid_long
1471,214643,TIA,0.0,-0.00826264,1373.3207730199997,0.0,1373.3207730199997,1.0,4.0,10.3283,4.0,10.3283,entry_initial_normal_long
1472,214650,TIA,0.16919999999999646,-0.00829648,1373.4816765399996,0.0,1373.4816765399996,1.0,-4.0,10.3706,0.0,10.3283,close_grid_long
1473,214652,TIA,0.0,-0.008263280000000001,1373.4734132599997,0.0,1373.4734132599997,1.0,4.0,10.3291,4.0,10.3291,entry_initial_normal_long
1474,214935,TIA,0.16919999999999646,-0.00829712,1373.6343161399998,0.0,1373.6343161399998,1.0,-4.0,10.3714,0.0,10.3291,close_grid_long
1475,214968,TIA,0.0,-0.008238720000000001,1373.6260774199998,0.0,1373.6260774199998,1.0,4.0,10.2984,4.0,10.2984,entry_initial_normal_long
1476,214970,TIA,0.16839999999999833,-0.008272400000000001,1373.7862050199997,0.0,1373.7862050199997,1.0,-4.0,10.3405,0.0,10.2984,close_grid_long
1477,214985,TIA,0.0,-0.00824088,1373.7779641399998,0.0,1373.7779641399998,1.0,4.0,10.3011,4.0,10.3011,entry_initial_normal_long
1478,214991,TIA,0.1687999999999974,-0.00827464,1373.9384894999998,0.0,1373.9384894999998,1.0,-4.0,10.3433,0.0,10.3011,close_grid_long
1479,214996,TIA,0.0,-0.008241759999999999,1373.93024774,0.0,1373.93024774,1.0,4.0,10.3022,4.0,10.3022,entry_initial_normal_long
1480,214997,TIA,0.1688000000000045,-0.00827552,1374.09077222,0.0,1374.09077222,1.0,-4.0,10.3444,0.0,10.3022,close_grid_long
1481,215025,TIA,0.0,-0.0082452,1374.08252702,0.0,1374.08252702,1.0,4.0,10.3065,4.0,10.3065,entry_initial_normal_long
1482,215027,TIA,0.1687999999999974,-0.00827896,1374.24304806,0.0,1374.24304806,1.0,-4.0,10.3487,0.0,10.3065,close_grid_long
1483,215032,TIA,0.0,-0.00824584,1374.2348022200001,0.0,1374.2348022200001,1.0,4.0,10.3073,4.0,10.3073,entry_initial_normal_long
1484,215045,TIA,0.1688000000000045,-0.008279600000000002,1374.3953226200001,0.0,1374.3953226200001,1.0,-4.0,10.3495,0.0,10.3073,close_grid_long
1485,215047,TIA,0.0,-0.00824664,1374.3870759800002,0.0,1374.3870759800002,1.0,4.0,10.3083,4.0,10.3083,entry_initial_normal_long
1486,215204,TIA,0.1688000000000045,-0.0082804,1374.5475955800002,0.0,1374.5475955800002,1.0,-4.0,10.3505,0.0,10.3083,close_grid_long
1487,215217,TIA,0.0,-0.00824504,1374.5393505400002,0.0,1374.5393505400002,1.0,4.0,10.3063,4.0,10.3063,entry_initial_normal_long
1488,215224,TIA,0.1687999999999974,-0.0082788,1374.6998717400002,0.0,1374.6998717400002,1.0,-4.0,10.3485,0.0,10.3063,close_grid_long
1489,215225,TIA,0.0,-0.008245520000000001,1374.6916262200002,0.0,1374.6916262200002,1.0,4.0,10.3069,4.0,10.3069,entry_initial_normal_long
1490,216092,TIA,0.1687999999999974,-0.00827928,1374.8521469400002,0.0,1374.8521469400002,1.0,-4.0,10.3491,0.0,10.3069,close_grid_long
1491,216256,TIA,0.0,-0.00799328,1374.8441536600003,0.0,1374.8441536600003,1.0,4.0,9.9916,4.0,9.9916,entry_initial_normal_long
1492,216258,TIA,0.1636000000000024,-0.008026,1374.9997276600004,0.0,1374.9997276600004,1.0,-4.0,10.0325,0.0,9.9916,close_grid_long
1493,216261,TIA,0.0,-0.00799392,1374.9917337400004,0.0,1374.9917337400004,1.0,4.0,9.9924,4.0,9.9924,entry_initial_normal_long
1494,216407,TIA,0.1636000000000024,-0.008026640000000002,1375.1473071000005,0.0,1375.1473071000005,1.0,-4.0,10.0333,0.0,9.9924,close_grid_long
1495,216611,TIA,0.0,-0.008069119999999999,1375.1392379800004,0.0,1375.1392379800004,1.0,4.0,10.0864,4.0,10.0864,entry_initial_normal_long
1496,216656,TIA,0.1652000000000058,-0.00810216,1375.2963358200004,0.0,1375.2963358200004,1.0,-4.0,10.1277,0.0,10.0864,close_grid_long
1497,216707,TIA,0.0,-0.0080792,1375.2882566200003,0.0,1375.2882566200003,1.0,4.0,10.099,4.0,10.099,entry_initial_normal_long
1498,216709,TIA,0.16519999999999868,-0.00811224,1375.4453443800003,0.0,1375.4453443800003,1.0,-4.0,10.1403,0.0,10.099,close_grid_long
1499,216910,TIA,0.0,-0.008144799999999999,1375.4371995800002,0.0,1375.4371995800002,1.0,4.0,10.181,4.0,10.181,entry_initial_normal_long
1500,216921,TIA,0.16680000000000206,-0.00817816,1375.5958214200002,0.0,1375.5958214200002,1.0,-4.0,10.2227,0.0,10.181,close_grid_long
1501,216922,TIA,0.0,-0.008127520000000001,1375.5876939000002,0.0,1375.5876939000002,1.0,4.0,10.1594,4.0,10.1594,entry_initial_normal_long
1502,216924,TIA,0.166400000000003,-0.008160800000000001,1375.7459331000002,0.0,1375.7459331000002,1.0,-4.0,10.201,0.0,10.1594,close_grid_long
1503,216934,TIA,0.0,-0.008146720000000001,1375.7377863800002,0.0,1375.7377863800002,1.0,4.0,10.1834,4.0,10.1834,entry_initial_normal_long
1504,216935,TIA,0.27479999999999905,-0.008201680000000001,1376.0043847000002,0.0,1376.0043847000002,1.0,-4.0,10.2521,0.0,10.1834,close_grid_long
1505,216939,TIA,0.0,-0.008147360000000001,1375.99623734,0.0,1375.99623734,1.0,4.0,10.1842,4.0,10.1842,entry_initial_normal_long
1506,216942,TIA,0.16679999999999495,-0.00818072,1376.1548566200001,0.0,1376.1548566200001,1.0,-4.0,10.2259,0.0,10.1842,close_grid_long
1507,216943,TIA,0.0,-0.00814752,1376.1467091000002,0.0,1376.1467091000002,1.0,4.0,10.1844,4.0,10.1844,entry_initial_normal_long
1508,216945,TIA,0.16680000000000206,-0.008180880000000001,1376.30532822,0.0,1376.30532822,1.0,-4.0,10.2261,0.0,10.1844,close_grid_long
1509,216946,TIA,0.0,-0.00814776,1376.2971804600002,0.0,1376.2971804600002,1.0,4.0,10.1847,4.0,10.1847,entry_initial_normal_long
1510,216947,TIA,0.1788000000000025,-0.00818352,1376.4677969400002,0.0,1376.4677969400002,1.0,-4.0,10.2294,0.0,10.1847,close_grid_long
1511,216949,TIA,0.0,-0.00814808,1376.4596488600002,0.0,1376.4596488600002,1.0,4.0,10.1851,4.0,10.1851,entry_initial_normal_long
1512,216956,TIA,0.16680000000000206,-0.008181440000000002,1376.6182674200002,0.0,1376.6182674200002,1.0,-4.0,10.2268,0.0,10.1851,close_grid_long
1513,216957,TIA,0.0,-0.00814816,1376.6101192600001,0.0,1376.6101192600001,1.0,4.0,10.1852,4.0,10.1852,entry_initial_normal_long
1514,216965,TIA,0.16680000000000206,-0.008181520000000001,1376.7687377400002,0.0,1376.7687377400002,1.0,-4.0,10.2269,0.0,10.1852,close_grid_long
1515,216967,TIA,0.0,-0.008148560000000001,1376.7605891800001,0.0,1376.7605891800001,1.0,4.0,10.1857,4.0,10.1857,entry_initial_normal_long
1516,216976,TIA,0.16679999999999495,-0.00818192,1376.9192072600001,0.0,1376.9192072600001,1.0,-4.0,10.2274,0.0,10.1857,close_grid_long
1517,216978,TIA,0.0,-0.00814864,1376.9110586200002,0.0,1376.9110586200002,1.0,4.0,10.1858,4.0,10.1858,entry_initial_normal_long
1518,216990,TIA,0.16679999999999495,-0.008182,1377.06967662,0.0,1377.06967662,1.0,-4.0,10.2275,0.0,10.1858,close_grid_long
1519,217785,TIA,0.0,-0.008571760000000001,1377.0611048600001,0.0,1377.0611048600001,1.0,4.0,10.7147,4.0,10.7147,entry_initial_normal_long
1520,217943,TIA,0.17559999999999576,-0.00860688,1377.22809798,0.0,1377.22809798,1.0,-4.0,10.7586,0.0,10.7147,close_grid_long
1521,217964,TIA,0.0,-0.008571120000000002,1377.21952686,0.0,1377.21952686,1.0,4.0,10.7139,4.0,10.7139,entry_initial_normal_long
1522,217972,TIA,0.17559999999999576,-0.00860624,1377.38652062,0.0,1377.38652062,1.0,-4.0,10.7578,0.0,10.7139,close_grid_long
1523,217974,TIA,0.0,-0.008571760000000001,1377.37794886,0.0,1377.37794886,1.0,4.0,10.7147,4.0,10.7147,entry_initial_normal_long
1524,217977,TIA,0.17559999999999576,-0.00860688,1377.54494198,0.0,1377.54494198,1.0,-4.0,10.7586,0.0,10.7147,close_grid_long
1525,217985,TIA,0.0,-0.008572880000000001,1377.5363691,0.0,1377.5363691,1.0,4.0,10.7161,4.0,10.7161,entry_initial_normal_long
1526,217990,TIA,0.17559999999999576,-0.008608000000000001,1377.7033611,0.0,1377.7033611,1.0,-4.0,10.76,0.0,10.7161,close_grid_long
1527,217997,TIA,0.0,-0.00857392,1377.69478718,0.0,1377.69478718,1.0,4.0,10.7174,4.0,10.7174,entry_initial_normal_long
1528,218013,TIA,0.17560000000000286,-0.00860904,1377.86177814,0.0,1377.86177814,1.0,-4.0,10.7613,0.0,10.7174,close_grid_long
1529,218041,TIA,0.0,-0.008578480000000001,1377.85319966,0.0,1377.85319966,1.0,4.0,10.7231,4.0,10.7231,entry_initial_normal_long
1530,218053,TIA,0.17559999999999576,-0.0086136,1378.02018606,0.0,1378.02018606,1.0,-4.0,10.767,0.0,10.7231,close_grid_long
1531,218067,TIA,0.0,-0.0085812,1378.01160486,0.0,1378.01160486,1.0,4.0,10.7265,4.0,10.7265,entry_initial_normal_long
1532,218116,TIA,0.17600000000000193,-0.0086164,1378.17898846,0.0,1378.17898846,1.0,-4.0,10.7705,0.0,10.7265,close_grid_long
1533,218132,TIA,0.0,-0.00858544,1378.17040302,0.0,1378.17040302,1.0,4.0,10.7318,4.0,10.7318,entry_initial_normal_long
1534,218539,TIA,0.17600000000000193,-0.00862064,1378.3377823800001,0.0,1378.3377823800001,1.0,-4.0,10.7758,0.0,10.7318,close_grid_long
1535,218579,TIA,0.0,-0.00851376,1378.3292686200002,0.0,1378.3292686200002,1.0,4.0,10.6422,4.0,10.6422,entry_initial_normal_long
1536,220670,TIA,0.17439999999999856,-0.008548640000000001,1378.4951199800003,0.0,1378.4951199800003,1.0,-4.0,10.6858,0.0,10.6422,close_grid_long
1537,221673,TIA,0.0,-0.00859952,1378.4865204600003,0.0,1378.4865204600003,1.0,4.0,10.7494,4.0,10.7494,entry_initial_normal_long
1538,221783,TIA,0.17600000000000193,-0.00863472,1378.6538857400003,0.0,1378.6538857400003,1.0,-4.0,10.7934,0.0,10.7494,close_grid_long
1539,221787,TIA,0.0,-0.0085996,1378.6452861400003,0.0,1378.6452861400003,1.0,4.0,10.7495,4.0,10.7495,entry_initial_normal_long
1540,221836,TIA,0.17600000000000193,-0.0086348,1378.8126513400002,0.0,1378.8126513400002,1.0,-4.0,10.7935,0.0,10.7495,close_grid_long
1541,223449,TIA,0.0,-0.00928912,1378.8033622200003,0.0,1378.8033622200003,1.0,4.0,11.6114,4.0,11.6114,entry_initial_normal_long
1542,223454,TIA,0.19080000000000297,-0.00932728,1378.9848349400004,0.0,1378.9848349400004,1.0,-4.0,11.6591,0.0,11.6114,close_grid_long
1543,223456,TIA,0.0,-0.00928984,1378.9755451000003,0.0,1378.9755451000003,1.0,4.0,11.6123,4.0,11.6123,entry_initial_normal_long
1544,223457,TIA,0.19080000000000297,-0.009328000000000001,1379.1570171000003,0.0,1379.1570171000003,1.0,-4.0,11.66,0.0,11.6123,close_grid_long
1545,223475,TIA,0.0,-0.0092916,1379.1477255000002,0.0,1379.1477255000002,1.0,4.0,11.6145,4.0,11.6145,entry_initial_normal_long
1546,223477,TIA,0.19080000000000297,-0.009329760000000001,1379.3291957400002,0.0,1379.3291957400002,1.0,-4.0,11.6622,0.0,11.6145,close_grid_long
1547,223599,TIA,0.0,-0.009310080000000002,1379.3198856600002,0.0,1379.3198856600002,1.0,4.0,11.6376,4.0,11.6376,entry_initial_normal_long
1548,223623,TIA,0.19119999999999493,-0.00934832,1379.50173734,0.0,1379.50173734,1.0,-4.0,11.6854,0.0,11.6376,close_grid_long
1549,223628,TIA,0.0,-0.00931248,1379.49242486,0.0,1379.49242486,1.0,4.0,11.6406,4.0,11.6406,entry_initial_normal_long
1550,223683,TIA,0.19120000000000203,-0.00935072,1379.67427414,0.0,1379.67427414,1.0,-4.0,11.6884,0.0,11.6406,close_grid_long
1551,223784,TIA,0.0,-0.00933224,1379.6649419,0.0,1379.6649419,1.0,4.0,11.6653,4.0,11.6653,entry_initial_normal_long
1552,223789,TIA,0.1916000000000011,-0.00937056,1379.84717134,0.0,1379.84717134,1.0,-4.0,11.7132,0.0,11.6653,close_grid_long
1553,223793,TIA,0.0,-0.00933312,1379.8378382199999,0.0,1379.8378382199999,1.0,4.0,11.6664,4.0,11.6664,entry_initial_normal_long
1554,223832,TIA,0.1916000000000011,-0.00937144,1380.02006678,0.0,1380.02006678,1.0,-4.0,11.7143,0.0,11.6664,close_grid_long
1555,223857,TIA,0.0,-0.00933896,1380.01072782,0.0,1380.01072782,1.0,4.0,11.6737,4.0,11.6737,entry_initial_normal_long
1556,223865,TIA,0.1916000000000011,-0.00937728,1380.19295054,0.0,1380.19295054,1.0,-4.0,11.7216,0.0,11.6737,close_grid_long
1557,223884,TIA,0.0,-0.00934168,1380.18360886,0.0,1380.18360886,1.0,4.0,11.6771,4.0,11.6771,entry_initial_normal_long
1558,223896,TIA,0.19200000000000017,-0.00938008,1380.36622878,0.0,1380.36622878,1.0,-4.0,11.7251,0.0,11.6771,close_grid_long
1559,223928,TIA,0.0,-0.00934632,1380.35688246,0.0,1380.35688246,1.0,4.0,11.6829,4.0,11.6829,entry_initial_normal_long
1560,223956,TIA,0.19200000000000017,-0.009384720000000001,1380.53949774,0.0,1380.53949774,1.0,-4.0,11.7309,0.0,11.6829,close_grid_long
1561,223982,TIA,0.0,-0.009351600000000002,1380.53014614,0.0,1380.53014614,1.0,4.0,11.6895,4.0,11.6895,entry_initial_normal_long
1562,223988,TIA,0.19200000000000017,-0.00939,1380.71275614,0.0,1380.71275614,1.0,-4.0,11.7375,0.0,11.6895,close_grid_long
1563,224012,TIA,0.0,-0.009356000000000001,1380.70340014,0.0,1380.70340014,1.0,4.0,11.695,4.0,11.695,entry_initial_normal_long
1564,224094,TIA,0.19200000000000017,-0.0093944,1380.88600574,0.0,1380.88600574,1.0,-4.0,11.743,0.0,11.695,close_grid_long
1565,224169,TIA,0.0,-0.009379040000000002,1380.8766266999999,0.0,1380.8766266999999,1.0,4.0,11.7238,4.0,11.7238,entry_initial_normal_long
1566,224170,TIA,0.19239999999999924,-0.00941752,1381.0596091799998,0.0,1381.0596091799998,1.0,-4.0,11.7719,0.0,11.7238,close_grid_long
1567,224172,TIA,0.0,-0.00937928,1381.0502298999997,0.0,1381.0502298999997,1.0,4.0,11.7241,4.0,11.7241,entry_initial_normal_long
1568,225205,TIA,0.19239999999999924,-0.00941776,1381.2332121399998,0.0,1381.2332121399998,1.0,-4.0,11.7722,0.0,11.7241,close_grid_long
1569,225227,TIA,0.0,-0.00930816,1381.2239039799997,0.0,1381.2239039799997,1.0,4.0,11.6352,4.0,11.6352,entry_initial_normal_long
1570,225231,TIA,0.19120000000000203,-0.0093464,1381.4057575799998,0.0,1381.4057575799998,1.0,-4.0,11.683,0.0,11.6352,close_grid_long
1571,225237,TIA,0.0,-0.009309040000000001,1381.3964485399997,0.0,1381.3964485399997,1.0,4.0,11.6363,4.0,11.6363,entry_initial_normal_long
1572,225252,TIA,0.19120000000000203,-0.009347280000000001,1381.5783012599998,0.0,1381.5783012599998,1.0,-4.0,11.6841,0.0,11.6363,close_grid_long
1573,225255,TIA,0.0,-0.00931032,1381.5689909399998,0.0,1381.5689909399998,1.0,4.0,11.6379,4.0,11.6379,entry_initial_normal_long
1574,225259,TIA,0.19120000000000203,-0.00934856,1381.7508423799998,0.0,1381.7508423799998,1.0,-4.0,11.6857,0.0,11.6379,close_grid_long
1575,225291,TIA,0.0,-0.009315200000000001,1381.7415271799998,0.0,1381.7415271799998,1.0,4.0,11.644,4.0,11.644,entry_initial_normal_long
1576,225307,TIA,0.19120000000000203,-0.009353440000000001,1381.9233737399998,0.0,1381.9233737399998,1.0,-4.0,11.6918,0.0,11.644,close_grid_long
1577,225341,TIA,0.0,-0.009321040000000001,1381.9140526999997,0.0,1381.9140526999997,1.0,4.0,11.6513,4.0,11.6513,entry_initial_normal_long
1578,225388,TIA,0.191599999999994,-0.00935936,1382.0962933399996,0.0,1382.0962933399996,1.0,-4.0,11.6992,0.0,11.6513,close_grid_long
1579,225390,TIA,0.0,-0.009324240000000001,1382.0869690999996,0.0,1382.0869690999996,1.0,4.0,11.6553,4.0,11.6553,entry_initial_normal_long
1580,225607,TIA,0.1916000000000011,-0.00936256,1382.2692065399997,0.0,1382.2692065399997,1.0,-4.0,11.7032,0.0,11.6553,close_grid_long
1581,225624,TIA,0.0,-0.00932112,1382.2598854199996,0.0,1382.2598854199996,1.0,4.0,11.6514,4.0,11.6514,entry_initial_normal_long
1582,226189,TIA,0.191599999999994,-0.00935944,1382.4421259799997,0.0,1382.4421259799997,1.0,-4.0,11.6993,0.0,11.6514,close_grid_long
1583,226200,TIA,0.0,-0.00930128,1382.4328246999996,0.0,1382.4328246999996,1.0,4.0,11.6266,4.0,11.6266,entry_initial_normal_long
1584,226915,TIA,0.19120000000000203,-0.00933952,1382.6146851799997,0.0,1382.6146851799997,1.0,-4.0,11.6744,0.0,11.6266,close_grid_long
1585,227115,TIA,0.0,-0.00919752,1382.6054876599997,0.0,1382.6054876599997,1.0,4.0,11.4969,4.0,11.4969,entry_initial_normal_long
1586,227136,TIA,0.18840000000000146,-0.0092352,1382.7846524599997,0.0,1382.7846524599997,1.0,-4.0,11.544,0.0,11.4969,close_grid_long
1587,227150,TIA,0.0,-0.00920176,1382.7754506999997,0.0,1382.7754506999997,1.0,4.0,11.5022,4.0,11.5022,entry_initial_normal_long
1588,227161,TIA,0.18880000000000052,-0.009239520000000001,1382.9550111799997,0.0,1382.9550111799997,1.0,-4.0,11.5494,0.0,11.5022,close_grid_long
1589,227170,TIA,0.0,-0.00920424,1382.9458069399998,0.0,1382.9458069399998,1.0,4.0,11.5053,4.0,11.5053,entry_initial_normal_long
1590,227258,TIA,0.18880000000000052,-0.009242,1383.1253649399998,0.0,1383.1253649399998,1.0,-4.0,11.5525,0.0,11.5053,close_grid_long
1591,227264,TIA,0.0,-0.0092076,1383.1161573399997,0.0,1383.1161573399997,1.0,4.0,11.5095,4.0,11.5095,entry_initial_normal_long
1592,227317,TIA,0.18880000000000052,-0.00924536,1383.2957119799999,0.0,1383.2957119799999,1.0,-4.0,11.5567,0.0,11.5095,close_grid_long
1593,228053,TIA,0.0,-0.00941528,1383.2862966999999,0.0,1383.2862966999999,1.0,4.0,11.7691,4.0,11.7691,entry_initial_normal_long
1594,228123,TIA,0.19319999999999737,-0.00945392,1383.4700427799999,0.0,1383.4700427799999,1.0,-4.0,11.8174,0.0,11.7691,close_grid_long
1595,228129,TIA,0.0,-0.009417680000000001,1383.4606250999998,0.0,1383.4606250999998,1.0,4.0,11.7721,4.0,11.7721,entry_initial_normal_long
1596,228147,TIA,0.19319999999999737,-0.00945632,1383.6443687799997,0.0,1383.6443687799997,1.0,-4.0,11.8204,0.0,11.7721,close_grid_long
1597,228149,TIA,0.0,-0.009419199999999999,1383.6349495799998,0.0,1383.6349495799998,1.0,4.0,11.774,4.0,11.774,entry_initial_normal_long
1598,228156,TIA,0.19320000000000448,-0.00945784,1383.8186917399998,0.0,1383.8186917399998,1.0,-4.0,11.8223,0.0,11.774,close_grid_long
1599,228162,TIA,0.0,-0.0094204,1383.80927134,0.0,1383.80927134,1.0,4.0,11.7755,4.0,11.7755,entry_initial_normal_long
1600,231192,TIA,0.0,-0.00823008,1383.80104126,0.0,1383.80104126,1.0,4.0,10.2876,8.0,11.03155,entry_grid_normal_long
1601,234905,TIA,0.0,-0.011565959999999998,1383.7894752999998,0.0,1383.7894752999998,1.0,6.0,9.6383,14.0,10.434442857142855,entry_grid_normal_long
1602,244047,TIA,0.6294000000000288,-0.02934232,1384.3895329799998,0.0,1384.3895329799998,1.0,-14.0,10.4794,0.0,10.434442857142855,close_grid_long
1603,244474,TIA,0.0,-0.00815296,1384.3813800199998,0.0,1384.3813800199998,1.0,4.0,10.1912,4.0,10.1912,entry_initial_normal_long
1604,244477,TIA,0.16680000000000206,-0.00818632,1384.5399936999997,0.0,1384.5399936999997,1.0,-4.0,10.2329,0.0,10.1912,close_grid_long
1605,244561,TIA,0.0,-0.0081616,1384.5318320999997,0.0,1384.5318320999997,1.0,4.0,10.202,4.0,10.202,entry_initial_normal_long
1606,244663,TIA,0.16720000000000113,-0.00819504,1384.6908370599997,0.0,1384.6908370599997,1.0,-4.0,10.2438,0.0,10.202,close_grid_long
1607,244692,TIA,0.0,-0.00817,1384.6826670599996,0.0,1384.6826670599996,1.0,4.0,10.2125,4.0,10.2125,entry_initial_normal_long
1608,244776,TIA,0.16720000000000113,-0.008203440000000001,1384.8416636199997,0.0,1384.8416636199997,1.0,-4.0,10.2543,0.0,10.2125,close_grid_long
1609,244788,TIA,0.0,-0.00817568,1384.8334879399997,0.0,1384.8334879399997,1.0,4.0,10.2196,4.0,10.2196,entry_initial_normal_long
1610,244807,TIA,0.16720000000000113,-0.00820912,1384.9924788199996,0.0,1384.9924788199996,1.0,-4.0,10.2614,0.0,10.2196,close_grid_long
1611,244955,TIA,0.0,-0.00819776,1384.9842810599996,0.0,1384.9842810599996,1.0,4.0,10.2472,4.0,10.2472,entry_initial_normal_long
1612,245121,TIA,0.1676000000000002,-0.00823128,1385.1436497799996,0.0,1385.1436497799996,1.0,-4.0,10.2891,0.0,10.2472,close_grid_long
1613,245443,TIA,0.0,-0.008272880000000002,1385.1353768999995,0.0,1385.1353768999995,1.0,4.0,10.3411,4.0,10.3411,entry_initial_normal_long
1614,245445,TIA,0.16919999999999646,-0.00830672,1385.2962701799995,0.0,1385.2962701799995,1.0,-4.0,10.3834,0.0,10.3411,close_grid_long
1615,245448,TIA,0.0,-0.008273280000000001,1385.2879968999996,0.0,1385.2879968999996,1.0,4.0,10.3416,4.0,10.3416,entry_initial_normal_long
1616,245466,TIA,0.16920000000000357,-0.008307120000000001,1385.4488897799995,0.0,1385.4488897799995,1.0,-4.0,10.3839,0.0,10.3416,close_grid_long
1617,245565,TIA,0.0,-0.008288720000000001,1385.4406010599994,0.0,1385.4406010599994,1.0,4.0,10.3609,4.0,10.3609,entry_initial_normal_long
1618,245619,TIA,0.16959999999999553,-0.008322640000000001,1385.6018784199994,0.0,1385.6018784199994,1.0,-4.0,10.4033,0.0,10.3609,close_grid_long
1619,245630,TIA,0.0,-0.00829024,1385.5935881799994,0.0,1385.5935881799994,1.0,4.0,10.3628,4.0,10.3628,entry_initial_normal_long
1620,245641,TIA,0.16960000000000264,-0.00832416,1385.7548640199993,0.0,1385.7548640199993,1.0,-4.0,10.4052,0.0,10.3628,close_grid_long
1621,245660,TIA,0.0,-0.00829328,1385.7465707399992,0.0,1385.7465707399992,1.0,4.0,10.3666,4.0,10.3666,entry_initial_normal_long
1622,245661,TIA,0.16960000000000264,-0.008327200000000002,1385.9078435399992,0.0,1385.9078435399992,1.0,-4.0,10.409,0.0,10.3666,close_grid_long
1623,245664,TIA,0.0,-0.008293600000000002,1385.8995499399994,0.0,1385.8995499399994,1.0,4.0,10.367,4.0,10.367,entry_initial_normal_long
1624,245821,TIA,0.16959999999999553,-0.00832752,1386.0608224199993,0.0,1386.0608224199993,1.0,-4.0,10.4094,0.0,10.367,close_grid_long
1625,245853,TIA,0.0,-0.00829208,1386.0525303399993,0.0,1386.0525303399993,1.0,4.0,10.3651,4.0,10.3651,entry_initial_normal_long
1626,245855,TIA,0.16960000000000264,-0.008326,1386.2138043399993,0.0,1386.2138043399993,1.0,-4.0,10.4075,0.0,10.3651,close_grid_long
1627,245859,TIA,0.0,-0.00829264,1386.2055116999993,0.0,1386.2055116999993,1.0,4.0,10.3658,4.0,10.3658,entry_initial_normal_long
1628,245870,TIA,0.16960000000000264,-0.00832656,1386.3667851399994,0.0,1386.3667851399994,1.0,-4.0,10.4082,0.0,10.3658,close_grid_long
1629,245885,TIA,0.0,-0.00829504,1386.3584900999995,0.0,1386.3584900999995,1.0,4.0,10.3688,4.0,10.3688,entry_initial_normal_long
1630,245896,TIA,0.16959999999999553,-0.00832896,1386.5197611399994,0.0,1386.5197611399994,1.0,-4.0,10.4112,0.0,10.3688,close_grid_long
1631,245900,TIA,0.0,-0.00829608,1386.5114650599994,0.0,1386.5114650599994,1.0,4.0,10.3701,4.0,10.3701,entry_initial_normal_long
1632,247712,TIA,0.0,-0.007457200000000001,1386.5040078599993,0.0,1386.5040078599993,1.0,4.0,9.3215,8.0,9.8458,entry_grid_normal_long
1633,251405,TIA,0.32799999999998875,-0.01581888,1386.8161889799992,0.0,1386.8161889799992,1.0,-8.0,9.8868,0.0,9.8458,close_grid_long
1634,251422,TIA,0.0,-0.009728300000000002,1386.8064606799992,0.0,1386.8064606799992,1.0,5.0,9.7283,5.0,9.7283,entry_initial_normal_long
1635,255030,TIA,0.0,-0.008867100000000001,1386.797593579999,0.0,1386.797593579999,1.0,5.0,8.8671,10.0,9.2977,entry_grid_normal_long
1636,255362,TIA,0.389999999999997,-0.018673400000000003,1387.168920179999,0.0,1387.168920179999,1.0,-10.0,9.3367,0.0,9.2977,close_grid_long
1637,255482,TIA,0.0,-0.009139099999999999,1387.159781079999,0.0,1387.159781079999,1.0,5.0,9.1391,5.0,9.1391,entry_initial_normal_long
1638,257179,TIA,0.0,-0.0083183,1387.151462779999,0.0,1387.151462779999,1.0,5.0,8.3183,10.0,8.7287,entry_grid_normal_long
1639,258729,TIA,0.36599999999999966,-0.0175306,1387.4999321799992,0.0,1387.4999321799992,1.0,-10.0,8.7653,0.0,8.7287,close_grid_long
1640,259956,TIA,0.0,-0.0088933,1387.4910388799992,0.0,1387.4910388799992,1.0,5.0,8.8933,5.0,8.8933,entry_initial_normal_long
1641,259967,TIA,0.182500000000001,-0.0089298,1387.6646090799993,0.0,1387.6646090799993,1.0,-5.0,8.9298,0.0,8.8933,close_grid_long
1642,259978,TIA,0.0,-0.0088951,1387.6557139799993,0.0,1387.6557139799993,1.0,5.0,8.8951,5.0,8.8951,entry_initial_normal_long
1643,260301,TIA,0.182500000000001,-0.008931600000000001,1387.8292823799993,0.0,1387.8292823799993,1.0,-5.0,8.9316,0.0,8.8951,close_grid_long
1644,260471,TIA,0.0,-0.008909800000000002,1387.8203725799992,0.0,1387.8203725799992,1.0,5.0,8.9098,5.0,8.9098,entry_initial_normal_long
1645,260499,TIA,0.18299999999999983,-0.0089464,1387.9944261799992,0.0,1387.9944261799992,1.0,-5.0,8.9464,0.0,8.9098,close_grid_long
1646,260510,TIA,0.0,-0.008912300000000001,1387.9855138799992,0.0,1387.9855138799992,1.0,5.0,8.9123,5.0,8.9123,entry_initial_normal_long
1647,260604,TIA,0.18299999999999983,-0.008948900000000001,1388.1595649799992,0.0,1388.1595649799992,1.0,-5.0,8.9489,0.0,8.9123,close_grid_long
1648,260914,TIA,0.0,-0.008970500000000001,1388.1505944799992,0.0,1388.1505944799992,1.0,5.0,8.9705,5.0,8.9705,entry_initial_normal_long
1649,260922,TIA,0.18400000000000638,-0.009007300000000001,1388.3255871799993,0.0,1388.3255871799993,1.0,-5.0,9.0073,0.0,8.9705,close_grid_long
1650,260929,TIA,0.0,-0.0089721,1388.3166150799993,0.0,1388.3166150799993,1.0,5.0,8.9721,5.0,8.9721,entry_initial_normal_long
1651,261051,TIA,0.18400000000000638,-0.0090089,1388.4916061799993,0.0,1388.4916061799993,1.0,-5.0,9.0089,0.0,8.9721,close_grid_long
1652,262165,TIA,0.0,-0.009371200000000001,1388.4822349799992,0.0,1388.4822349799992,1.0,5.0,9.3712,5.0,9.3712,entry_initial_normal_long
1653,262176,TIA,0.19199999999999662,-0.009409599999999999,1388.6648253799992,0.0,1388.6648253799992,1.0,-5.0,9.4096,0.0,9.3712,close_grid_long
1654,262530,TIA,0.0,-0.009429900000000001,1388.6553954799992,0.0,1388.6553954799992,1.0,5.0,9.4299,5.0,9.4299,entry_initial_normal_long
1655,262584,TIA,0.19400000000000084,-0.0094687,1388.8399267799991,0.0,1388.8399267799991,1.0,-5.0,9.4687,0.0,9.4299,close_grid_long
1656,262816,TIA,0.0,-0.009472600000000001,1388.8304541799992,0.0,1388.8304541799992,1.0,5.0,9.4726,5.0,9.4726,entry_initial_normal_long
1657,263050,TIA,0.19449999999999967,-0.009511499999999999,1389.015442679999,0.0,1389.015442679999,1.0,-5.0,9.5115,0.0,9.4726,close_grid_long
1658,263063,TIA,0.0,-0.009480800000000001,1389.0059618799992,0.0,1389.0059618799992,1.0,5.0,9.4808,5.0,9.4808,entry_initial_normal_long
1659,263075,TIA,0.1949999999999985,-0.009519800000000002,1389.1914420799992,0.0,1389.1914420799992,1.0,-5.0,9.5198,0.0,9.4808,close_grid_long
1660,263092,TIA,0.0,-0.0094835,1389.1819585799992,0.0,1389.1819585799992,1.0,5.0,9.4835,5.0,9.4835,entry_initial_normal_long
1661,263102,TIA,0.1950000000000074,-0.009522500000000001,1389.3674360799992,0.0,1389.3674360799992,1.0,-5.0,9.5225,0.0,9.4835,close_grid_long
1662,263264,TIA,0.0,-0.0095087,1389.3579273799992,0.0,1389.3579273799992,1.0,5.0,9.5087,5.0,9.5087,entry_initial_normal_long
1663,263330,TIA,0.19550000000000622,-0.009547800000000002,1389.5438795799992,0.0,1389.5438795799992,1.0,-5.0,9.5478,0.0,9.5087,close_grid_long
1664,263340,TIA,0.0,-0.009515100000000002,1389.534364479999,0.0,1389.534364479999,1.0,5.0,9.5151,5.0,9.5151,entry_initial_normal_long
1665,263353,TIA,0.19549999999999734,-0.0095542,1389.720310279999,0.0,1389.720310279999,1.0,-5.0,9.5542,0.0,9.5151,close_grid_long
1666,263364,TIA,0.0,-0.0095174,1389.710792879999,0.0,1389.710792879999,1.0,5.0,9.5174,5.0,9.5174,entry_initial_normal_long
1667,263547,TIA,0.19549999999999734,-0.0095565,1389.8967363799989,0.0,1389.8967363799989,1.0,-5.0,9.5565,0.0,9.5174,close_grid_long
1668,263553,TIA,0.0,-0.009528700000000001,1389.887207679999,0.0,1389.887207679999,1.0,5.0,9.5287,5.0,9.5287,entry_initial_normal_long
1669,263664,TIA,0.19599999999999618,-0.0095679,1390.073639779999,0.0,1390.073639779999,1.0,-5.0,9.5679,0.0,9.5287,close_grid_long
1670,263676,TIA,0.0,-0.0095338,1390.0641059799989,0.0,1390.0641059799989,1.0,5.0,9.5338,5.0,9.5338,entry_initial_normal_long
1671,265036,TIA,0.0,-0.0086444,1390.0554615799988,0.0,1390.0554615799988,1.0,5.0,8.6444,10.0,9.089099999999998,entry_grid_normal_long
1672,266125,TIA,0.381000000000018,-0.0182544,1390.4182071799987,0.0,1390.4182071799987,1.0,-10.0,9.1272,0.0,9.089099999999998,close_grid_long
1673,267568,TIA,0.0,-0.0095589,1390.4086482799987,0.0,1390.4086482799987,1.0,5.0,9.5589,5.0,9.5589,entry_initial_normal_long
1674,267601,TIA,0.1965000000000039,-0.009598200000000001,1390.5955500799987,0.0,1390.5955500799987,1.0,-5.0,9.5982,0.0,9.5589,close_grid_long
1675,267671,TIA,0.0,-0.0095718,1390.5859782799987,0.0,1390.5859782799987,1.0,5.0,9.5718,5.0,9.5718,entry_initial_normal_long
1676,267718,TIA,0.1965000000000039,-0.009611100000000001,1390.7728671799987,0.0,1390.7728671799987,1.0,-5.0,9.6111,0.0,9.5718,close_grid_long
1677,267983,TIA,0.0,-0.0096219,1390.7632452799987,0.0,1390.7632452799987,1.0,5.0,9.6219,5.0,9.6219,entry_initial_normal_long
1678,268186,TIA,0.19750000000000156,-0.0096614,1390.9510838799988,0.0,1390.9510838799988,1.0,-5.0,9.6614,0.0,9.6219,close_grid_long
1679,268288,TIA,0.0,-0.0096383,1390.9414455799988,0.0,1390.9414455799988,1.0,5.0,9.6383,5.0,9.6383,entry_initial_normal_long
1680,268293,TIA,0.1980000000000004,-0.0096779,1391.1297676799988,0.0,1391.1297676799988,1.0,-5.0,9.6779,0.0,9.6383,close_grid_long
1681,268300,TIA,0.0,-0.009639400000000001,1391.1201282799989,0.0,1391.1201282799989,1.0,5.0,9.6394,5.0,9.6394,entry_initial_normal_long
1682,268334,TIA,0.1980000000000004,-0.009679000000000002,1391.308449279999,0.0,1391.308449279999,1.0,-5.0,9.679,0.0,9.6394,close_grid_long
1683,268447,TIA,0.0,-0.0096637,1391.298785579999,0.0,1391.298785579999,1.0,5.0,9.6637,5.0,9.6637,entry_initial_normal_long
1684,268459,TIA,0.19849999999999923,-0.009703400000000001,1391.487582179999,0.0,1391.487582179999,1.0,-5.0,9.7034,0.0,9.6637,close_grid_long
1685,268467,TIA,0.0,-0.0096655,1391.477916679999,0.0,1391.477916679999,1.0,5.0,9.6655,5.0,9.6655,entry_initial_normal_long
1686,268704,TIA,0.19849999999999923,-0.009705199999999999,1391.666711479999,0.0,1391.666711479999,1.0,-5.0,9.7052,0.0,9.6655,close_grid_long
1687,268707,TIA,0.0,-0.0096447,1391.657066779999,0.0,1391.657066779999,1.0,5.0,9.6447,5.0,9.6447,entry_initial_normal_long
1688,268732,TIA,0.1980000000000004,-0.009684300000000002,1391.845382479999,0.0,1391.845382479999,1.0,-5.0,9.6843,0.0,9.6447,close_grid_long
1689,268734,TIA,0.0,-0.009644999999999999,1391.835737479999,0.0,1391.835737479999,1.0,5.0,9.645,5.0,9.645,entry_initial_normal_long
1690,268759,TIA,0.1980000000000004,-0.009684600000000002,1392.0240528799989,0.0,1392.0240528799989,1.0,-5.0,9.6846,0.0,9.645,close_grid_long
1691,268922,TIA,0.0,-0.0097114,1392.0143414799988,0.0,1392.0143414799988,1.0,5.0,9.7114,5.0,9.7114,entry_initial_normal_long
1692,269500,TIA,0.19950000000000578,-0.009751300000000001,1392.204090179999,0.0,1392.204090179999,1.0,-5.0,9.7513,0.0,9.7114,close_grid_long
1693,269530,TIA,0.0,-0.0096817,1392.1944084799989,0.0,1392.1944084799989,1.0,5.0,9.6817,5.0,9.6817,entry_initial_normal_long
1694,269537,TIA,0.19900000000000695,-0.009721500000000001,1392.3836869799989,0.0,1392.3836869799989,1.0,-5.0,9.7215,0.0,9.6817,close_grid_long
1695,269545,TIA,0.0,-0.0096833,1392.3740036799989,0.0,1392.3740036799989,1.0,5.0,9.6833,5.0,9.6833,entry_initial_normal_long
1696,269550,TIA,0.19900000000000695,-0.009723100000000002,1392.563280579999,0.0,1392.563280579999,1.0,-5.0,9.7231,0.0,9.6833,close_grid_long
1697,269555,TIA,0.0,-0.009684200000000002,1392.553596379999,0.0,1392.553596379999,1.0,5.0,9.6842,5.0,9.6842,entry_initial_normal_long
1698,269562,TIA,0.19899999999999807,-0.009724000000000002,1392.742872379999,0.0,1392.742872379999,1.0,-5.0,9.724,0.0,9.6842,close_grid_long
1699,269566,TIA,0.0,-0.009685299999999999,1392.733187079999,0.0,1392.733187079999,1.0,5.0,9.6853,5.0,9.6853,entry_initial_normal_long
1700,269735,TIA,0.19899999999999807,-0.009725099999999999,1392.922461979999,0.0,1392.922461979999,1.0,-5.0,9.7251,0.0,9.6853,close_grid_long
1701,269750,TIA,0.0,-0.009688200000000001,1392.912773779999,0.0,1392.912773779999,1.0,5.0,9.6882,5.0,9.6882,entry_initial_normal_long
1702,269992,TIA,0.19899999999999807,-0.009728,1393.1020457799991,0.0,1393.1020457799991,1.0,-5.0,9.728,0.0,9.6882,close_grid_long
1703,270001,TIA,0.0,-0.0096844,1393.0923613799991,0.0,1393.0923613799991,1.0,5.0,9.6844,5.0,9.6844,entry_initial_normal_long
1704,270008,TIA,0.19899999999999807,-0.009724199999999999,1393.281637179999,0.0,1393.281637179999,1.0,-5.0,9.7242,0.0,9.6844,close_grid_long
1705,270015,TIA,0.0,-0.0096855,1393.2719516799991,0.0,1393.2719516799991,1.0,5.0,9.6855,5.0,9.6855,entry_initial_normal_long
1706,270018,TIA,0.19900000000000695,-0.009725300000000003,1393.461226379999,0.0,1393.461226379999,1.0,-5.0,9.7253,0.0,9.6855,close_grid_long
1707,270022,TIA,0.0,-0.0096862,1393.451540179999,0.0,1393.451540179999,1.0,5.0,9.6862,5.0,9.6862,entry_initial_normal_long
1708,270480,TIA,0.0,-0.008613500000000001,1393.4429266799991,0.0,1393.4429266799991,1.0,5.0,8.6135,10.0,9.14985,entry_grid_normal_long
1709,270545,TIA,0.38449999999999207,-0.0183766,1393.809050079999,0.0,1393.809050079999,1.0,-10.0,9.1883,0.0,9.14985,close_grid_long
1710,270546,TIA,0.0,-0.009194,1393.799856079999,0.0,1393.799856079999,1.0,5.0,9.194,5.0,9.194,entry_initial_normal_long
1711,270549,TIA,0.1884999999999959,-0.0092317,1393.9791243799991,0.0,1393.9791243799991,1.0,-5.0,9.2317,0.0,9.194,close_grid_long
1712,270550,TIA,0.0,-0.009255600000000001,1393.9698687799992,0.0,1393.9698687799992,1.0,5.0,9.2556,5.0,9.2556,entry_initial_normal_long
1713,270551,TIA,0.19000000000000128,-0.009293599999999999,1394.1505751799991,0.0,1394.1505751799991,1.0,-5.0,9.2936,0.0,9.2556,close_grid_long
1714,270552,TIA,0.0,-0.009299300000000002,1394.141275879999,0.0,1394.141275879999,1.0,5.0,9.2993,5.0,9.2993,entry_initial_normal_long
1715,270997,TIA,0.1905000000000001,-0.009337400000000001,1394.3224384799992,0.0,1394.3224384799992,1.0,-5.0,9.3374,0.0,9.2993,close_grid_long
1716,270998,TIA,0.0,-0.0093365,1394.3131019799991,0.0,1394.3131019799991,1.0,5.0,9.3365,5.0,9.3365,entry_initial_normal_long
1717,274054,TIA,0.19150000000000666,-0.0093748,1394.4952271799991,0.0,1394.4952271799991,1.0,-5.0,9.3748,0.0,9.3365,close_grid_long
1718,274171,TIA,0.0,-0.009163500000000002,1394.486063679999,0.0,1394.486063679999,1.0,5.0,9.1635,5.0,9.1635,entry_initial_normal_long
1719,274173,TIA,0.18799999999999706,-0.0092011,1394.664862579999,0.0,1394.664862579999,1.0,-5.0,9.2011,0.0,9.1635,close_grid_long
1720,274177,TIA,0.0,-0.009164,1394.655698579999,0.0,1394.655698579999,1.0,5.0,9.164,5.0,9.164,entry_initial_normal_long
1721,274487,TIA,0.18799999999999706,-0.009201599999999999,1394.834496979999,0.0,1394.834496979999,1.0,-5.0,9.2016,0.0,9.164,close_grid_long
1722,274551,TIA,0.0,-0.009185,1394.825311979999,0.0,1394.825311979999,1.0,5.0,9.185,5.0,9.185,entry_initial_normal_long
1723,274554,TIA,0.1884999999999959,-0.0092227,1395.004589279999,0.0,1395.004589279999,1.0,-5.0,9.2227,0.0,9.185,close_grid_long
1724,274572,TIA,0.0,-0.0091873,1394.995401979999,0.0,1394.995401979999,1.0,5.0,9.1873,5.0,9.1873,entry_initial_normal_long
1725,274604,TIA,0.1884999999999959,-0.009225,1395.174676979999,0.0,1395.174676979999,1.0,-5.0,9.225,0.0,9.1873,close_grid_long
1726,274634,TIA,0.0,-0.0091916,1395.1654853799992,0.0,1395.1654853799992,1.0,5.0,9.1916,5.0,9.1916,entry_initial_normal_long
1727,274743,TIA,0.18850000000000477,-0.009229300000000001,1395.3447560799991,0.0,1395.3447560799991,1.0,-5.0,9.2293,0.0,9.1916,close_grid_long
1728,274892,TIA,0.0,-0.0092177,1395.3355383799992,0.0,1395.3355383799992,1.0,5.0,9.2177,5.0,9.2177,entry_initial_normal_long
1729,274898,TIA,0.18899999999999473,-0.0092555,1395.5152828799992,0.0,1395.5152828799992,1.0,-5.0,9.2555,0.0,9.2177,close_grid_long
1730,275214,TIA,0.0,-0.009278,1395.5060048799992,0.0,1395.5060048799992,1.0,5.0,9.278,5.0,9.278,entry_initial_normal_long
1731,275273,TIA,0.1905000000000001,-0.0093161,1395.6871887799991,0.0,1395.6871887799991,1.0,-5.0,9.3161,0.0,9.278,close_grid_long
1732,275281,TIA,0.0,-0.0092825,1395.6779062799992,0.0,1395.6779062799992,1.0,5.0,9.2825,5.0,9.2825,entry_initial_normal_long
1733,275307,TIA,0.1905000000000001,-0.0093206,1395.8590856799992,0.0,1395.8590856799992,1.0,-5.0,9.3206,0.0,9.2825,close_grid_long
1734,275326,TIA,0.0,-0.0092862,1395.8497994799993,0.0,1395.8497994799993,1.0,5.0,9.2862,5.0,9.2862,entry_initial_normal_long
1735,275944,TIA,0.1905000000000001,-0.0093243,1396.0309751799994,0.0,1396.0309751799994,1.0,-5.0,9.3243,0.0,9.2862,close_grid_long
1736,276750,TIA,0.0,-0.009643700000000002,1396.0213314799994,0.0,1396.0213314799994,1.0,5.0,9.6437,5.0,9.6437,entry_initial_normal_long
1737,276751,TIA,0.19799999999999152,-0.0096833,1396.2096481799995,0.0,1396.2096481799995,1.0,-5.0,9.6833,0.0,9.6437,close_grid_long
1738,276753,TIA,0.0,-0.009644,1396.2000041799995,0.0,1396.2000041799995,1.0,5.0,9.644,5.0,9.644,entry_initial_normal_long
1739,276757,TIA,0.1980000000000004,-0.0096836,1396.3883205799996,0.0,1396.3883205799996,1.0,-5.0,9.6836,0.0,9.644,close_grid_long
1740,276762,TIA,0.0,-0.009644800000000002,1396.3786757799996,0.0,1396.3786757799996,1.0,5.0,9.6448,5.0,9.6448,entry_initial_normal_long
1741,276766,TIA,0.1980000000000004,-0.0096844,1396.5669913799995,0.0,1396.5669913799995,1.0,-5.0,9.6844,0.0,9.6448,close_grid_long
1742,276768,TIA,0.0,-0.0096453,1396.5573460799994,0.0,1396.5573460799994,1.0,5.0,9.6453,5.0,9.6453,entry_initial_normal_long
1743,276778,TIA,0.1980000000000004,-0.009684900000000001,1396.7456611799994,0.0,1396.7456611799994,1.0,-5.0,9.6849,0.0,9.6453,close_grid_long
1744,276782,TIA,0.0,-0.009646400000000001,1396.7360147799993,0.0,1396.7360147799993,1.0,5.0,9.6464,5.0,9.6464,entry_initial_normal_long
1745,276788,TIA,0.1980000000000004,-0.009686,1396.9243287799993,0.0,1396.9243287799993,1.0,-5.0,9.686,0.0,9.6464,close_grid_long
1746,278792,TIA,0.0,-0.00897616,1396.9153526199993,0.0,1396.9153526199993,1.0,4.0,11.2202,4.0,11.2202,entry_initial_normal_long
1747,278801,TIA,0.1839999999999975,-0.00901296,1397.0903396599992,0.0,1397.0903396599992,1.0,-4.0,11.2662,0.0,11.2202,close_grid_long
1748,278807,TIA,0.0,-0.0089776,1397.0813620599993,0.0,1397.0813620599993,1.0,4.0,11.222,4.0,11.222,entry_initial_normal_long
1749,278830,TIA,0.1840000000000046,-0.0090144,1397.2563476599992,0.0,1397.2563476599992,1.0,-4.0,11.268,0.0,11.222,close_grid_long
1750,278832,TIA,0.0,-0.00897912,1397.2473685399991,0.0,1397.2473685399991,1.0,4.0,11.2239,4.0,11.2239,entry_initial_normal_long
1751,278833,TIA,0.1839999999999975,-0.00901592,1397.4223526199992,0.0,1397.4223526199992,1.0,-4.0,11.2699,0.0,11.2239,close_grid_long
1752,278838,TIA,0.0,-0.0089796,1397.4133730199992,0.0,1397.4133730199992,1.0,4.0,11.2245,4.0,11.2245,entry_initial_normal_long
1753,278840,TIA,0.1839999999999975,-0.0090164,1397.588356619999,0.0,1397.588356619999,1.0,-4.0,11.2705,0.0,11.2245,close_grid_long
1754,278844,TIA,0.0,-0.00898024,1397.579376379999,0.0,1397.579376379999,1.0,4.0,11.2253,4.0,11.2253,entry_initial_normal_long
1755,279619,TIA,0.18439999999999657,-0.00901712,1397.754759259999,0.0,1397.754759259999,1.0,-4.0,11.2714,0.0,11.2253,close_grid_long
1756,279743,TIA,0.0,-0.00889216,1397.745867099999,0.0,1397.745867099999,1.0,4.0,11.1152,4.0,11.1152,entry_initial_normal_long
1757,279746,TIA,0.18240000000000123,-0.00892864,1397.919338459999,0.0,1397.919338459999,1.0,-4.0,11.1608,0.0,11.1152,close_grid_long
1758,279749,TIA,0.0,-0.00889264,1397.9104458199988,0.0,1397.9104458199988,1.0,4.0,11.1158,4.0,11.1158,entry_initial_normal_long
1759,279765,TIA,0.18240000000000123,-0.00892912,1398.0839166999988,0.0,1398.0839166999988,1.0,-4.0,11.1614,0.0,11.1158,close_grid_long
1760,279800,TIA,0.0,-0.00889768,1398.0750190199988,0.0,1398.0750190199988,1.0,4.0,11.1221,4.0,11.1221,entry_initial_normal_long
1761,279803,TIA,0.18240000000000123,-0.00893416,1398.2484848599988,0.0,1398.2484848599988,1.0,-4.0,11.1677,0.0,11.1221,close_grid_long
1762,279804,TIA,0.0,-0.008897920000000002,1398.2395869399988,0.0,1398.2395869399988,1.0,4.0,11.1224,4.0,11.1224,entry_initial_normal_long
1763,279826,TIA,0.18239999999999412,-0.0089344,1398.413052539999,0.0,1398.413052539999,1.0,-4.0,11.168,0.0,11.1224,close_grid_long
1764,279829,TIA,0.0,-0.0088988,1398.404153739999,0.0,1398.404153739999,1.0,4.0,11.1235,4.0,11.1235,entry_initial_normal_long
1765,279867,TIA,0.18240000000000123,-0.00893528,1398.577618459999,0.0,1398.577618459999,1.0,-4.0,11.1691,0.0,11.1235,close_grid_long
1766,279877,TIA,0.0,-0.00889888,1398.568719579999,0.0,1398.568719579999,1.0,4.0,11.1236,4.0,11.1236,entry_initial_normal_long
1767,279878,TIA,0.18240000000000123,-0.00893536,1398.742184219999,0.0,1398.742184219999,1.0,-4.0,11.1692,0.0,11.1236,close_grid_long
1768,279885,TIA,0.0,-0.008899760000000001,1398.733284459999,0.0,1398.733284459999,1.0,4.0,11.1247,4.0,11.1247,entry_initial_normal_long
1769,279886,TIA,0.18239999999999412,-0.00893624,1398.906748219999,0.0,1398.906748219999,1.0,-4.0,11.1703,0.0,11.1247,close_grid_long
1770,279894,TIA,0.0,-0.00890072,1398.897847499999,0.0,1398.897847499999,1.0,4.0,11.1259,4.0,11.1259,entry_initial_normal_long
1771,279896,TIA,0.1828000000000003,-0.00893728,1399.071710219999,0.0,1399.071710219999,1.0,-4.0,11.1716,0.0,11.1259,close_grid_long
1772,279902,TIA,0.0,-0.00890152,1399.0628086999989,0.0,1399.0628086999989,1.0,4.0,11.1269,4.0,11.1269,entry_initial_normal_long
1773,279904,TIA,0.1828000000000003,-0.00893808,1399.236670619999,0.0,1399.236670619999,1.0,-4.0,11.1726,0.0,11.1269,close_grid_long
1774,280120,TIA,0.0,-0.00895832,1399.227712299999,0.0,1399.227712299999,1.0,4.0,11.1979,4.0,11.1979,entry_initial_normal_long
1775,280125,TIA,0.18359999999999843,-0.008995040000000001,1399.4023172599989,0.0,1399.4023172599989,1.0,-4.0,11.2438,0.0,11.1979,close_grid_long
1776,280130,TIA,0.0,-0.0089592,1399.393358059999,0.0,1399.393358059999,1.0,4.0,11.199,4.0,11.199,entry_initial_normal_long
1777,280140,TIA,0.18359999999999843,-0.00899592,1399.567962139999,0.0,1399.567962139999,1.0,-4.0,11.2449,0.0,11.199,close_grid_long
1778,280145,TIA,0.0,-0.008960160000000002,1399.559001979999,0.0,1399.559001979999,1.0,4.0,11.2002,4.0,11.2002,entry_initial_normal_long
1779,280417,TIA,0.1839999999999975,-0.00899696,1399.7340050199991,0.0,1399.7340050199991,1.0,-4.0,11.2462,0.0,11.2002,close_grid_long
1780,280419,TIA,0.0,-0.008925520000000001,1399.725079499999,0.0,1399.725079499999,1.0,4.0,11.1569,4.0,11.1569,entry_initial_normal_long
1781,280430,TIA,0.18319999999999936,-0.00896216,1399.899317339999,0.0,1399.899317339999,1.0,-4.0,11.2027,0.0,11.1569,close_grid_long
1782,280432,TIA,0.0,-0.0089264,1399.890390939999,0.0,1399.890390939999,1.0,4.0,11.158,4.0,11.158,entry_initial_normal_long
1783,283273,TIA,0.18319999999999936,-0.00896304,1400.0646278999989,0.0,1400.0646278999989,1.0,-4.0,11.2038,0.0,11.158,close_grid_long
1784,284239,TIA,0.0,-0.008962640000000001,1400.055665259999,0.0,1400.055665259999,1.0,4.0,11.2033,4.0,11.2033,entry_initial_normal_long
1785,284286,TIA,0.1839999999999975,-0.008999440000000001,1400.2306658199989,0.0,1400.2306658199989,1.0,-4.0,11.2493,0.0,11.2033,close_grid_long
1786,284291,TIA,0.0,-0.008964640000000001,1400.221701179999,0.0,1400.221701179999,1.0,4.0,11.2058,4.0,11.2058,entry_initial_normal_long
1787,284641,TIA,0.1839999999999975,-0.00900144,1400.396699739999,0.0,1400.396699739999,1.0,-4.0,11.2518,0.0,11.2058,close_grid_long
1788,284662,TIA,0.0,-0.008960240000000001,1400.3877394999988,0.0,1400.3877394999988,1.0,4.0,11.2003,4.0,11.2003,entry_initial_normal_long
1789,284770,TIA,0.1839999999999975,-0.00899704,1400.5627424599988,0.0,1400.5627424599988,1.0,-4.0,11.2463,0.0,11.2003,close_grid_long
1790,285158,TIA,0.0,-0.009084720000000001,1400.553657739999,0.0,1400.553657739999,1.0,4.0,11.3559,4.0,11.3559,entry_initial_normal_long
1791,285215,TIA,0.186399999999999,-0.009122,1400.7309357399988,0.0,1400.7309357399988,1.0,-4.0,11.4025,0.0,11.3559,close_grid_long
1792,285218,TIA,0.0,-0.009086400000000001,1400.721849339999,0.0,1400.721849339999,1.0,4.0,11.358,4.0,11.358,entry_initial_normal_long
1793,289863,TIA,0.0,-0.00816736,1400.713681979999,0.0,1400.713681979999,1.0,4.0,10.2092,8.0,10.7836,entry_grid_normal_long
1794,291316,TIA,0.36079999999999757,-0.01732592,1401.057156059999,0.0,1401.057156059999,1.0,-8.0,10.8287,0.0,10.7836,close_grid_long
1795,291516,TIA,0.0,-0.00846696,1401.048689099999,0.0,1401.048689099999,1.0,4.0,10.5837,4.0,10.5837,entry_initial_normal_long
1796,291519,TIA,0.17360000000000042,-0.008501680000000001,1401.2137874199989,0.0,1401.2137874199989,1.0,-4.0,10.6271,0.0,10.5837,close_grid_long
1797,291637,TIA,0.0,-0.008490880000000001,1401.205296539999,0.0,1401.205296539999,1.0,4.0,10.6136,4.0,10.6136,entry_initial_normal_long
1798,291639,TIA,0.1739999999999995,-0.00852568,1401.3707708599989,0.0,1401.3707708599989,1.0,-4.0,10.6571,0.0,10.6136,close_grid_long
1799,291900,TIA,0.0,-0.00856408,1401.3622067799988,0.0,1401.3622067799988,1.0,4.0,10.7051,4.0,10.7051,entry_initial_normal_long
1800,291961,TIA,0.0,-0.007717520000000001,1401.354489259999,0.0,1401.354489259999,1.0,4.0,9.6469,8.0,10.176,entry_grid_normal_long
1801,291964,TIA,0.0,-0.01084512,1401.3436441399988,0.0,1401.3436441399988,1.0,6.0,9.0376,14.0,9.688114285714285,entry_grid_normal_long
1802,292057,TIA,0.5808000000000071,-0.027242879999999997,1401.8972012599988,0.0,1401.8972012599988,1.0,-14.0,9.7296,0.0,9.688114285714285,close_grid_long
1803,292058,TIA,0.0,-0.0097286,1401.8874726599988,0.0,1401.8874726599988,1.0,5.0,9.7286,5.0,9.7286,entry_initial_normal_long
1804,292136,TIA,0.19999999999999574,-0.0097686,1402.0777040599987,0.0,1402.0777040599987,1.0,-5.0,9.7686,0.0,9.7286,close_grid_long
1805,292137,TIA,0.0,-0.0097742,1402.0679298599987,0.0,1402.0679298599987,1.0,5.0,9.7742,5.0,9.7742,entry_initial_normal_long
1806,292571,TIA,0.20049999999999457,-0.0098143,1402.2586155599986,0.0,1402.2586155599986,1.0,-5.0,9.8143,0.0,9.7742,close_grid_long
1807,292572,TIA,0.0,-0.0097842,1402.2488313599986,0.0,1402.2488313599986,1.0,5.0,9.7842,5.0,9.7842,entry_initial_normal_long
1808,292582,TIA,0.2010000000000023,-0.0098244,1402.4400069599985,0.0,1402.4400069599985,1.0,-5.0,9.8244,0.0,9.7842,close_grid_long
1809,292583,TIA,0.0,-0.0098268,1402.4301801599986,0.0,1402.4301801599986,1.0,5.0,9.8268,5.0,9.8268,entry_initial_normal_long
1810,295668,TIA,0.0,-0.0088617,1402.4213184599987,0.0,1402.4213184599987,1.0,5.0,8.8617,10.0,9.34425,entry_grid_normal_long
1811,298165,TIA,0.0,-0.011527879999999999,1402.4097905799988,0.0,1402.4097905799988,1.0,7.0,8.2342,17.0,8.887170588235294,entry_grid_normal_long
1812,298994,TIA,0.653299999999982,-0.03034704,1403.0327435399988,0.0,1403.0327435399988,1.0,-17.0,8.9256,0.0,8.887170588235294,close_grid_long
1813,299167,TIA,0.0,-0.0086967,1403.0240468399988,0.0,1403.0240468399988,1.0,5.0,8.6967,5.0,8.6967,entry_initial_normal_long
1814,299168,TIA,0.32250000000000334,-0.008761200000000002,1403.3377856399989,0.0,1403.3377856399989,1.0,-5.0,8.7612,0.0,8.6967,close_grid_long
1815,299215,TIA,0.0,-0.008711100000000001,1403.3290745399988,0.0,1403.3290745399988,1.0,5.0,8.7111,5.0,8.7111,entry_initial_normal_long
1816,299216,TIA,0.17850000000000144,-0.0087468,1403.498827739999,0.0,1403.498827739999,1.0,-5.0,8.7468,0.0,8.7111,close_grid_long
1817,299250,TIA,0.0,-0.0087183,1403.4901094399988,0.0,1403.4901094399988,1.0,5.0,8.7183,5.0,8.7183,entry_initial_normal_long
1818,299255,TIA,0.17850000000000144,-0.008754,1403.6598554399989,0.0,1403.6598554399989,1.0,-5.0,8.754,0.0,8.7183,close_grid_long
1819,299258,TIA,0.0,-0.008719099999999999,1403.6511363399989,0.0,1403.6511363399989,1.0,5.0,8.7191,5.0,8.7191,entry_initial_normal_long
1820,299369,TIA,0.17850000000000144,-0.0087548,1403.820881539999,0.0,1403.820881539999,1.0,-5.0,8.7548,0.0,8.7191,close_grid_long
1821,299373,TIA,0.0,-0.0087194,1403.812162139999,0.0,1403.812162139999,1.0,5.0,8.7194,5.0,8.7194,entry_initial_normal_long
1822,299551,TIA,0.17850000000000144,-0.0087551,1403.981907039999,0.0,1403.981907039999,1.0,-5.0,8.7551,0.0,8.7194,close_grid_long
1823,299563,TIA,0.0,-0.0087309,1403.973176139999,0.0,1403.973176139999,1.0,5.0,8.7309,5.0,8.7309,entry_initial_normal_long
1824,300903,TIA,0.0,-0.0078063,1403.9653698399989,0.0,1403.9653698399989,1.0,5.0,7.8063,10.0,8.2686,entry_grid_normal_long
1825,301928,TIA,0.0,-0.01021384,1403.9551559999989,0.0,1403.9551559999989,1.0,7.0,7.2956,17.0,7.867952941176471,entry_grid_normal_long
1826,304490,TIA,0.5736999999999952,-0.026865780000000002,1404.5019902199988,0.0,1404.5019902199988,1.0,-17.0,7.9017,0.0,7.867952941176471,close_grid_long
1827,305434,TIA,0.0,-0.00955104,1404.4924391799989,0.0,1404.4924391799989,1.0,6.0,7.9592,6.0,7.9592,entry_initial_normal_long
1828,305435,TIA,0.19620000000000104,-0.00959028,1404.6790488999989,0.0,1404.6790488999989,1.0,-6.0,7.9919,0.0,7.9592,close_grid_long
1829,305480,TIA,0.0,-0.009558,1404.669490899999,0.0,1404.669490899999,1.0,6.0,7.965,6.0,7.965,entry_initial_normal_long
1830,305487,TIA,0.19620000000000104,-0.00959724,1404.8560936599988,0.0,1404.8560936599988,1.0,-6.0,7.9977,0.0,7.965,close_grid_long
1831,305497,TIA,0.0,-0.009559680000000001,1404.8465339799989,0.0,1404.8465339799989,1.0,6.0,7.9664,6.0,7.9664,entry_initial_normal_long
1832,305502,TIA,0.19620000000000104,-0.009598920000000002,1405.0331350599988,0.0,1405.0331350599988,1.0,-6.0,7.9991,0.0,7.9664,close_grid_long
1833,305513,TIA,0.0,-0.009561360000000001,1405.023573699999,0.0,1405.023573699999,1.0,6.0,7.9678,6.0,7.9678,entry_initial_normal_long
1834,305571,TIA,0.19620000000000104,-0.0096006,1405.2101730999989,0.0,1405.2101730999989,1.0,-6.0,8.0005,0.0,7.9678,close_grid_long
1835,305605,TIA,0.0,-0.00956772,1405.200605379999,0.0,1405.200605379999,1.0,6.0,7.9731,6.0,7.9731,entry_initial_normal_long
1836,305608,TIA,0.19620000000000637,-0.009606960000000001,1405.3871984199989,0.0,1405.3871984199989,1.0,-6.0,8.0058,0.0,7.9731,close_grid_long
1837,305613,TIA,0.0,-0.009568440000000001,1405.3776299799988,0.0,1405.3776299799988,1.0,6.0,7.9737,6.0,7.9737,entry_initial_normal_long
1838,306259,TIA,0.0,-0.00859584,1405.3690341399988,0.0,1405.3690341399988,1.0,6.0,7.1632,12.0,7.56845,entry_grid_normal_long
1839,306362,TIA,0.3809999999999967,-0.01824048,1405.7317936599989,0.0,1405.7317936599989,1.0,-12.0,7.6002,0.0,7.56845,close_grid_long
1840,306363,TIA,0.0,-0.00910404,1405.7226896199988,0.0,1405.7226896199988,1.0,6.0,7.5867,6.0,7.5867,entry_initial_normal_long
1841,306369,TIA,0.18659999999999677,-0.009141360000000001,1405.9001482599988,0.0,1405.9001482599988,1.0,-6.0,7.6178,0.0,7.5867,close_grid_long
1842,306370,TIA,0.0,-0.009144840000000001,1405.8910034199987,0.0,1405.8910034199987,1.0,6.0,7.6207,6.0,7.6207,entry_initial_normal_long
1843,306372,TIA,0.1877999999999993,-0.0091824,1406.0696210199987,0.0,1406.0696210199987,1.0,-6.0,7.652,0.0,7.6207,close_grid_long
1844,306373,TIA,0.0,-0.00918972,1406.0604312999988,0.0,1406.0604312999988,1.0,6.0,7.6581,6.0,7.6581,entry_initial_normal_long
1845,306799,TIA,0.0,-0.0082296,1406.0522016999987,0.0,1406.0522016999987,1.0,6.0,6.858,12.0,7.25805,entry_grid_normal_long
1846,306822,TIA,0.0,-0.010238720000000002,1406.0419629799987,0.0,1406.0419629799987,1.0,8.0,6.3992,20.0,6.91451,entry_grid_normal_long
1847,315679,TIA,0.0,-0.01680084,1406.0251621399987,0.0,1406.0251621399987,1.0,14.0,6.0003,34.0,6.5380705882352945,entry_grid_normal_long
1848,316643,TIA,0.9937999999999985,-0.044657640000000005,1406.9743044999987,0.0,1406.9743044999987,1.0,-34.0,6.5673,0.0,6.5380705882352945,close_grid_long
1849,318182,TIA,0.0,-0.00955528,1406.9647492199986,0.0,1406.9647492199986,1.0,7.0,6.8252,7.0,6.8252,entry_initial_normal_long
1850,318352,TIA,0.19670000000000165,-0.009594620000000002,1407.1518545999986,0.0,1407.1518545999986,1.0,-7.0,6.8533,0.0,6.8252,close_grid_long
1851,318362,TIA,0.0,-0.0095606,1407.1422939999986,0.0,1407.1422939999986,1.0,7.0,6.829,7.0,6.829,entry_initial_normal_long
1852,318377,TIA,0.19670000000000165,-0.00959994,1407.3293940599985,0.0,1407.3293940599985,1.0,-7.0,6.8571,0.0,6.829,close_grid_long
1853,318380,TIA,0.0,-0.00956242,1407.3198316399985,0.0,1407.3198316399985,1.0,7.0,6.8303,7.0,6.8303,entry_initial_normal_long
1854,322190,TIA,0.0,-0.0085911,1407.3112405399984,0.0,1407.3112405399984,1.0,7.0,6.1365,14.0,6.4834,entry_grid_normal_long
1855,326120,TIA,0.0,-0.011555999999999999,1407.2996845399985,0.0,1407.2996845399985,1.0,10.0,5.778,24.0,6.1894833333333334,entry_grid_normal_long
1856,329464,TIA,0.0,-0.01824168,1407.2814428599984,0.0,1407.2814428599984,1.0,17.0,5.3652,41.0,5.84770731707317,entry_grid_normal_long
1857,330548,TIA,0.0,-0.0165597,1407.2648831599984,0.0,1407.2648831599984,1.0,17.0,4.8705,58.0,5.561284482758619,entry_grid_cropped_long
1858,330836,TIA,0.0,-0.030783,1407.2341001599984,0.0,1407.2341001599984,1.0,31.0,4.965,89.0,5.353589887640449,entry_trailing_normal_long
1859,331381,TIA,0.0,-0.04088436000000001,1407.1932157999984,0.0,1407.1932157999984,1.0,47.0,4.3494,136.0,5.006553676470587,entry_trailing_normal_long
1860,331393,TIA,0.0,-0.06187824000000001,1407.1313375599984,0.0,1407.1313375599984,1.0,72.0,4.2971,208.0,4.760973557692307,entry_trailing_normal_long
1861,331468,TIA,0.0,-0.098021,1407.0333165599984,0.0,1407.0333165599984,1.0,110.0,4.4555,318.0,4.655306603773584,entry_trailing_normal_long
1862,331784,TIA,0.0,-0.15414336,1406.8791731999984,0.0,1406.8791731999984,1.0,168.0,4.5876,486.0,4.631901851851851,entry_trailing_normal_long
1863,331877,TIA,0.0,-0.11297754,1406.7661956599984,0.0,1406.7661956599984,1.0,117.0,4.8281,603.0,4.669970149253731,entry_trailing_cropped_long
1864,331878,TIA,0.7381492537313417,-0.0048176,1407.4995273137297,0.0,1407.4995273137297,1.0,-5.0,4.8176,598.0,4.669970149253731,close_unstuck_long
1865,331879,TIA,0.6671492537313428,-0.0048034,1408.161873167461,0.0,1408.161873167461,1.0,-5.0,4.8034,593.0,4.669970149253731,close_unstuck_long
1866,331880,TIA,0.6641492537313454,-0.004802800000000001,1408.8212196211923,0.0,1408.8212196211923,1.0,-5.0,4.8028,588.0,4.669970149253731,close_unstuck_long
1867,331881,TIA,0.7471492537313429,-0.004819400000000001,1409.5635494749235,0.0,1409.5635494749235,1.0,-5.0,4.8194,583.0,4.669970149253731,close_unstuck_long
1868,331882,TIA,0.7196492537313448,-0.0048139,1410.278384828655,0.0,1410.278384828655,1.0,-5.0,4.8139,578.0,4.669970149253731,close_unstuck_long
1869,331883,TIA,0.7586492537313427,-0.0048217,1411.0322123823862,0.0,1411.0322123823862,1.0,-5.0,4.8217,573.0,4.669970149253731,close_unstuck_long
1870,331884,TIA,0.6711492537313424,-0.004804200000000001,1411.6985574361177,0.0,1411.6985574361177,1.0,-5.0,4.8042,568.0,4.669970149253731,close_unstuck_long
1871,331885,TIA,0.724649253731342,-0.0048149,1412.418391789849,0.0,1412.418391789849,1.0,-5.0,4.8149,563.0,4.669970149253731,close_unstuck_long
1872,331886,TIA,0.8156492537313431,-0.004833100000000001,1413.2292079435804,0.0,1413.2292079435804,1.0,-5.0,4.8331,558.0,4.669970149253731,close_unstuck_long
1873,331887,TIA,0.7906492537313436,-0.0048281,1414.0150290973118,0.0,1414.0150290973118,1.0,-5.0,4.8281,553.0,4.669970149253731,close_unstuck_long
1874,331888,TIA,0.7601492537313437,-0.004822,1414.7703563510431,0.0,1414.7703563510431,1.0,-5.0,4.822,548.0,4.669970149253731,close_unstuck_long
1875,331889,TIA,0.788149253731345,-0.0048276000000000005,1415.5536780047744,0.0,1415.5536780047744,1.0,-5.0,4.8276,543.0,4.669970149253731,close_unstuck_long
1876,331890,TIA,0.9701492537313428,-0.004864,1416.5189632585057,0.0,1416.5189632585057,1.0,-5.0,4.864,538.0,4.669970149253731,close_unstuck_long
1877,331891,TIA,0.8981492537313418,-0.0048496,1417.412262912237,0.0,1417.412262912237,1.0,-5.0,4.8496,533.0,4.669970149253731,close_unstuck_long
1878,331892,TIA,0.8641492537313455,-0.0048428,1418.2715693659684,0.0,1418.2715693659684,1.0,-5.0,4.8428,528.0,4.669970149253731,close_unstuck_long
1879,332173,TIA,18.46884776119403,-0.08028128000000001,1436.6601358471623,0.0,1436.6601358471623,1.0,-82.0,4.8952,446.0,4.669970149253731,close_trailing_long
1880,333206,TIA,0.0,-0.15765626,1436.5024795871623,0.0,1436.5024795871623,1.0,157.0,5.0209,603.0,4.761339944555828,entry_trailing_cropped_long
1881,333207,TIA,1.25480027722086,-0.0050123,1437.7522675643831,0.0,1437.7522675643831,1.0,-5.0,5.0123,598.0,4.761339944555828,close_unstuck_long
1882,333208,TIA,1.25480027722086,-0.0050123,1439.002055541604,0.0,1439.002055541604,1.0,-5.0,5.0123,593.0,4.761339944555828,close_unstuck_long
1883,333209,TIA,1.2968002772208598,-0.0050206999999999995,1440.293835118825,0.0,1440.293835118825,1.0,-5.0,5.0207,588.0,4.761339944555828,close_unstuck_long
1884,333210,TIA,1.3018002772208614,-0.0050217000000000005,1441.590613696046,0.0,1441.590613696046,1.0,-5.0,5.0217,583.0,4.761339944555828,close_unstuck_long
1885,333211,TIA,1.2953002772208633,-0.005020400000000001,1442.8808935732668,0.0,1442.8808935732668,1.0,-5.0,5.0204,578.0,4.761339944555828,close_unstuck_long
1886,333212,TIA,1.3148002772208622,-0.005024300000000001,1444.1906695504877,0.0,1444.1906695504877,1.0,-5.0,5.0243,573.0,4.761339944555828,close_unstuck_long
1887,333213,TIA,1.266800277220863,-0.0050147,1445.4524551277086,0.0,1445.4524551277086,1.0,-5.0,5.0147,568.0,4.761339944555828,close_unstuck_long
1888,333214,TIA,1.2623002772208602,-0.0050138,1446.7097416049294,0.0,1446.7097416049294,1.0,-5.0,5.0138,563.0,4.761339944555828,close_unstuck_long
1889,333215,TIA,1.3003002772208605,-0.0050214000000000005,1448.0050204821503,0.0,1448.0050204821503,1.0,-5.0,5.0214,558.0,4.761339944555828,close_unstuck_long
1890,333216,TIA,1.3393002772208629,-0.0050292,1449.339291559371,0.0,1449.339291559371,1.0,-5.0,5.0292,553.0,4.761339944555828,close_unstuck_long
1891,333218,TIA,1.3033002772208624,-0.005022,1450.6375698365919,0.0,1450.6375698365919,1.0,-5.0,5.022,548.0,4.761339944555828,close_unstuck_long
1892,333219,TIA,1.278300277220863,-0.005017000000000001,1451.9108531138127,0.0,1451.9108531138127,1.0,-5.0,5.017,543.0,4.761339944555828,close_unstuck_long
1893,333220,TIA,1.305800277220861,-0.0050225,1453.2116308910336,0.0,1453.2116308910336,1.0,-5.0,5.0225,538.0,4.761339944555828,close_unstuck_long
1894,333221,TIA,1.3368002772208598,-0.0050287000000000005,1454.5434024682545,0.0,1454.5434024682545,1.0,-5.0,5.0287,533.0,4.761339944555828,close_unstuck_long
1895,333222,TIA,1.333300277220859,-0.0050279999999999995,1455.8716747454753,0.0,1455.8716747454753,1.0,-5.0,5.028,528.0,4.761339944555828,close_unstuck_long
1896,333379,TIA,0.0,-0.07946850000000001,1455.7922062454752,0.0,1455.7922062454752,1.0,75.0,5.2979,603.0,4.828076269859829,entry_trailing_cropped_long
1897,333380,TIA,2.3161186507008535,-0.0052913,1458.1030335961761,0.0,1458.1030335961761,1.0,-5.0,5.2913,598.0,4.828076269859829,close_unstuck_long
1898,333381,TIA,2.3791186507008533,-0.005303899999999999,1460.476848346877,0.0,1460.476848346877,1.0,-5.0,5.3039,593.0,4.828076269859829,close_unstuck_long
1899,333382,TIA,2.475618650700855,-0.0053232,1462.9471437975778,0.0,1462.9471437975778,1.0,-5.0,5.3232,588.0,4.828076269859829,close_unstuck_long
1900,333383,TIA,2.3846186507008538,-0.005305,1465.3264574482787,0.0,1465.3264574482787,1.0,-5.0,5.305,583.0,4.828076269859829,close_unstuck_long
1901,333384,TIA,2.424118650700855,-0.0053129,1467.7452631989795,0.0,1467.7452631989795,1.0,-5.0,5.3129,578.0,4.828076269859829,close_unstuck_long
1902,333385,TIA,2.435118650700856,-0.0053151000000000006,1470.1750667496804,0.0,1470.1750667496804,1.0,-5.0,5.3151,573.0,4.828076269859829,close_unstuck_long
1903,333386,TIA,2.451618650700853,-0.0053184,1472.6213670003813,0.0,1472.6213670003813,1.0,-5.0,5.3184,568.0,4.828076269859829,close_unstuck_long
1904,333387,TIA,2.461118650700853,-0.0053203,1475.0771653510822,0.0,1475.0771653510822,1.0,-5.0,5.3203,563.0,4.828076269859829,close_unstuck_long
1905,333388,TIA,2.563618650700854,-0.005340800000000001,1477.6354432017831,0.0,1477.6354432017831,1.0,-5.0,5.3408,558.0,4.828076269859829,close_unstuck_long
1906,333389,TIA,2.6101186507008567,-0.005350100000000001,1480.240211752484,0.0,1480.240211752484,1.0,-5.0,5.3501,553.0,4.828076269859829,close_unstuck_long
1907,333390,TIA,2.5721186507008564,-0.005342500000000001,1482.8069879031848,0.0,1482.8069879031848,1.0,-5.0,5.3425,548.0,4.828076269859829,close_unstuck_long
1908,333391,TIA,2.596118650700854,-0.0053473,1485.3977592538856,0.0,1485.3977592538856,1.0,-5.0,5.3473,543.0,4.828076269859829,close_unstuck_long
1909,333392,TIA,2.6221186507008554,-0.0053525000000000005,1488.0145254045865,0.0,1488.0145254045865,1.0,-5.0,5.3525,538.0,4.828076269859829,close_unstuck_long
1910,333393,TIA,2.677618650700855,-0.0053636,1490.6867804552874,0.0,1490.6867804552874,1.0,-5.0,5.3636,533.0,4.828076269859829,close_unstuck_long
1911,333578,TIA,0.0,-0.0813585,1490.6054219552873,0.0,1490.6054219552873,1.0,73.0,5.5725,606.0,4.917751075635791,entry_trailing_cropped_long
1912,333579,TIA,3.2527446218210443,-0.0055683,1493.8525982771084,0.0,1493.8525982771084,1.0,-5.0,5.5683,601.0,4.917751075635791,close_unstuck_long
1913,333580,TIA,3.259244621821047,-0.005569600000000001,1497.1062732989294,0.0,1497.1062732989294,1.0,-5.0,5.5696,596.0,4.917751075635791,close_unstuck_long
1914,333581,TIA,3.316744621821046,-0.0055811,1500.4174368207505,0.0,1500.4174368207505,1.0,-5.0,5.5811,591.0,4.917751075635791,close_unstuck_long
1915,333582,TIA,3.3532446218210454,-0.0055884,1503.7650930425716,0.0,1503.7650930425716,1.0,-5.0,5.5884,586.0,4.917751075635791,close_unstuck_long
1916,333583,TIA,3.3127446218210466,-0.005580300000000001,1507.0722573643927,0.0,1507.0722573643927,1.0,-5.0,5.5803,581.0,4.917751075635791,close_unstuck_long
1917,333584,TIA,3.3402446218210446,-0.0055858,1510.4069161862137,0.0,1510.4069161862137,1.0,-5.0,5.5858,576.0,4.917751075635791,close_unstuck_long
1918,333585,TIA,3.3357446218210463,-0.0055849,1513.7370759080347,0.0,1513.7370759080347,1.0,-5.0,5.5849,571.0,4.917751075635791,close_unstuck_long
1919,333586,TIA,3.3407446218210435,-0.0055858999999999995,1517.0722346298558,0.0,1517.0722346298558,1.0,-5.0,5.5859,566.0,4.917751075635791,close_unstuck_long
1920,333587,TIA,3.3232446218210443,-0.0055824,1520.389896851677,0.0,1520.389896851677,1.0,-5.0,5.5824,561.0,4.917751075635791,close_unstuck_long
1921,333588,TIA,3.237244621821045,-0.0055652,1523.621576273498,0.0,1523.621576273498,1.0,-5.0,5.5652,556.0,4.917751075635791,close_unstuck_long
1922,333590,TIA,3.1997446218210435,-0.0055577000000000005,1526.815763195319,0.0,1526.815763195319,1.0,-5.0,5.5577,551.0,4.917751075635791,close_unstuck_long
1923,333591,TIA,3.0697446218210445,-0.0055317000000000005,1529.8799761171401,0.0,1529.8799761171401,1.0,-5.0,5.5317,546.0,4.917751075635791,close_unstuck_long
1924,333592,TIA,3.1007446218210433,-0.0055379,1532.9751828389612,0.0,1532.9751828389612,1.0,-5.0,5.5379,541.0,4.917751075635791,close_unstuck_long
1925,333728,TIA,40.794509646593596,-0.09077712,1573.6789153655548,0.0,1573.6789153655548,1.0,-84.0,5.4034,457.0,4.917751075635791,close_trailing_long
1926,334163,TIA,47.13215641968621,-0.09499530000000002,1620.716076485241,0.0,1620.716076485241,1.0,-87.0,5.4595,370.0,4.917751075635791,close_trailing_long
1927,334348,TIA,44.379754268414636,-0.09641192000000001,1664.9994188336557,0.0,1664.9994188336557,1.0,-89.0,5.4164,281.0,4.917751075635791,close_trailing_long
1928,334667,TIA,107.86154774634264,-0.29794992,1772.5630166599983,0.0,1772.5630166599983,1.0,-281.0,5.3016,0.0,4.917751075635791,close_grid_long
1929,334668,TIA,0.0,-0.01170598,1772.5513106799983,0.0,1772.5513106799983,1.0,11.0,5.3209,11.0,5.3209,entry_initial_normal_long
1930,334669,TIA,0.23979999999999801,-0.011753940000000001,1772.7793567399983,0.0,1772.7793567399983,1.0,-11.0,5.3427,0.0,5.3209,close_grid_long
1931,334670,TIA,0.0,-0.01175636,1772.7676003799984,0.0,1772.7676003799984,1.0,11.0,5.3438,11.0,5.3438,entry_initial_normal_long
1932,334684,TIA,0.24200000000000266,-0.011804760000000001,1772.9977956199984,0.0,1772.9977956199984,1.0,-11.0,5.3658,0.0,5.3438,close_grid_long
1933,334685,TIA,0.0,-0.01181026,1772.9859853599985,0.0,1772.9859853599985,1.0,11.0,5.3683,11.0,5.3683,entry_initial_normal_long
1934,334708,TIA,0.2431000000000001,-0.01185888,1773.2172264799985,0.0,1773.2172264799985,1.0,-11.0,5.3904,0.0,5.3683,close_grid_long
1935,334718,TIA,0.0,-0.01181334,1773.2054131399987,0.0,1773.2054131399987,1.0,11.0,5.3697,11.0,5.3697,entry_initial_normal_long
1936,335929,TIA,0.2431000000000001,-0.01186196,1773.4366511799988,0.0,1773.4366511799988,1.0,-11.0,5.3918,0.0,5.3697,close_grid_long
1937,338885,TIA,0.0,-0.01099136,1773.4256598199988,0.0,1773.4256598199988,1.0,8.0,6.8696,8.0,6.8696,entry_initial_normal_long
1938,339528,TIA,0.22560000000000002,-0.011036480000000001,1773.6402233399988,0.0,1773.6402233399988,1.0,-8.0,6.8978,0.0,6.8696,close_grid_long
1939,339540,TIA,0.0,-0.01090544,1773.6293178999988,0.0,1773.6293178999988,1.0,8.0,6.8159,8.0,6.8159,entry_initial_normal_long
1940,339541,TIA,0.2231999999999985,-0.010950080000000001,1773.8415678199988,0.0,1773.8415678199988,1.0,-8.0,6.8438,0.0,6.8159,close_grid_long
1941,339545,TIA,0.0,-0.010905920000000001,1773.8306618999989,0.0,1773.8306618999989,1.0,8.0,6.8162,8.0,6.8162,entry_initial_normal_long
1942,339587,TIA,0.2231999999999985,-0.01095056,1774.042911339999,0.0,1774.042911339999,1.0,-8.0,6.8441,0.0,6.8162,close_grid_long
1943,339615,TIA,0.0,-0.01091168,1774.031999659999,0.0,1774.031999659999,1.0,8.0,6.8198,8.0,6.8198,entry_initial_normal_long
1944,339652,TIA,0.2231999999999985,-0.01095632,1774.244243339999,0.0,1774.244243339999,1.0,-8.0,6.8477,0.0,6.8198,close_grid_long
1945,339662,TIA,0.0,-0.0109152,1774.233328139999,0.0,1774.233328139999,1.0,8.0,6.822,8.0,6.822,entry_initial_normal_long
1946,339670,TIA,0.2231999999999985,-0.01095984,1774.445568299999,0.0,1774.445568299999,1.0,-8.0,6.8499,0.0,6.822,close_grid_long
1947,339675,TIA,0.0,-0.010916480000000001,1774.4346518199989,0.0,1774.4346518199989,1.0,8.0,6.8228,8.0,6.8228,entry_initial_normal_long
1948,339819,TIA,0.2231999999999985,-0.01096112,1774.646890699999,0.0,1774.646890699999,1.0,-8.0,6.8507,0.0,6.8228,close_grid_long
1949,339829,TIA,0.0,-0.01092704,1774.6359636599989,0.0,1774.6359636599989,1.0,8.0,6.8294,8.0,6.8294,entry_initial_normal_long
1950,339840,TIA,0.22400000000000375,-0.01097184,1774.848991819999,0.0,1774.848991819999,1.0,-8.0,6.8574,0.0,6.8294,close_grid_long
1951,340040,TIA,0.0,-0.011003520000000001,1774.8379882999989,0.0,1774.8379882999989,1.0,8.0,6.8772,8.0,6.8772,entry_initial_normal_long
1952,340095,TIA,0.22639999999999816,-0.011048800000000001,1775.0533394999989,0.0,1775.0533394999989,1.0,-8.0,6.9055,0.0,6.8772,close_grid_long
1953,340164,TIA,0.0,-0.01102064,1775.0423188599989,0.0,1775.0423188599989,1.0,8.0,6.8879,8.0,6.8879,entry_initial_normal_long
1954,340190,TIA,0.22639999999999816,-0.01106592,1775.257652939999,0.0,1775.257652939999,1.0,-8.0,6.9162,0.0,6.8879,close_grid_long
1955,340211,TIA,0.0,-0.01102448,1775.2466284599989,0.0,1775.2466284599989,1.0,8.0,6.8903,8.0,6.8903,entry_initial_normal_long
1956,340219,TIA,0.22639999999999816,-0.01106976,1775.4619586999988,0.0,1775.4619586999988,1.0,-8.0,6.9186,0.0,6.8903,close_grid_long
1957,340364,TIA,0.0,-0.011067200000000001,1775.4508914999988,0.0,1775.4508914999988,1.0,8.0,6.917,8.0,6.917,entry_initial_normal_long
1958,340381,TIA,0.2272000000000034,-0.011112640000000002,1775.6669788599988,0.0,1775.6669788599988,1.0,-8.0,6.9454,0.0,6.917,close_grid_long
1959,340450,TIA,0.0,-0.01107952,1775.6558993399988,0.0,1775.6558993399988,1.0,8.0,6.9247,8.0,6.9247,entry_initial_normal_long
1960,340457,TIA,0.2272000000000034,-0.011124960000000001,1775.8719743799988,0.0,1775.8719743799988,1.0,-8.0,6.9531,0.0,6.9247,close_grid_long
1961,340461,TIA,0.0,-0.011080640000000001,1775.8608937399988,0.0,1775.8608937399988,1.0,8.0,6.9254,8.0,6.9254,entry_initial_normal_long
1962,343574,TIA,0.0,-0.00965392,1775.851239819999,0.0,1775.851239819999,1.0,8.0,6.0337,16.0,6.47955,entry_grid_normal_long
1963,345655,TIA,0.4328000000000003,-0.02082112,1776.263218699999,0.0,1776.263218699999,1.0,-16.0,6.5066,0.0,6.47955,close_grid_long
1964,345853,TIA,0.0,-0.01139094,1776.251827759999,0.0,1776.251827759999,1.0,9.0,6.3283,9.0,6.3283,entry_initial_normal_long
1965,345859,TIA,0.2340000000000062,-0.011437740000000002,1776.474390019999,0.0,1776.474390019999,1.0,-9.0,6.3543,0.0,6.3283,close_grid_long
1966,345870,TIA,0.0,-0.01139292,1776.462997099999,0.0,1776.462997099999,1.0,9.0,6.3294,9.0,6.3294,entry_initial_normal_long
1967,345985,TIA,0.2340000000000062,-0.011439720000000002,1776.685557379999,0.0,1776.685557379999,1.0,-9.0,6.3554,0.0,6.3294,close_grid_long
1968,346000,TIA,0.0,-0.011397240000000001,1776.674160139999,0.0,1776.674160139999,1.0,9.0,6.3318,9.0,6.3318,entry_initial_normal_long
1969,346008,TIA,0.2339999999999982,-0.01144404,1776.896716099999,0.0,1776.896716099999,1.0,-9.0,6.3578,0.0,6.3318,close_grid_long
1970,346141,TIA,0.0,-0.01144224,1776.885273859999,0.0,1776.885273859999,1.0,9.0,6.3568,9.0,6.3568,entry_initial_normal_long
1971,346160,TIA,0.2349000000000041,-0.011489220000000001,1777.108684639999,0.0,1777.108684639999,1.0,-9.0,6.3829,0.0,6.3568,close_grid_long
1972,346184,TIA,0.0,-0.011446020000000001,1777.097238619999,0.0,1777.097238619999,1.0,9.0,6.3589,9.0,6.3589,entry_initial_normal_long
1973,346187,TIA,0.2348999999999961,-0.011493,1777.320645619999,0.0,1777.320645619999,1.0,-9.0,6.385,0.0,6.3589,close_grid_long
1974,346209,TIA,0.0,-0.01144944,1777.309196179999,0.0,1777.309196179999,1.0,9.0,6.3608,9.0,6.3608,entry_initial_normal_long
1975,346345,TIA,0.2348999999999961,-0.01149642,1777.532599759999,0.0,1777.532599759999,1.0,-9.0,6.3869,0.0,6.3608,close_grid_long
1976,346360,TIA,0.0,-0.01145268,1777.5211470799989,0.0,1777.5211470799989,1.0,9.0,6.3626,9.0,6.3626,entry_initial_normal_long
1977,346375,TIA,0.2349000000000041,-0.01149966,1777.7445474199988,0.0,1777.7445474199988,1.0,-9.0,6.3887,0.0,6.3626,close_grid_long
1978,347329,TIA,0.0,-0.0118656,1777.7326818199988,0.0,1777.7326818199988,1.0,9.0,6.592,9.0,6.592,entry_initial_normal_long
1979,347340,TIA,0.2439000000000071,-0.011914380000000002,1777.9646674399987,0.0,1777.9646674399987,1.0,-9.0,6.6191,0.0,6.592,close_grid_long
1980,347365,TIA,0.0,-0.011870460000000001,1777.9527969799988,0.0,1777.9527969799988,1.0,9.0,6.5947,9.0,6.5947,entry_initial_normal_long
1981,347992,TIA,0.2439000000000071,-0.011919240000000001,1778.1847777399987,0.0,1778.1847777399987,1.0,-9.0,6.6218,0.0,6.5947,close_grid_long
1982,348012,TIA,0.0,-0.01177146,1778.1730062799986,0.0,1778.1730062799986,1.0,9.0,6.5397,9.0,6.5397,entry_initial_normal_long
1983,348014,TIA,0.2421000000000033,-0.011819880000000001,1778.4032863999987,0.0,1778.4032863999987,1.0,-9.0,6.5666,0.0,6.5397,close_grid_long
1984,348015,TIA,0.0,-0.011771820000000002,1778.3915145799988,0.0,1778.3915145799988,1.0,9.0,6.5399,9.0,6.5399,entry_initial_normal_long
1985,348019,TIA,0.24209999999999532,-0.011820240000000001,1778.6217943399988,0.0,1778.6217943399988,1.0,-9.0,6.5668,0.0,6.5399,close_grid_long
1986,348365,TIA,0.0,-0.011878020000000001,1778.6099163199988,0.0,1778.6099163199988,1.0,9.0,6.5989,9.0,6.5989,entry_initial_normal_long
1987,348375,TIA,0.24389999999999912,-0.011926800000000001,1778.8418895199989,0.0,1778.8418895199989,1.0,-9.0,6.626,0.0,6.5989,close_grid_long
1988,348477,TIA,0.0,-0.0118944,1778.8299951199988,0.0,1778.8299951199988,1.0,9.0,6.608,9.0,6.608,entry_initial_normal_long
1989,348490,TIA,0.244800000000005,-0.01194336,1779.0628517599987,0.0,1779.0628517599987,1.0,-9.0,6.6352,0.0,6.608,close_grid_long
1990,348529,TIA,0.0,-0.01190124,1779.0509505199987,0.0,1779.0509505199987,1.0,9.0,6.6118,9.0,6.6118,entry_initial_normal_long
1991,348551,TIA,0.244800000000005,-0.011950200000000001,1779.2838003199986,0.0,1779.2838003199986,1.0,-9.0,6.639,0.0,6.6118,close_grid_long
1992,348590,TIA,0.0,-0.011909340000000001,1779.2718909799985,0.0,1779.2718909799985,1.0,9.0,6.6163,9.0,6.6163,entry_initial_normal_long
1993,348609,TIA,0.244800000000005,-0.011958300000000002,1779.5047326799986,0.0,1779.5047326799986,1.0,-9.0,6.6435,0.0,6.6163,close_grid_long
1994,348616,TIA,0.0,-0.011911680000000003,1779.4928209999987,0.0,1779.4928209999987,1.0,9.0,6.6176,9.0,6.6176,entry_initial_normal_long
1995,348632,TIA,0.24479999999999702,-0.011960640000000002,1779.7256603599988,0.0,1779.7256603599988,1.0,-9.0,6.6448,0.0,6.6176,close_grid_long
1996,348635,TIA,0.0,-0.01191366,1779.7137466999989,0.0,1779.7137466999989,1.0,9.0,6.6187,9.0,6.6187,entry_initial_normal_long
1997,348645,TIA,0.244800000000005,-0.01196262,1779.946584079999,0.0,1779.946584079999,1.0,-9.0,6.6459,0.0,6.6187,close_grid_long
1998,348648,TIA,0.0,-0.01191492,1779.934669159999,0.0,1779.934669159999,1.0,9.0,6.6194,9.0,6.6194,entry_initial_normal_long
1999,348804,TIA,0.244800000000005,-0.011963880000000001,1780.167505279999,0.0,1780.167505279999,1.0,-9.0,6.6466,0.0,6.6194,close_grid_long
2000,348811,TIA,0.0,-0.01190214,1780.155603139999,0.0,1780.155603139999,1.0,9.0,6.6123,9.0,6.6123,entry_initial_normal_long
2001,348851,TIA,0.24479999999999702,-0.011951100000000001,1780.3884520399988,0.0,1780.3884520399988,1.0,-9.0,6.6395,0.0,6.6123,close_grid_long
2002,348858,TIA,0.0,-0.01190448,1780.3765475599987,0.0,1780.3765475599987,1.0,9.0,6.6136,9.0,6.6136,entry_initial_normal_long
2003,348862,TIA,0.24479999999999702,-0.01195344,1780.6093941199988,0.0,1780.6093941199988,1.0,-9.0,6.6408,0.0,6.6136,close_grid_long
2004,348864,TIA,0.0,-0.0119052,1780.5974889199988,0.0,1780.5974889199988,1.0,9.0,6.614,9.0,6.614,entry_initial_normal_long
2005,348874,TIA,0.244800000000005,-0.01195416,1780.8303347599988,0.0,1780.8303347599988,1.0,-9.0,6.6412,0.0,6.614,close_grid_long
2006,348971,TIA,0.0,-0.01192662,1780.8184081399988,0.0,1780.8184081399988,1.0,9.0,6.6259,9.0,6.6259,entry_initial_normal_long
2007,353148,TIA,0.24570000000000292,-0.01197576,1781.0521323799987,0.0,1781.0521323799987,1.0,-9.0,6.6532,0.0,6.6259,close_grid_long
2008,353589,TIA,0.0,-0.01171926,1781.0404131199987,0.0,1781.0404131199987,1.0,9.0,6.5107,9.0,6.5107,entry_initial_normal_long
2009,353667,TIA,0.24119999999999742,-0.0117675,1781.2698456199987,0.0,1781.2698456199987,1.0,-9.0,6.5375,0.0,6.5107,close_grid_long
2010,353797,TIA,0.0,-0.01174338,1781.2581022399986,0.0,1781.2581022399986,1.0,9.0,6.5241,9.0,6.5241,entry_initial_normal_long
2011,353833,TIA,0.2412000000000054,-0.011791620000000001,1781.4875106199986,0.0,1781.4875106199986,1.0,-9.0,6.5509,0.0,6.5241,close_grid_long
2012,353834,TIA,0.0,-0.011745180000000001,1781.4757654399987,0.0,1781.4757654399987,1.0,9.0,6.5251,9.0,6.5251,entry_initial_normal_long
2013,353836,TIA,0.24209999999999532,-0.0117936,1781.7060718399987,0.0,1781.7060718399987,1.0,-9.0,6.552,0.0,6.5251,close_grid_long
2014,353838,TIA,0.0,-0.01174554,1781.6943262999987,0.0,1781.6943262999987,1.0,9.0,6.5253,9.0,6.5253,entry_initial_normal_long
2015,353862,TIA,0.2421000000000033,-0.011793960000000001,1781.9246323399987,0.0,1781.9246323399987,1.0,-9.0,6.5522,0.0,6.5253,close_grid_long
2016,353883,TIA,0.0,-0.01175076,1781.9128815799986,0.0,1781.9128815799986,1.0,9.0,6.5282,9.0,6.5282,entry_initial_normal_long
2017,353909,TIA,0.2421000000000033,-0.011799180000000001,1782.1431823999985,0.0,1782.1431823999985,1.0,-9.0,6.5551,0.0,6.5282,close_grid_long
2018,353912,TIA,0.0,-0.01175346,1782.1314289399986,0.0,1782.1314289399986,1.0,9.0,6.5297,9.0,6.5297,entry_initial_normal_long
2019,354012,TIA,0.2421000000000033,-0.011801880000000002,1782.3617270599987,0.0,1782.3617270599987,1.0,-9.0,6.5566,0.0,6.5297,close_grid_long
2020,354064,TIA,0.0,-0.01176804,1782.3499590199986,0.0,1782.3499590199986,1.0,9.0,6.5378,9.0,6.5378,entry_initial_normal_long
2021,354075,TIA,0.2421000000000033,-0.01181646,1782.5802425599986,0.0,1782.5802425599986,1.0,-9.0,6.5647,0.0,6.5378,close_grid_long
2022,354076,TIA,0.0,-0.01176894,1782.5684736199987,0.0,1782.5684736199987,1.0,9.0,6.5383,9.0,6.5383,entry_initial_normal_long
2023,354337,TIA,0.2421000000000033,-0.01181736,1782.7987562599988,0.0,1782.7987562599988,1.0,-9.0,6.5652,0.0,6.5383,close_grid_long
2024,354351,TIA,0.0,-0.011779560000000001,1782.7869766999988,0.0,1782.7869766999988,1.0,9.0,6.5442,9.0,6.5442,entry_initial_normal_long
2025,354424,TIA,0.2421000000000033,-0.011827980000000002,1783.0172487199989,0.0,1783.0172487199989,1.0,-9.0,6.5711,0.0,6.5442,close_grid_long
2026,354611,TIA,0.0,-0.011839140000000001,1783.005409579999,0.0,1783.005409579999,1.0,9.0,6.5773,9.0,6.5773,entry_initial_normal_long
2027,354613,TIA,0.24389999999999912,-0.01188792,1783.237421659999,0.0,1783.237421659999,1.0,-9.0,6.6044,0.0,6.5773,close_grid_long
2028,354616,TIA,0.0,-0.011839680000000002,1783.2255819799989,0.0,1783.2255819799989,1.0,9.0,6.5776,9.0,6.5776,entry_initial_normal_long
2029,354846,TIA,0.24389999999999912,-0.011888460000000002,1783.457593519999,0.0,1783.457593519999,1.0,-9.0,6.6047,0.0,6.5776,close_grid_long
2030,354859,TIA,0.0,-0.011837700000000001,1783.445755819999,0.0,1783.445755819999,1.0,9.0,6.5765,9.0,6.5765,entry_initial_normal_long
2031,355172,TIA,0.24389999999999912,-0.011886480000000001,1783.677769339999,0.0,1783.677769339999,1.0,-9.0,6.6036,0.0,6.5765,close_grid_long
2032,355184,TIA,0.0,-0.01182528,1783.665944059999,0.0,1783.665944059999,1.0,9.0,6.5696,9.0,6.5696,entry_initial_normal_long
2033,355189,TIA,0.24299999999999322,-0.01187388,1783.897070179999,0.0,1783.897070179999,1.0,-9.0,6.5966,0.0,6.5696,close_grid_long
2034,355221,TIA,0.0,-0.011831040000000001,1783.885239139999,0.0,1783.885239139999,1.0,9.0,6.5728,9.0,6.5728,entry_initial_normal_long
2035,355222,TIA,0.24300000000000122,-0.01187964,1784.116359499999,0.0,1784.116359499999,1.0,-9.0,6.5998,0.0,6.5728,close_grid_long
2036,355306,TIA,0.0,-0.01184634,1784.104513159999,0.0,1784.104513159999,1.0,9.0,6.5813,9.0,6.5813,entry_initial_normal_long
2037,355461,TIA,0.24389999999999912,-0.01189512,1784.336518039999,0.0,1784.336518039999,1.0,-9.0,6.6084,0.0,6.5813,close_grid_long
2038,357006,TIA,0.0,-0.01159136,1784.324926679999,0.0,1784.324926679999,1.0,8.0,7.2446,8.0,7.2446,entry_initial_normal_long
2039,357084,TIA,0.23760000000000048,-0.01163888,1784.550887799999,0.0,1784.550887799999,1.0,-8.0,7.2743,0.0,7.2446,close_grid_long
2040,357085,TIA,0.0,-0.011593280000000001,1784.539294519999,0.0,1784.539294519999,1.0,8.0,7.2458,8.0,7.2458,entry_initial_normal_long
2041,357089,TIA,0.23760000000000048,-0.011640800000000001,1784.765253719999,0.0,1784.765253719999,1.0,-8.0,7.2755,0.0,7.2458,close_grid_long
2042,357095,TIA,0.0,-0.01159472,1784.753658999999,0.0,1784.753658999999,1.0,8.0,7.2467,8.0,7.2467,entry_initial_normal_long
2043,357138,TIA,0.23760000000000048,-0.01164224,1784.979616759999,0.0,1784.979616759999,1.0,-8.0,7.2764,0.0,7.2467,close_grid_long
2044,357139,TIA,0.0,-0.01159776,1784.968018999999,0.0,1784.968018999999,1.0,8.0,7.2486,8.0,7.2486,entry_initial_normal_long
2045,357153,TIA,0.23760000000000048,-0.011645280000000001,1785.193973719999,0.0,1785.193973719999,1.0,-8.0,7.2783,0.0,7.2486,close_grid_long
2046,357184,TIA,0.0,-0.01160304,1785.182370679999,0.0,1785.182370679999,1.0,8.0,7.2519,8.0,7.2519,entry_initial_normal_long
2047,357195,TIA,0.2383999999999986,-0.01165072,1785.4091199599989,0.0,1785.4091199599989,1.0,-8.0,7.2817,0.0,7.2519,close_grid_long
2048,357197,TIA,0.0,-0.011604000000000001,1785.3975159599988,0.0,1785.3975159599988,1.0,8.0,7.2525,8.0,7.2525,entry_initial_normal_long
2049,358455,TIA,0.0,-0.01020688,1785.3873090799989,0.0,1785.3873090799989,1.0,8.0,6.3793,16.0,6.8159,entry_grid_normal_long
2050,360002,TIA,0.0,-0.013040060000000001,1785.3742690199988,0.0,1785.3742690199988,1.0,11.0,5.9273,27.0,6.453877777777778,entry_grid_normal_long
2051,361132,TIA,0.0,-0.02092964,1785.3533393799987,0.0,1785.3533393799987,1.0,19.0,5.5078,46.0,6.0631065217391305,entry_grid_normal_long
2052,363707,TIA,1.241699999999982,-0.056028919999999996,1786.5390104599987,0.0,1786.5390104599987,1.0,-46.0,6.0901,0.0,6.0631065217391305,close_grid_long
2053,363732,TIA,0.0,-0.011967,1786.5270434599988,0.0,1786.5270434599988,1.0,10.0,5.9835,10.0,5.9835,entry_initial_normal_long
2054,364227,TIA,0.2459999999999951,-0.0120162,1786.7610272599989,0.0,1786.7610272599989,1.0,-10.0,6.0081,0.0,5.9835,close_grid_long
2055,364265,TIA,0.0,-0.0118928,1786.749134459999,0.0,1786.749134459999,1.0,10.0,5.9464,10.0,5.9464,entry_initial_normal_long
2056,368325,TIA,0.0,-0.010684200000000001,1786.738450259999,0.0,1786.738450259999,1.0,10.0,5.3421,20.0,5.6442499999999995,entry_grid_normal_long
2057,374167,TIA,0.0,-0.01372028,1786.724729979999,0.0,1786.724729979999,1.0,14.0,4.9001,34.0,5.337835294117647,entry_grid_normal_long
2058,375907,TIA,0.0,-0.021619199999999998,1786.703110779999,0.0,1786.703110779999,1.0,24.0,4.504,58.0,4.992799999999999,entry_grid_normal_long
2059,376224,TIA,0.0,-0.02337748,1786.679733299999,0.0,1786.679733299999,1.0,29.0,4.0306,87.0,4.672066666666666,entry_grid_cropped_long
2060,376233,TIA,0.0,-0.03825912,1786.641474179999,0.0,1786.641474179999,1.0,46.0,4.1586,133.0,4.494476691729322,entry_trailing_normal_long
2061,376249,TIA,0.0,-0.0588714,1786.582602779999,0.0,1786.582602779999,1.0,70.0,4.2051,203.0,4.394691625615763,entry_trailing_normal_long
2062,376282,TIA,0.0,-0.09350730000000002,1786.489095479999,0.0,1786.489095479999,1.0,107.0,4.3695,310.0,4.385996451612902,entry_trailing_normal_long
2063,376405,TIA,0.0,-0.15036176,1786.338733719999,0.0,1786.338733719999,1.0,164.0,4.5842,474.0,4.4545732067510535,entry_trailing_normal_long
2064,376567,TIA,0.0,-0.221285,1786.117448719999,0.0,1786.117448719999,1.0,250.0,4.4257,724.0,4.44460317679558,entry_trailing_normal_long
2065,376655,TIA,0.0,-0.0708426,1786.0466061199988,0.0,1786.0466061199988,1.0,81.0,4.373,805.0,4.437398385093168,entry_trailing_cropped_long
2066,376689,TIA,1.2796113043478217,-0.006468280000000001,1787.3197491443466,0.0,1787.3197491443466,1.0,-7.0,4.6202,798.0,4.437398385093168,close_unstuck_long
2067,376698,TIA,1.3776113043478233,-0.0064878800000000006,1788.6908725686944,0.0,1788.6908725686944,1.0,-7.0,4.6342,791.0,4.437398385093168,close_unstuck_long
2068,376699,TIA,1.5442113043478267,-0.0065212000000000004,1790.2285626730422,0.0,1790.2285626730422,1.0,-7.0,4.658,784.0,4.437398385093168,close_unstuck_long
2069,376700,TIA,1.7913113043478228,-0.00657062,1792.01330335739,0.0,1792.01330335739,1.0,-7.0,4.6933,777.0,4.437398385093168,close_unstuck_long
2070,376701,TIA,1.6891113043478247,-0.006550180000000001,1793.6958644817378,0.0,1793.6958644817378,1.0,-7.0,4.6787,770.0,4.437398385093168,close_unstuck_long
2071,376702,TIA,1.7318113043478247,-0.00655872,1795.4211170660856,0.0,1795.4211170660856,1.0,-7.0,4.6848,763.0,4.437398385093168,close_unstuck_long
2072,376703,TIA,1.541411304347827,-0.00652064,1796.9560077304334,0.0,1796.9560077304334,1.0,-7.0,4.6576,756.0,4.437398385093168,close_unstuck_long
2073,376704,TIA,1.6772113043478214,-0.0065477999999999995,1798.6266712347813,0.0,1798.6266712347813,1.0,-7.0,4.677,749.0,4.437398385093168,close_unstuck_long
2074,376705,TIA,1.7934113043478241,-0.006571039999999999,1800.413511499129,0.0,1800.413511499129,1.0,-7.0,4.6936,742.0,4.437398385093168,close_unstuck_long
2075,376706,TIA,1.9439113043478216,-0.00660114,1802.3508216634768,0.0,1802.3508216634768,1.0,-7.0,4.7151,735.0,4.437398385093168,close_unstuck_long
2076,376707,TIA,1.7542113043478222,-0.006563199999999999,1804.0984697678246,0.0,1804.0984697678246,1.0,-7.0,4.688,728.0,4.437398385093168,close_unstuck_long
2077,376708,TIA,1.8298113043478264,-0.006578320000000001,1805.9217027521725,0.0,1805.9217027521725,1.0,-7.0,4.6988,721.0,4.437398385093168,close_unstuck_long
2078,376709,TIA,1.541411304347827,-0.00652064,1807.4565934165203,0.0,1807.4565934165203,1.0,-7.0,4.6576,714.0,4.437398385093168,close_unstuck_long
2079,376710,TIA,1.4917113043478247,-0.0065107,1808.9417940208682,0.0,1808.9417940208682,1.0,-7.0,4.6505,707.0,4.437398385093168,close_unstuck_long
2080,376756,TIA,0.0,-0.09584792,1808.845946100868,0.0,1808.845946100868,1.0,98.0,4.8902,805.0,4.492522059951391,entry_trailing_cropped_long
2081,376757,TIA,3.0028455803402654,-0.0068901,1811.8419015812083,0.0,1811.8419015812083,1.0,-7.0,4.9215,798.0,4.492522059951391,close_unstuck_long
2082,376758,TIA,3.0952455803402676,-0.006908580000000001,1814.9302385815486,0.0,1814.9302385815486,1.0,-7.0,4.9347,791.0,4.492522059951391,close_unstuck_long
2083,376759,TIA,3.2072455803402677,-0.0069309800000000015,1818.130553181889,0.0,1818.130553181889,1.0,-7.0,4.9507,784.0,4.492522059951391,close_unstuck_long
2084,376760,TIA,3.1295455803402685,-0.006915440000000001,1821.2531833222292,0.0,1821.2531833222292,1.0,-7.0,4.9396,777.0,4.492522059951391,close_unstuck_long
2085,376761,TIA,3.476045580340263,-0.00698474,1824.7222441625695,0.0,1824.7222441625695,1.0,-7.0,4.9891,770.0,4.492522059951391,close_unstuck_long
2086,376762,TIA,4.081545580340263,-0.0071058399999999996,1828.7966839029098,0.0,1828.7966839029098,1.0,-7.0,5.0756,763.0,4.492522059951391,close_unstuck_long
2087,376763,TIA,3.812745580340268,-0.007052080000000001,1832.60237740325,0.0,1832.60237740325,1.0,-7.0,5.0372,756.0,4.492522059951391,close_unstuck_long
2088,376764,TIA,3.900245580340263,-0.00706958,1836.4955534035903,0.0,1836.4955534035903,1.0,-7.0,5.0497,749.0,4.492522059951391,close_unstuck_long
2089,376765,TIA,3.913545580340263,-0.00707224,1840.4020267439305,0.0,1840.4020267439305,1.0,-7.0,5.0516,742.0,4.492522059951391,close_unstuck_long
2090,376766,TIA,3.9933455803402635,-0.007088199999999999,1844.3882841242707,0.0,1844.3882841242707,1.0,-7.0,5.063,735.0,4.492522059951391,close_unstuck_long
2091,376767,TIA,3.812745580340268,-0.007052080000000001,1848.193977624611,0.0,1848.193977624611,1.0,-7.0,5.0372,728.0,4.492522059951391,close_unstuck_long
2092,376768,TIA,3.877145580340267,-0.007064960000000001,1852.0640582449514,0.0,1852.0640582449514,1.0,-7.0,5.0464,721.0,4.492522059951391,close_unstuck_long
2093,376769,TIA,3.989145580340267,-0.007087360000000002,1856.0461164652918,0.0,1856.0461164652918,1.0,-7.0,5.0624,714.0,4.492522059951391,close_unstuck_long
2094,376793,TIA,69.2359292854442,-0.11447967999999999,1925.167566070736,0.0,1925.167566070736,1.0,-112.0,5.1107,602.0,4.492522059951391,close_trailing_long
2095,376938,TIA,76.37184104563869,-0.11950088000000002,2001.4199062363748,0.0,2001.4199062363748,1.0,-116.0,5.1509,486.0,4.492522059951391,close_trailing_long
2096,376977,TIA,61.19735280583317,-0.12006000000000001,2062.497199042208,0.0,2062.497199042208,1.0,-120.0,5.0025,366.0,4.492522059951391,close_trailing_long
2097,377031,TIA,145.00112605779105,-0.35785284,2207.140472259999,0.0,2207.140472259999,1.0,-366.0,4.8887,0.0,4.492522059951391,close_grid_long
2098,377150,TIA,0.0,-0.0144342,2207.1260380599992,0.0,2207.1260380599992,1.0,15.0,4.8114,15.0,4.8114,entry_initial_normal_long
2099,377163,TIA,0.2970000000000006,-0.0144936,2207.408544459999,0.0,2207.408544459999,1.0,-15.0,4.8312,0.0,4.8114,close_grid_long
2100,377170,TIA,0.0,-0.0144369,2207.394107559999,0.0,2207.394107559999,1.0,15.0,4.8123,15.0,4.8123,entry_initial_normal_long
2101,377180,TIA,0.2970000000000006,-0.0144963,2207.676611259999,0.0,2207.676611259999,1.0,-15.0,4.8321,0.0,4.8123,close_grid_long
2102,377244,TIA,0.0,-0.014458800000000003,2207.662152459999,0.0,2207.662152459999,1.0,15.0,4.8196,15.0,4.8196,entry_initial_normal_long
2103,377297,TIA,0.2970000000000006,-0.014518200000000002,2207.944634259999,0.0,2207.944634259999,1.0,-15.0,4.8394,0.0,4.8196,close_grid_long
2104,377298,TIA,0.0,-0.0144528,2207.930181459999,0.0,2207.930181459999,1.0,15.0,4.8176,15.0,4.8176,entry_initial_normal_long
2105,377299,TIA,0.5204999999999993,-0.0145569,2208.436124559999,0.0,2208.436124559999,1.0,-15.0,4.8523,0.0,4.8176,close_grid_long
2106,377794,TIA,0.0,-0.01369928,2208.422425279999,0.0,2208.422425279999,1.0,14.0,4.8926,14.0,4.8926,entry_initial_normal_long
2107,377850,TIA,0.2814000000000032,-0.01375556,2208.690069719999,0.0,2208.690069719999,1.0,-14.0,4.9127,0.0,4.8926,close_grid_long
2108,377851,TIA,0.0,-0.013700960000000002,2208.676368759999,0.0,2208.676368759999,1.0,14.0,4.8932,14.0,4.8932,entry_initial_normal_long
2109,377852,TIA,0.28139999999999077,-0.013757239999999999,2208.944011519999,0.0,2208.944011519999,1.0,-14.0,4.9133,0.0,4.8932,close_grid_long
2110,377853,TIA,0.0,-0.013701240000000002,2208.930310279999,0.0,2208.930310279999,1.0,14.0,4.8933,14.0,4.8933,entry_initial_normal_long
2111,377862,TIA,0.2814000000000032,-0.01375752,2209.197952759999,0.0,2209.197952759999,1.0,-14.0,4.9134,0.0,4.8933,close_grid_long
2112,377867,TIA,0.0,-0.01370292,2209.184249839999,0.0,2209.184249839999,1.0,14.0,4.8939,14.0,4.8939,entry_initial_normal_long
2113,377987,TIA,0.28139999999999077,-0.0137592,2209.4518906399994,0.0,2209.4518906399994,1.0,-14.0,4.914,0.0,4.8939,close_grid_long
2114,377990,TIA,0.0,-0.013706000000000001,2209.4381846399992,0.0,2209.4381846399992,1.0,14.0,4.895,14.0,4.895,entry_initial_normal_long
2115,378004,TIA,0.2814000000000032,-0.013762279999999998,2209.7058223599993,0.0,2209.7058223599993,1.0,-14.0,4.9151,0.0,4.895,close_grid_long
2116,378006,TIA,0.0,-0.01370684,2209.6921155199993,0.0,2209.6921155199993,1.0,14.0,4.8953,14.0,4.8953,entry_initial_normal_long
2117,378010,TIA,0.2814000000000032,-0.013763120000000002,2209.959752399999,0.0,2209.959752399999,1.0,-14.0,4.9154,0.0,4.8953,close_grid_long
2118,378014,TIA,0.0,-0.01370796,2209.9460444399992,0.0,2209.9460444399992,1.0,14.0,4.8957,14.0,4.8957,entry_initial_normal_long
2119,378015,TIA,0.2814000000000032,-0.013764240000000002,2210.213680199999,0.0,2210.213680199999,1.0,-14.0,4.9158,0.0,4.8957,close_grid_long
2120,378046,TIA,0.0,-0.013715519999999998,2210.199964679999,0.0,2210.199964679999,1.0,14.0,4.8984,14.0,4.8984,entry_initial_normal_long
2121,378047,TIA,0.2814000000000032,-0.013771799999999999,2210.4675928799993,0.0,2210.4675928799993,1.0,-14.0,4.9185,0.0,4.8984,close_grid_long
2122,378066,TIA,0.0,-0.013719440000000001,2210.4538734399994,0.0,2210.4538734399994,1.0,14.0,4.8998,14.0,4.8998,entry_initial_normal_long
2123,378125,TIA,0.2814000000000032,-0.013775720000000002,2210.721497719999,0.0,2210.721497719999,1.0,-14.0,4.9199,0.0,4.8998,close_grid_long
2124,378196,TIA,0.0,-0.01374184,2210.7077558799992,0.0,2210.7077558799992,1.0,14.0,4.9078,14.0,4.9078,entry_initial_normal_long
2125,378197,TIA,0.28279999999999994,-0.013798400000000002,2210.9767574799994,0.0,2210.9767574799994,1.0,-14.0,4.928,0.0,4.9078,close_grid_long
2126,378209,TIA,0.0,-0.013744640000000002,2210.9630128399995,0.0,2210.9630128399995,1.0,14.0,4.9088,14.0,4.9088,entry_initial_normal_long
2127,378228,TIA,0.28279999999999994,-0.013801200000000001,2211.2320116399997,0.0,2211.2320116399997,1.0,-14.0,4.929,0.0,4.9088,close_grid_long
2128,378661,TIA,0.0,-0.01389584,2211.2181158,0.0,2211.2181158,1.0,14.0,4.9628,14.0,4.9628,entry_initial_normal_long
2129,378665,TIA,0.28560000000000585,-0.013952960000000002,2211.48976284,0.0,2211.48976284,1.0,-14.0,4.9832,0.0,4.9628,close_grid_long
2130,378685,TIA,0.0,-0.013900039999999999,2211.4758628,0.0,2211.4758628,1.0,14.0,4.9643,14.0,4.9643,entry_initial_normal_long
2131,378692,TIA,0.28560000000000585,-0.01395716,2211.74750564,0.0,2211.74750564,1.0,-14.0,4.9847,0.0,4.9643,close_grid_long
2132,378701,TIA,0.0,-0.01390228,2211.73360336,0.0,2211.73360336,1.0,14.0,4.9651,14.0,4.9651,entry_initial_normal_long
2133,378707,TIA,0.28560000000000585,-0.0139594,2212.00524396,0.0,2212.00524396,1.0,-14.0,4.9855,0.0,4.9651,close_grid_long
2134,378720,TIA,0.0,-0.0139048,2211.99133916,0.0,2211.99133916,1.0,14.0,4.966,14.0,4.966,entry_initial_normal_long
2135,378757,TIA,0.2855999999999934,-0.01396192,2212.2629772399996,0.0,2212.2629772399996,1.0,-14.0,4.9864,0.0,4.966,close_grid_long
2136,378760,TIA,0.0,-0.013906200000000002,2212.2490710399998,0.0,2212.2490710399998,1.0,14.0,4.9665,14.0,4.9665,entry_initial_normal_long
2137,378814,TIA,0.28560000000000585,-0.013963320000000003,2212.52070772,0.0,2212.52070772,1.0,-14.0,4.9869,0.0,4.9665,close_grid_long
2138,378855,TIA,0.0,-0.0139188,2212.50678892,0.0,2212.50678892,1.0,14.0,4.971,14.0,4.971,entry_initial_normal_long
2139,378858,TIA,0.2855999999999934,-0.01397592,2212.778413,0.0,2212.778413,1.0,-14.0,4.9914,0.0,4.971,close_grid_long
2140,378897,TIA,0.0,-0.01392944,2212.76448356,0.0,2212.76448356,1.0,14.0,4.9748,14.0,4.9748,entry_initial_normal_long
2141,378900,TIA,0.2855999999999934,-0.01398656,2213.0360969999997,0.0,2213.0360969999997,1.0,-14.0,4.9952,0.0,4.9748,close_grid_long
2142,378916,TIA,0.0,-0.0139328,2213.0221641999997,0.0,2213.0221641999997,1.0,14.0,4.976,14.0,4.976,entry_initial_normal_long
2143,378956,TIA,0.2870000000000026,-0.013990200000000003,2213.295174,0.0,2213.295174,1.0,-14.0,4.9965,0.0,4.976,close_grid_long
2144,378960,TIA,0.0,-0.01393672,2213.28123728,0.0,2213.28123728,1.0,14.0,4.9774,14.0,4.9774,entry_initial_normal_long
2145,378962,TIA,0.28699999999999015,-0.013994119999999999,2213.5542431599997,0.0,2213.5542431599997,1.0,-14.0,4.9979,0.0,4.9774,close_grid_long
2146,378964,TIA,0.0,-0.01393728,2213.54030588,0.0,2213.54030588,1.0,14.0,4.9776,14.0,4.9776,entry_initial_normal_long
2147,378966,TIA,0.2870000000000026,-0.01399468,2213.8133111999996,0.0,2213.8133111999996,1.0,-14.0,4.9981,0.0,4.9776,close_grid_long
2148,379049,TIA,0.0,-0.0139608,2213.7993503999996,0.0,2213.7993503999996,1.0,14.0,4.986,14.0,4.986,entry_initial_normal_long
2149,379053,TIA,0.2870000000000026,-0.0140182,2214.0723321999994,0.0,2214.0723321999994,1.0,-14.0,5.0065,0.0,4.986,close_grid_long
2150,379062,TIA,0.0,-0.013962760000000001,2214.0583694399993,0.0,2214.0583694399993,1.0,14.0,4.9867,14.0,4.9867,entry_initial_normal_long
2151,379354,TIA,0.2870000000000026,-0.014020160000000002,2214.3313492799994,0.0,2214.3313492799994,1.0,-14.0,5.0072,0.0,4.9867,close_grid_long
2152,379364,TIA,0.0,-0.013958839999999998,2214.317390439999,0.0,2214.317390439999,1.0,14.0,4.9853,14.0,4.9853,entry_initial_normal_long
2153,381457,TIA,0.2870000000000026,-0.01401624,2214.590374199999,0.0,2214.590374199999,1.0,-14.0,5.0058,0.0,4.9853,close_grid_long
2154,382863,TIA,0.0,-0.014191580000000002,2214.576182619999,0.0,2214.576182619999,1.0,13.0,5.4583,13.0,5.4583,entry_initial_normal_long
2155,382915,TIA,0.291199999999991,-0.01424982,2214.853132799999,0.0,2214.853132799999,1.0,-13.0,5.4807,0.0,5.4583,close_grid_long
2156,383417,TIA,0.0,-0.01438996,2214.838742839999,0.0,2214.838742839999,1.0,13.0,5.5346,13.0,5.5346,entry_initial_normal_long
2157,383438,TIA,0.296400000000002,-0.01444924,2215.1206935999994,0.0,2215.1206935999994,1.0,-13.0,5.5574,0.0,5.5346,close_grid_long
2158,384077,TIA,0.0,-0.013705440000000003,2215.106988159999,0.0,2215.106988159999,1.0,12.0,5.7106,12.0,5.7106,entry_initial_normal_long
2159,384079,TIA,0.2819999999999929,-0.013761840000000001,2215.375226319999,0.0,2215.375226319999,1.0,-12.0,5.7341,0.0,5.7106,close_grid_long
2160,384097,TIA,0.0,-0.013709040000000002,2215.361517279999,0.0,2215.361517279999,1.0,12.0,5.7121,12.0,5.7121,entry_initial_normal_long
2161,384120,TIA,0.2819999999999929,-0.013765440000000002,2215.6297518399992,0.0,2215.6297518399992,1.0,-12.0,5.7356,0.0,5.7121,close_grid_long
2162,384135,TIA,0.0,-0.01371312,2215.6160387199993,0.0,2215.6160387199993,1.0,12.0,5.7138,12.0,5.7138,entry_initial_normal_long
2163,384215,TIA,0.2820000000000036,-0.01376952,2215.8842691999994,0.0,2215.8842691999994,1.0,-12.0,5.7373,0.0,5.7138,close_grid_long
2164,384218,TIA,0.0,-0.013717680000000003,2215.8705515199995,0.0,2215.8705515199995,1.0,12.0,5.7157,12.0,5.7157,entry_initial_normal_long
2165,384223,TIA,0.2820000000000036,-0.013774080000000001,2216.1387774399996,0.0,2216.1387774399996,1.0,-12.0,5.7392,0.0,5.7157,close_grid_long
2166,384245,TIA,0.0,-0.013722,2216.1250554399994,0.0,2216.1250554399994,1.0,12.0,5.7175,12.0,5.7175,entry_initial_normal_long
2167,384251,TIA,0.2819999999999929,-0.0137784,2216.3932770399992,0.0,2216.3932770399992,1.0,-12.0,5.741,0.0,5.7175,close_grid_long
2168,384261,TIA,0.0,-0.013724160000000001,2216.379552879999,0.0,2216.379552879999,1.0,12.0,5.7184,12.0,5.7184,entry_initial_normal_long
2169,384276,TIA,0.2820000000000036,-0.01378056,2216.647772319999,0.0,2216.647772319999,1.0,-12.0,5.7419,0.0,5.7184,close_grid_long
2170,384286,TIA,0.0,-0.013727520000000002,2216.634044799999,0.0,2216.634044799999,1.0,12.0,5.7198,12.0,5.7198,entry_initial_normal_long
2171,384307,TIA,0.2819999999999929,-0.013783920000000002,2216.902260879999,0.0,2216.902260879999,1.0,-12.0,5.7433,0.0,5.7198,close_grid_long
2172,384510,TIA,0.0,-0.013813919999999999,2216.8884469599993,0.0,2216.8884469599993,1.0,12.0,5.7558,12.0,5.7558,entry_initial_normal_long
2173,386672,TIA,0.284399999999998,-0.0138708,2217.1589761599994,0.0,2217.1589761599994,1.0,-12.0,5.7795,0.0,5.7558,close_grid_long
2174,387451,TIA,0.0,-0.01364664,2217.1453295199994,0.0,2217.1453295199994,1.0,12.0,5.6861,12.0,5.6861,entry_initial_normal_long
2175,387453,TIA,0.2795999999999985,-0.01370256,2217.4112269599996,0.0,2217.4112269599996,1.0,-12.0,5.7094,0.0,5.6861,close_grid_long
2176,387480,TIA,0.0,-0.013651440000000003,2217.3975755199995,0.0,2217.3975755199995,1.0,12.0,5.6881,12.0,5.6881,entry_initial_normal_long
2177,388254,TIA,0.2795999999999985,-0.01370736,2217.6634681599994,0.0,2217.6634681599994,1.0,-12.0,5.7114,0.0,5.6881,close_grid_long
2178,389452,TIA,0.0,-0.01452432,2217.6489438399994,0.0,2217.6489438399994,1.0,12.0,6.0518,12.0,6.0518,entry_initial_normal_long
2179,389486,TIA,0.2987999999999964,-0.014584080000000001,2217.9331597599994,0.0,2217.9331597599994,1.0,-12.0,6.0767,0.0,6.0518,close_grid_long
2180,389515,TIA,0.0,-0.014532960000000001,2217.9186267999994,0.0,2217.9186267999994,1.0,12.0,6.0554,12.0,6.0554,entry_initial_normal_long
2181,389543,TIA,0.29880000000000706,-0.01459272,2218.2028340799993,0.0,2218.2028340799993,1.0,-12.0,6.0803,0.0,6.0554,close_grid_long
2182,389551,TIA,0.0,-0.014537040000000003,2218.1882970399993,0.0,2218.1882970399993,1.0,12.0,6.0571,12.0,6.0571,entry_initial_normal_long
2183,389553,TIA,0.2987999999999964,-0.0145968,2218.472500239999,0.0,2218.472500239999,1.0,-12.0,6.082,0.0,6.0571,close_grid_long
2184,389571,TIA,0.0,-0.014542560000000001,2218.4579576799993,0.0,2218.4579576799993,1.0,12.0,6.0594,12.0,6.0594,entry_initial_normal_long
2185,389585,TIA,0.2987999999999964,-0.01460232,2218.7421553599993,0.0,2218.7421553599993,1.0,-12.0,6.0843,0.0,6.0594,close_grid_long
2186,389586,TIA,0.0,-0.014544,2218.727611359999,0.0,2218.727611359999,1.0,12.0,6.06,12.0,6.06,entry_initial_normal_long
2187,389590,TIA,0.29880000000000706,-0.01460376,2219.011807599999,0.0,2219.011807599999,1.0,-12.0,6.0849,0.0,6.06,close_grid_long
2188,389591,TIA,0.0,-0.014544720000000002,2218.997262879999,0.0,2218.997262879999,1.0,12.0,6.0603,12.0,6.0603,entry_initial_normal_long
2189,389598,TIA,0.29880000000000706,-0.014604480000000001,2219.2814583999993,0.0,2219.2814583999993,1.0,-12.0,6.0852,0.0,6.0603,close_grid_long
2190,389613,TIA,0.0,-0.014547840000000003,2219.2669105599994,0.0,2219.2669105599994,1.0,12.0,6.0616,12.0,6.0616,entry_initial_normal_long
2191,392217,TIA,0.0,-0.01274808,2219.254162479999,0.0,2219.254162479999,1.0,12.0,5.3117,24.0,5.68665,entry_grid_normal_long
2192,396004,TIA,0.0,-0.016898,2219.2372644799993,0.0,2219.2372644799993,1.0,17.0,4.97,41.0,5.38950243902439,entry_grid_normal_long
2193,402014,TIA,0.9510999999999958,-0.04438414,2220.1439803399994,0.0,2220.1439803399994,1.0,-41.0,5.4127,0.0,5.38950243902439,close_grid_long
2194,404496,TIA,0.0,-0.01435272,2220.1296276199996,0.0,2220.1296276199996,1.0,12.0,5.9803,12.0,5.9803,entry_initial_normal_long
2195,404506,TIA,0.2952000000000048,-0.014411760000000001,2220.41041586,0.0,2220.41041586,1.0,-12.0,6.0049,0.0,5.9803,close_grid_long
2196,404514,TIA,0.0,-0.01435536,2220.3960604999997,0.0,2220.3960604999997,1.0,12.0,5.9814,12.0,5.9814,entry_initial_normal_long
2197,404540,TIA,0.2952000000000048,-0.0144144,2220.6768460999997,0.0,2220.6768460999997,1.0,-12.0,6.006,0.0,5.9814,close_grid_long
2198,404543,TIA,0.0,-0.01435752,2220.6624885799997,0.0,2220.6624885799997,1.0,12.0,5.9823,12.0,5.9823,entry_initial_normal_long
2199,404594,TIA,0.29519999999999413,-0.014416559999999998,2220.9432720199998,0.0,2220.9432720199998,1.0,-12.0,6.0069,0.0,5.9823,close_grid_long
2200,404649,TIA,0.0,-0.014371680000000001,2220.92890034,0.0,2220.92890034,1.0,12.0,5.9882,12.0,5.9882,entry_initial_normal_long
2201,408016,TIA,0.0,-0.0129,2220.9160003399998,0.0,2220.9160003399998,1.0,12.0,5.375,24.0,5.6815999999999995,entry_grid_normal_long
2202,408828,TIA,0.0,-0.0170578,2220.8989425399996,0.0,2220.8989425399996,1.0,17.0,5.017,41.0,5.406034146341463,entry_grid_normal_long
2203,409939,TIA,0.0,-0.02700712,2220.8719354199998,0.0,2220.8719354199998,1.0,29.0,4.6564,70.0,5.095471428571429,entry_grid_normal_long
2204,412798,TIA,0.0,-0.029591099999999995,2220.84234432,0.0,2220.84234432,1.0,35.0,4.2273,105.0,4.8060809523809525,entry_grid_cropped_long
2205,412948,TIA,0.0,-0.0491777,2220.7931666199997,0.0,2220.7931666199997,1.0,55.0,4.4707,160.0,4.69079375,entry_trailing_normal_long
2206,416753,TIA,0.0,-0.07377888,2220.7193877399995,0.0,2220.7193877399995,1.0,84.0,4.3916,244.0,4.587792622950819,entry_trailing_normal_long
2207,419178,TIA,0.0,-0.10518402000000002,2220.6142037199998,0.0,2220.6142037199998,1.0,129.0,4.0769,373.0,4.4111032171581765,entry_trailing_normal_long
2208,419922,TIA,0.0,-0.16849410000000004,2220.44570962,0.0,2220.44570962,1.0,197.0,4.2765,570.0,4.364582456140351,entry_trailing_normal_long
2209,422679,TIA,0.0,-0.2519069,2220.19380272,0.0,2220.19380272,1.0,301.0,4.1845,871.0,4.3023495981630315,entry_trailing_normal_long
2210,423339,TIA,0.0,-0.13893084,2220.05487188,0.0,2220.05487188,1.0,177.0,3.9246,1048.0,4.238550286259542,entry_trailing_cropped_long
2211,423780,TIA,-3.263153148854966,-0.00867218,2216.783046551145,0.0,2216.783046551145,1.0,-11.0,3.9419,1037.0,4.238550286259542,close_unstuck_long
2212,423781,TIA,-3.242253148854966,-0.00867636,2213.5321170422903,0.0,2213.5321170422903,1.0,-11.0,3.9438,1026.0,4.238550286259542,close_unstuck_long
2213,423782,TIA,-3.207053148854965,-0.0086834,2210.316380493435,0.0,2210.316380493435,1.0,-11.0,3.947,1015.0,4.238550286259542,close_unstuck_long
2214,423783,TIA,-3.274153148854965,-0.00866998,2207.0335573645802,0.0,2207.0335573645802,1.0,-11.0,3.9409,1004.0,4.238550286259542,close_unstuck_long
2215,423784,TIA,-3.321453148854967,-0.00866052,2203.703443695725,0.0,2203.703443695725,1.0,-11.0,3.9366,993.0,4.238550286259542,close_unstuck_long
2216,423785,TIA,-3.303853148854964,-0.00866404,2200.39092650687,0.0,2200.39092650687,1.0,-11.0,3.9382,982.0,4.238550286259542,close_unstuck_long
2217,423786,TIA,-3.3225531488549644,-0.008660300000000001,2197.059713058015,0.0,2197.059713058015,1.0,-11.0,3.9365,971.0,4.238550286259542,close_unstuck_long
2218,423787,TIA,-3.315953148854965,-0.008661620000000002,2193.73509828916,0.0,2193.73509828916,1.0,-11.0,3.9371,960.0,4.238550286259542,close_unstuck_long
2219,423788,TIA,-3.3291531488549637,-0.00865898,2190.3972861603047,0.0,2190.3972861603047,1.0,-11.0,3.9359,949.0,4.238550286259542,close_unstuck_long
2220,423789,TIA,-3.312653148854968,-0.00866228,2187.0759707314496,0.0,2187.0759707314496,1.0,-11.0,3.9374,938.0,4.238550286259542,close_unstuck_long
2221,423790,TIA,-3.2873531488549634,-0.00866734,2183.7799502425946,0.0,2183.7799502425946,1.0,-11.0,3.9397,927.0,4.238550286259542,close_unstuck_long
2222,423791,TIA,-3.254353148854967,-0.008673940000000002,2180.5169231537398,0.0,2180.5169231537398,1.0,-11.0,3.9427,916.0,4.238550286259542,close_unstuck_long
2223,423792,TIA,-3.275253148854967,-0.00866976,2177.233000244885,0.0,2177.233000244885,1.0,-11.0,3.9408,905.0,4.238550286259542,close_unstuck_long
2224,423793,TIA,-3.3115531488549657,-0.0086625,2173.9127845960297,0.0,2173.9127845960297,1.0,-11.0,3.9375,894.0,4.238550286259542,close_unstuck_long
2225,423794,TIA,-3.2763531488549646,-0.008669540000000002,2170.6277619071748,0.0,2170.6277619071748,1.0,-11.0,3.9407,883.0,4.238550286259542,close_unstuck_long
2226,426253,TIA,0.0,-0.1198806,2170.5078813071746,0.0,2170.5078813071746,1.0,146.0,4.1055,1029.0,4.219672403077916,entry_trailing_cropped_long
2227,426254,TIA,-0.2445448061558313,-0.0016389600000000003,2170.2616975410187,0.0,2170.2616975410187,1.0,-2.0,4.0974,1027.0,4.219672403077916,close_unstuck_long
2228,427263,TIA,0.0,-0.0017094000000000002,2170.2599881410188,0.0,2170.2599881410188,1.0,2.0,4.2735,1029.0,4.219777024257551,entry_trailing_cropped_long
2229,433470,TIA,29.818693628200435,-0.12327354000000001,2199.9554082292193,0.0,2199.9554082292193,1.0,-139.0,4.4343,890.0,4.219777024257551,close_trailing_long
2230,434100,TIA,0.0,-0.12908936,2199.8263188692194,0.0,2199.8263188692194,1.0,142.0,4.5454,1032.0,4.2645817360360665,entry_trailing_cropped_long
2231,434101,TIA,2.521064375675399,-0.00818046,2202.339202784895,0.0,2202.339202784895,1.0,-9.0,4.5447,1023.0,4.2645817360360665,close_unstuck_long
2232,434102,TIA,2.6290643756754033,-0.00820206,2204.9600651005703,0.0,2204.9600651005703,1.0,-9.0,4.5567,1014.0,4.2645817360360665,close_unstuck_long
2233,434103,TIA,2.5453643756753985,-0.00818532,2207.497244156246,0.0,2207.497244156246,1.0,-9.0,4.5474,1005.0,4.2645817360360665,close_unstuck_long
2234,434104,TIA,2.4544643756754025,-0.008167140000000002,2209.9435413919214,0.0,2209.9435413919214,1.0,-9.0,4.5373,996.0,4.2645817360360665,close_unstuck_long
2235,434105,TIA,2.3212643756754012,-0.0081405,2212.256665267597,0.0,2212.256665267597,1.0,-9.0,4.5225,987.0,4.2645817360360665,close_unstuck_long
2236,434106,TIA,2.305964375675405,-0.008137440000000001,2214.5544922032723,0.0,2214.5544922032723,1.0,-9.0,4.5208,978.0,4.2645817360360665,close_unstuck_long
2237,434107,TIA,2.2654643756754034,-0.00812934,2216.811827238948,0.0,2216.811827238948,1.0,-9.0,4.5163,969.0,4.2645817360360665,close_unstuck_long
2238,434108,TIA,2.3320643756754,-0.00814266,2219.1357489546235,0.0,2219.1357489546235,1.0,-9.0,4.5237,960.0,4.2645817360360665,close_unstuck_long
2239,434109,TIA,2.2843643756753993,-0.00813312,2221.411980210299,0.0,2221.411980210299,1.0,-9.0,4.5184,951.0,4.2645817360360665,close_unstuck_long
2240,434111,TIA,2.2285643756754014,-0.008121960000000001,2223.6324226259744,0.0,2223.6324226259744,1.0,-9.0,4.5122,942.0,4.2645817360360665,close_unstuck_long
2241,434112,TIA,2.3554643756754015,-0.00814734,2225.97973966165,0.0,2225.97973966165,1.0,-9.0,4.5263,933.0,4.2645817360360665,close_unstuck_long
2242,434113,TIA,2.4535643756754046,-0.008166960000000001,2228.4251370773254,0.0,2228.4251370773254,1.0,-9.0,4.5372,924.0,4.2645817360360665,close_unstuck_long
2243,434114,TIA,2.450864375675403,-0.00816642,2230.867835033001,0.0,2230.867835033001,1.0,-9.0,4.5369,915.0,4.2645817360360665,close_unstuck_long
2244,434115,TIA,2.422064375675398,-0.008160659999999998,2233.2817387486766,0.0,2233.2817387486766,1.0,-9.0,4.5337,906.0,4.2645817360360665,close_unstuck_long
2245,434917,TIA,0.0,-0.12103554,2233.1607032086768,0.0,2233.1607032086768,1.0,129.0,4.6913,1035.0,4.317766910964904,entry_trailing_cropped_long
2246,434918,TIA,3.5354978013158656,-0.008479080000000002,2236.6877219299927,0.0,2236.6877219299927,1.0,-9.0,4.7106,1026.0,4.317766910964904,close_unstuck_long
2247,434919,TIA,3.5156978013158637,-0.008475120000000001,2240.1949446113085,0.0,2240.1949446113085,1.0,-9.0,4.7084,1017.0,4.317766910964904,close_unstuck_long
2248,434920,TIA,3.5021978013158632,-0.00847242,2243.6886699926245,0.0,2243.6886699926245,1.0,-9.0,4.7069,1008.0,4.317766910964904,close_unstuck_long
2249,434921,TIA,3.2978978013158597,-0.00843156,2246.9781362339404,0.0,2246.9781362339404,1.0,-9.0,4.6842,999.0,4.317766910964904,close_unstuck_long
2250,434922,TIA,3.4562978013158663,-0.00846324,2250.4259707952565,0.0,2250.4259707952565,1.0,-9.0,4.7018,990.0,4.317766910964904,close_unstuck_long
2251,434923,TIA,3.387897801315866,-0.008449560000000002,2253.8054190365724,0.0,2253.8054190365724,1.0,-9.0,4.6942,981.0,4.317766910964904,close_unstuck_long
2252,434925,TIA,3.3023978013158652,-0.008432460000000001,2257.0993843778883,0.0,2257.0993843778883,1.0,-9.0,4.6847,972.0,4.317766910964904,close_unstuck_long
2253,434926,TIA,3.331197801315862,-0.00843822,2260.4221439592043,0.0,2260.4221439592043,1.0,-9.0,4.6879,963.0,4.317766910964904,close_unstuck_long
2254,434927,TIA,3.2726978013158625,-0.00842652,2263.68641524052,0.0,2263.68641524052,1.0,-9.0,4.6814,954.0,4.317766910964904,close_unstuck_long
2255,434928,TIA,3.278097801315866,-0.008427600000000002,2266.956085441836,0.0,2266.956085441836,1.0,-9.0,4.682,945.0,4.317766910964904,close_unstuck_long
2256,434929,TIA,3.440097801315864,-0.00846,2270.387723243152,0.0,2270.387723243152,1.0,-9.0,4.7,936.0,4.317766910964904,close_unstuck_long
2257,434930,TIA,3.4337978013158628,-0.008458740000000001,2273.8130623044676,0.0,2273.8130623044676,1.0,-9.0,4.6993,927.0,4.317766910964904,close_unstuck_long
2258,434931,TIA,3.431997801315859,-0.00845838,2277.2366017257837,0.0,2277.2366017257837,1.0,-9.0,4.6991,918.0,4.317766910964904,close_unstuck_long
2259,434933,TIA,3.36989780131586,-0.00844596,2280.5980535670997,0.0,2280.5980535670997,1.0,-9.0,4.6922,909.0,4.317766910964904,close_unstuck_long
2260,434974,TIA,0.0,-0.12678894000000002,2280.4712646270996,0.0,2280.4712646270996,1.0,129.0,4.9143,1038.0,4.391902526076202,entry_trailing_cropped_long
2261,434975,TIA,4.6412772653141845,-0.008833680000000002,2285.103708212414,0.0,2285.103708212414,1.0,-9.0,4.9076,1029.0,4.391902526076202,close_unstuck_long
2262,434976,TIA,4.634077265314177,-0.00883224,2289.728953237728,0.0,2289.728953237728,1.0,-9.0,4.9068,1020.0,4.391902526076202,close_unstuck_long
2263,434977,TIA,4.517977265314184,-0.00880902,2294.238121483042,0.0,2294.238121483042,1.0,-9.0,4.8939,1011.0,4.391902526076202,close_unstuck_long
2264,434978,TIA,4.53687726531418,-0.0088128,2298.7661859483565,0.0,2298.7661859483565,1.0,-9.0,4.896,1002.0,4.391902526076202,close_unstuck_long
2265,434979,TIA,4.565677265314185,-0.008818560000000001,2303.3230446536704,0.0,2303.3230446536704,1.0,-9.0,4.8992,993.0,4.391902526076202,close_unstuck_long
2266,434980,TIA,4.685377265314178,-0.0088425,2307.9995794189845,0.0,2307.9995794189845,1.0,-9.0,4.9125,984.0,4.391902526076202,close_unstuck_long
2267,434981,TIA,4.268677265314182,-0.00875916,2312.2594975242987,0.0,2312.2594975242987,1.0,-9.0,4.8662,975.0,4.391902526076202,close_unstuck_long
2268,434982,TIA,4.2695772653141795,-0.008759340000000001,2316.520315449613,0.0,2316.520315449613,1.0,-9.0,4.8663,966.0,4.391902526076202,close_unstuck_long
2269,434983,TIA,4.284877265314184,-0.008762400000000002,2320.796430314927,0.0,2320.796430314927,1.0,-9.0,4.868,957.0,4.391902526076202,close_unstuck_long
2270,434984,TIA,4.403677265314179,-0.00878616,2325.1913214202414,0.0,2325.1913214202414,1.0,-9.0,4.8812,948.0,4.391902526076202,close_unstuck_long
2271,434985,TIA,4.3784772653141815,-0.00878112,2329.5610175655556,0.0,2329.5610175655556,1.0,-9.0,4.8784,939.0,4.391902526076202,close_unstuck_long
2272,434986,TIA,4.525177265314183,-0.00881046,2334.07738437087,0.0,2334.07738437087,1.0,-9.0,4.8947,930.0,4.391902526076202,close_unstuck_long
2273,434988,TIA,4.410877265314178,-0.0087876,2338.479474036184,0.0,2338.479474036184,1.0,-9.0,4.882,921.0,4.391902526076202,close_unstuck_long
2274,435310,TIA,60.22043624502693,-0.13853088,2398.561379401211,0.0,2398.561379401211,1.0,-144.0,4.8101,777.0,4.391902526076202,close_trailing_long
2275,435807,TIA,0.0,-0.2772216,2398.284157801211,0.0,2398.284157801211,1.0,277.0,5.004,1054.0,4.55276685271462,entry_trailing_cropped_long
2276,435808,TIA,4.007998325568421,-0.00899658,2402.2831595467796,0.0,2402.2831595467796,1.0,-9.0,4.9981,1045.0,4.55276685271462,close_unstuck_long
2277,435809,TIA,4.2473983255684225,-0.00904446,2406.521513412348,0.0,2406.521513412348,1.0,-9.0,5.0247,1036.0,4.55276685271462,close_unstuck_long
2278,435812,TIA,4.386898325568417,-0.00907236,2410.8993393779165,0.0,2410.8993393779165,1.0,-9.0,5.0402,1027.0,4.55276685271462,close_unstuck_long
2279,435813,TIA,4.259098325568419,-0.009046799999999999,2415.149390903485,0.0,2415.149390903485,1.0,-9.0,5.026,1018.0,4.55276685271462,close_unstuck_long
2280,435814,TIA,4.2653983255684205,-0.00904806,2419.4057411690533,0.0,2419.4057411690533,1.0,-9.0,5.0267,1009.0,4.55276685271462,close_unstuck_long
2281,435815,TIA,4.1474983255684235,-0.00902448,2423.544215014622,0.0,2423.544215014622,1.0,-9.0,5.0136,1000.0,4.55276685271462,close_unstuck_long
2282,435816,TIA,4.617298325568424,-0.009118440000000002,2428.1523949001903,0.0,2428.1523949001903,1.0,-9.0,5.0658,991.0,4.55276685271462,close_unstuck_long
2283,435817,TIA,4.7189983255684185,-0.00913878,2432.862254445759,0.0,2432.862254445759,1.0,-9.0,5.0771,982.0,4.55276685271462,close_unstuck_long
2284,435818,TIA,4.63259832556842,-0.009121500000000001,2437.4857312713275,0.0,2437.4857312713275,1.0,-9.0,5.0675,973.0,4.55276685271462,close_unstuck_long
2285,435819,TIA,4.651498325568424,-0.009125280000000001,2442.128104316896,0.0,2442.128104316896,1.0,-9.0,5.0696,964.0,4.55276685271462,close_unstuck_long
2286,435820,TIA,4.477798325568421,-0.009090540000000001,2446.5968121024644,0.0,2446.5968121024644,1.0,-9.0,5.0503,955.0,4.55276685271462,close_unstuck_long
2287,435821,TIA,4.499398325568419,-0.00909486,2451.087115568033,0.0,2451.087115568033,1.0,-9.0,5.0527,946.0,4.55276685271462,close_unstuck_long
2288,435823,TIA,4.493098325568417,-0.0090936,2455.5711202936013,0.0,2455.5711202936013,1.0,-9.0,5.052,937.0,4.55276685271462,close_unstuck_long
2289,436005,TIA,53.58683950366555,-0.14365816000000003,2509.0143016372667,0.0,2509.0143016372667,1.0,-146.0,4.9198,791.0,4.55276685271462,close_trailing_long
2290,436145,TIA,49.130238945521675,-0.14549850000000003,2557.9990420827885,0.0,2557.9990420827885,1.0,-149.0,4.8825,642.0,4.55276685271462,close_trailing_long
2291,437923,TIA,0.0,-0.31994820000000007,2557.6790938827885,0.0,2557.6790938827885,1.0,339.0,4.719,981.0,4.610211334804063,entry_trailing_normal_long
2292,437925,TIA,0.9938866519593681,-0.0094192,2558.663561334748,0.0,2558.663561334748,1.0,-10.0,4.7096,971.0,4.610211334804063,close_unstuck_long
2293,437926,TIA,0.9668866519593688,-0.009413800000000002,2559.621034186707,0.0,2559.621034186707,1.0,-10.0,4.7069,961.0,4.610211334804063,close_unstuck_long
2294,438052,TIA,0.0,-0.13789078,2559.4831434067073,0.0,2559.4831434067073,1.0,139.0,4.9601,1100.0,4.65442453886064,entry_trailing_cropped_long
2295,438053,TIA,3.056754611393595,-0.0099202,2562.529977818101,0.0,2562.529977818101,1.0,-10.0,4.9601,1090.0,4.65442453886064,close_unstuck_long
2296,438055,TIA,3.004754611393601,-0.009909800000000002,2565.524822629495,0.0,2565.524822629495,1.0,-10.0,4.9549,1080.0,4.65442453886064,close_unstuck_long
2297,438056,TIA,2.8417546113935988,-0.009877200000000001,2568.3567000408884,0.0,2568.3567000408884,1.0,-10.0,4.9386,1070.0,4.65442453886064,close_unstuck_long
2298,438057,TIA,2.8037546113935985,-0.009869600000000001,2571.150585052282,0.0,2571.150585052282,1.0,-10.0,4.9348,1060.0,4.65442453886064,close_unstuck_long
2299,438058,TIA,2.9637546113935986,-0.009901600000000002,2574.104438063676,0.0,2574.104438063676,1.0,-10.0,4.9508,1050.0,4.65442453886064,close_unstuck_long
2300,438059,TIA,3.0007546113936012,-0.009909000000000001,2577.0952836750694,0.0,2577.0952836750694,1.0,-10.0,4.9545,1040.0,4.65442453886064,close_unstuck_long
2301,438060,TIA,3.029754611393596,-0.0099148,2580.115123486463,0.0,2580.115123486463,1.0,-10.0,4.9574,1030.0,4.65442453886064,close_unstuck_long
2302,438062,TIA,3.1027546113935944,-0.0099294,2583.2079486978564,0.0,2583.2079486978564,1.0,-10.0,4.9647,1020.0,4.65442453886064,close_unstuck_long
2303,438063,TIA,2.9997546113935947,-0.0099088,2586.19779450925,0.0,2586.19779450925,1.0,-10.0,4.9544,1010.0,4.65442453886064,close_unstuck_long
2304,438064,TIA,3.0657546113936007,-0.009922,2589.2536271206436,0.0,2589.2536271206436,1.0,-10.0,4.961,1000.0,4.65442453886064,close_unstuck_long
2305,438065,TIA,3.255754611393602,-0.009960000000000002,2592.4994217320373,0.0,2592.4994217320373,1.0,-10.0,4.98,990.0,4.65442453886064,close_unstuck_long
2306,438066,TIA,3.2437546113935944,-0.0099576,2595.733218743431,0.0,2595.733218743431,1.0,-10.0,4.9788,980.0,4.65442453886064,close_unstuck_long
2307,438067,TIA,3.095754611393602,-0.009928000000000001,2598.8190453548245,0.0,2598.8190453548245,1.0,-10.0,4.964,970.0,4.65442453886064,close_unstuck_long
2308,438182,TIA,37.06679463204328,-0.14797697999999998,2635.737863006868,0.0,2635.737863006868,1.0,-151.0,4.8999,819.0,4.65442453886064,close_trailing_long
2309,438414,TIA,0.0,-0.29153736,2635.446325646868,0.0,2635.446325646868,1.0,284.0,5.1327,1103.0,4.777570713804954,entry_trailing_cropped_long
2310,438415,TIA,3.5752928619504676,-0.010270200000000002,2639.0113483088185,0.0,2639.0113483088185,1.0,-10.0,5.1351,1093.0,4.777570713804954,close_unstuck_long
2311,438416,TIA,3.5222928619504668,-0.0102596,2642.523381570769,0.0,2642.523381570769,1.0,-10.0,5.1298,1083.0,4.777570713804954,close_unstuck_long
2312,438417,TIA,3.3052928619504662,-0.010216200000000002,2645.8184582327194,0.0,2645.8184582327194,1.0,-10.0,5.1081,1073.0,4.777570713804954,close_unstuck_long
2313,438418,TIA,3.4652928619504664,-0.0102482,2649.27350289467,0.0,2649.27350289467,1.0,-10.0,5.1241,1063.0,4.777570713804954,close_unstuck_long
2314,438419,TIA,3.5202928619504625,-0.0102592,2652.78353655662,0.0,2652.78353655662,1.0,-10.0,5.1296,1053.0,4.777570713804954,close_unstuck_long
2315,438420,TIA,3.5512928619504613,-0.010265400000000001,2656.3245640185705,0.0,2656.3245640185705,1.0,-10.0,5.1327,1043.0,4.777570713804954,close_unstuck_long
2316,438421,TIA,3.615292861950463,-0.0102782,2659.929578680521,0.0,2659.929578680521,1.0,-10.0,5.1391,1033.0,4.777570713804954,close_unstuck_long
2317,438422,TIA,3.6142928619504655,-0.010278,2663.5335935424714,0.0,2663.5335935424714,1.0,-10.0,5.139,1023.0,4.777570713804954,close_unstuck_long
2318,438423,TIA,3.3882928619504593,-0.0102328,2666.9116536044216,0.0,2666.9116536044216,1.0,-10.0,5.1164,1013.0,4.777570713804954,close_unstuck_long
2319,438424,TIA,3.4072928619504594,-0.010236599999999998,2670.3087098663723,0.0,2670.3087098663723,1.0,-10.0,5.1183,1003.0,4.777570713804954,close_unstuck_long
2320,438425,TIA,3.5152928619504653,-0.010258200000000002,2673.813744528323,0.0,2673.813744528323,1.0,-10.0,5.1291,993.0,4.777570713804954,close_unstuck_long
2321,438426,TIA,3.386292861950464,-0.010232400000000001,2677.1898049902734,0.0,2677.1898049902734,1.0,-10.0,5.1162,983.0,4.777570713804954,close_unstuck_long
2322,438427,TIA,2.8432928619504594,-0.0101238,2680.022974052224,0.0,2680.022974052224,1.0,-10.0,5.0619,973.0,4.777570713804954,close_unstuck_long
2323,438531,TIA,0.0,-0.14234304,2679.880631012224,0.0,2679.880631012224,1.0,136.0,5.2332,1109.0,4.833445901291452,entry_trailing_cropped_long
2324,438532,TIA,3.7425409870854764,-0.0104154,2683.6127565993097,0.0,2683.6127565993097,1.0,-10.0,5.2077,1099.0,4.833445901291452,close_unstuck_long
2325,438533,TIA,3.7925409870854754,-0.0104254,2687.3948721863953,0.0,2687.3948721863953,1.0,-10.0,5.2127,1089.0,4.833445901291452,close_unstuck_long
2326,438535,TIA,3.8815409870854722,-0.0104432,2691.265969973481,0.0,2691.265969973481,1.0,-10.0,5.2216,1079.0,4.833445901291452,close_unstuck_long
2327,438536,TIA,3.857540987085475,-0.0104384,2695.1130725605663,0.0,2695.1130725605663,1.0,-10.0,5.2192,1069.0,4.833445901291452,close_unstuck_long
2328,438537,TIA,3.7835409870854786,-0.010423600000000002,2698.886189947652,0.0,2698.886189947652,1.0,-10.0,5.2118,1059.0,4.833445901291452,close_unstuck_long
2329,438538,TIA,3.8785409870854792,-0.010442600000000002,2702.7542883347373,0.0,2702.7542883347373,1.0,-10.0,5.2213,1049.0,4.833445901291452,close_unstuck_long
2330,438539,TIA,3.8115409870854755,-0.010429200000000001,2706.555400121823,0.0,2706.555400121823,1.0,-10.0,5.2146,1039.0,4.833445901291452,close_unstuck_long
2331,438540,TIA,3.71054098708548,-0.010409000000000002,2710.2555321089085,0.0,2710.2555321089085,1.0,-10.0,5.2045,1029.0,4.833445901291452,close_unstuck_long
2332,438541,TIA,3.63054098708548,-0.010393000000000001,2713.875680095994,0.0,2713.875680095994,1.0,-10.0,5.1965,1019.0,4.833445901291452,close_unstuck_long
2333,438542,TIA,3.857540987085475,-0.0104384,2717.7227826830795,0.0,2717.7227826830795,1.0,-10.0,5.2192,1009.0,4.833445901291452,close_unstuck_long
2334,438543,TIA,3.7445409870854807,-0.010415800000000003,2721.4569078701647,0.0,2721.4569078701647,1.0,-10.0,5.2079,999.0,4.833445901291452,close_unstuck_long
2335,438544,TIA,3.939540987085479,-0.0104548,2725.38599405725,0.0,2725.38599405725,1.0,-10.0,5.2274,989.0,4.833445901291452,close_unstuck_long
2336,438545,TIA,3.8755409870854773,-0.010442,2729.2510930443354,0.0,2729.2510930443354,1.0,-10.0,5.221,979.0,4.833445901291452,close_unstuck_long
2337,438949,TIA,44.66897710240778,-0.15683724000000002,2773.7632329067433,0.0,2773.7632329067433,1.0,-153.0,5.1254,826.0,4.833445901291452,close_trailing_long
2338,439644,TIA,0.0,-0.31092932,2773.4523035867433,0.0,2773.4523035867433,1.0,289.0,5.3794,1115.0,4.974953286517255,entry_trailing_cropped_long
2339,439645,TIA,4.061467134827446,-0.010762200000000001,2777.503008521571,0.0,2777.503008521571,1.0,-10.0,5.3811,1105.0,4.974953286517255,close_unstuck_long
2340,439646,TIA,4.118467134827446,-0.010773600000000001,2781.610702056398,0.0,2781.610702056398,1.0,-10.0,5.3868,1095.0,4.974953286517255,close_unstuck_long
2341,439647,TIA,4.132467134827449,-0.010776400000000002,2785.7323927912257,0.0,2785.7323927912257,1.0,-10.0,5.3882,1085.0,4.974953286517255,close_unstuck_long
2342,439648,TIA,4.104467134827443,-0.0107708,2789.8260891260534,0.0,2789.8260891260534,1.0,-10.0,5.3854,1075.0,4.974953286517255,close_unstuck_long
2343,439649,TIA,4.213467134827447,-0.010792600000000001,2794.028763660881,0.0,2794.028763660881,1.0,-10.0,5.3963,1065.0,4.974953286517255,close_unstuck_long
2344,439650,TIA,4.333467134827442,-0.0108166,2798.3514141957085,0.0,2798.3514141957085,1.0,-10.0,5.4083,1055.0,4.974953286517255,close_unstuck_long
2345,439651,TIA,4.34546713482745,-0.010819000000000002,2802.686062330536,0.0,2802.686062330536,1.0,-10.0,5.4095,1045.0,4.974953286517255,close_unstuck_long
2346,439652,TIA,4.522467134827446,-0.0108544,2807.1976750653635,0.0,2807.1976750653635,1.0,-10.0,5.4272,1035.0,4.974953286517255,close_unstuck_long
2347,439653,TIA,4.557467134827444,-0.0108614,2811.744280800191,0.0,2811.744280800191,1.0,-10.0,5.4307,1025.0,4.974953286517255,close_unstuck_long
2348,439654,TIA,4.660467134827444,-0.010882,2816.3938659350183,0.0,2816.3938659350183,1.0,-10.0,5.441,1015.0,4.974953286517255,close_unstuck_long
2349,439655,TIA,4.625467134827446,-0.010875000000000001,2821.008458069846,0.0,2821.008458069846,1.0,-10.0,5.4375,1005.0,4.974953286517255,close_unstuck_long
2350,439656,TIA,4.611467134827443,-0.0108722,2825.609053004673,0.0,2825.609053004673,1.0,-10.0,5.4361,995.0,4.974953286517255,close_unstuck_long
2351,439657,TIA,4.591467134827445,-0.010868200000000001,2830.1896519395004,0.0,2830.1896519395004,1.0,-10.0,5.4341,985.0,4.974953286517255,close_unstuck_long
2352,439714,TIA,43.94339387634266,-0.16201724,2873.9710285758433,0.0,2873.9710285758433,1.0,-154.0,5.2603,831.0,4.974953286517255,close_trailing_long
2353,440281,TIA,0.0,-0.3222752,2873.648753375843,0.0,2873.648753375843,1.0,305.0,5.2832,1136.0,5.0577131875843655,entry_trailing_cropped_long
2354,440282,TIA,2.1488681241563423,-0.010545200000000001,2875.7870762999996,0.0,2875.7870762999996,1.0,-10.0,5.2726,1126.0,5.0577131875843655,close_unstuck_long
2355,440283,TIA,2.486868124156345,-0.0106128,2878.263331624156,0.0,2878.263331624156,1.0,-10.0,5.3064,1116.0,5.0577131875843655,close_unstuck_long
2356,440284,TIA,1.9938681241563483,-0.010514200000000001,2880.246685548312,0.0,2880.246685548312,1.0,-10.0,5.2571,1106.0,5.0577131875843655,close_unstuck_long
2357,440285,TIA,1.82145493657198,-0.01149126,2882.056649224884,0.0,2882.056649224884,1.0,-11.0,5.2233,1095.0,5.0577131875843655,close_unstuck_long
2358,440286,TIA,1.8718681241563484,-0.010489800000000002,2883.9180275490403,0.0,2883.9180275490403,1.0,-10.0,5.2449,1085.0,5.0577131875843655,close_unstuck_long
2359,440288,TIA,1.648754936571982,-0.01145672,2885.5553257656125,0.0,2885.5553257656125,1.0,-11.0,5.2076,1074.0,5.0577131875843655,close_unstuck_long
2360,440289,TIA,1.4221549365719826,-0.0114114,2886.966069302184,0.0,2886.966069302184,1.0,-11.0,5.187,1063.0,5.0577131875843655,close_unstuck_long
2361,440290,TIA,1.581654936571982,-0.011443300000000002,2888.536280938756,0.0,2888.536280938756,1.0,-11.0,5.2015,1052.0,5.0577131875843655,close_unstuck_long
2362,440291,TIA,1.742254936571979,-0.01147542,2890.267060455328,0.0,2890.267060455328,1.0,-11.0,5.2161,1041.0,5.0577131875843655,close_unstuck_long
2363,440292,TIA,1.7631549365719792,-0.0114796,2892.0187357919003,0.0,2892.0187357919003,1.0,-11.0,5.218,1030.0,5.0577131875843655,close_unstuck_long
2364,440293,TIA,1.5387549365719844,-0.011434720000000002,2893.5460560084725,0.0,2893.5460560084725,1.0,-11.0,5.1976,1019.0,5.0577131875843655,close_unstuck_long
2365,440294,TIA,1.6333549365719788,-0.011453640000000001,2895.1679573050446,0.0,2895.1679573050446,1.0,-11.0,5.2062,1008.0,5.0577131875843655,close_unstuck_long
2366,440295,TIA,1.6993549365719813,-0.01146684,2896.8558454016165,0.0,2896.8558454016165,1.0,-11.0,5.2122,997.0,5.0577131875843655,close_unstuck_long
2367,440296,TIA,1.7257549365719784,-0.01147212,2898.5701282181885,0.0,2898.5701282181885,1.0,-11.0,5.2146,986.0,5.0577131875843655,close_unstuck_long
2368,440346,TIA,34.28395592442337,-0.1636459,2932.690438242612,0.0,2932.690438242612,1.0,-155.0,5.2789,831.0,5.0577131875843655,close_trailing_long
2369,440643,TIA,0.0,-0.33245676,2932.357981482612,0.0,2932.357981482612,1.0,306.0,5.4323,1137.0,5.158525469553744,entry_trailing_cropped_long
2370,440644,TIA,2.671745304462556,-0.0108514,2935.018875387075,0.0,2935.018875387075,1.0,-10.0,5.4257,1127.0,5.158525469553744,close_unstuck_long
2371,440645,TIA,2.746745304462559,-0.0108664,2937.754754291537,0.0,2937.754754291537,1.0,-10.0,5.4332,1117.0,5.158525469553744,close_unstuck_long
2372,440646,TIA,2.680745304462553,-0.0108532,2940.424646396,0.0,2940.424646396,1.0,-10.0,5.4266,1107.0,5.158525469553744,close_unstuck_long
2373,440648,TIA,2.364745304462552,-0.01079,2942.7786017004623,0.0,2942.7786017004623,1.0,-10.0,5.395,1097.0,5.158525469553744,close_unstuck_long
2374,440649,TIA,2.2747453044625576,-0.010772,2945.042575004925,0.0,2945.042575004925,1.0,-10.0,5.386,1087.0,5.158525469553744,close_unstuck_long
2375,440650,TIA,2.3367453044625552,-0.0107844,2947.3685359093874,0.0,2947.3685359093874,1.0,-10.0,5.3922,1077.0,5.158525469553744,close_unstuck_long
2376,440651,TIA,2.5547453044625534,-0.010828,2949.91245321385,0.0,2949.91245321385,1.0,-10.0,5.414,1067.0,5.158525469553744,close_unstuck_long
2377,440652,TIA,2.5457453044625566,-0.010826200000000001,2952.4473723183123,0.0,2952.4473723183123,1.0,-10.0,5.4131,1057.0,5.158525469553744,close_unstuck_long
2378,440653,TIA,2.4217453044625525,-0.010801400000000001,2954.8583162227746,0.0,2954.8583162227746,1.0,-10.0,5.4007,1047.0,5.158525469553744,close_unstuck_long
2379,440654,TIA,2.49474530446256,-0.010816000000000001,2957.342245527237,0.0,2957.342245527237,1.0,-10.0,5.408,1037.0,5.158525469553744,close_unstuck_long
2380,440655,TIA,2.3557453044625554,-0.010788200000000001,2959.6872026316996,0.0,2959.6872026316996,1.0,-10.0,5.3941,1027.0,5.158525469553744,close_unstuck_long
2381,440656,TIA,2.381219834908812,-0.011825,2962.0565974666083,0.0,2962.0565974666083,1.0,-11.0,5.375,1016.0,5.158525469553744,close_unstuck_long
2382,440657,TIA,2.190919834908816,-0.011786940000000003,2964.235730361517,0.0,2964.235730361517,1.0,-11.0,5.3577,1005.0,5.158525469553744,close_unstuck_long
2383,440659,TIA,1.8697198349088122,-0.0117227,2966.093727496426,0.0,2966.093727496426,1.0,-11.0,5.3285,994.0,5.158525469553744,close_unstuck_long
2384,440679,TIA,0.0,-0.1612656,2965.9324618964256,0.0,2965.9324618964256,1.0,144.0,5.5995,1138.0,5.214325410137453,entry_trailing_cropped_long
2385,440680,TIA,3.6587458986254617,-0.0111604,2969.580047395051,0.0,2969.580047395051,1.0,-10.0,5.5802,1128.0,5.214325410137453,close_unstuck_long
2386,440681,TIA,3.6727458986254646,-0.011163200000000002,2973.2416300936766,0.0,2973.2416300936766,1.0,-10.0,5.5816,1118.0,5.214325410137453,close_unstuck_long
2387,440682,TIA,3.751745898625467,-0.011179000000000001,2976.982196992302,0.0,2976.982196992302,1.0,-10.0,5.5895,1108.0,5.214325410137453,close_unstuck_long
2388,440683,TIA,3.9907458986254696,-0.0112268,2980.9617160909274,0.0,2980.9617160909274,1.0,-10.0,5.6134,1098.0,5.214325410137453,close_unstuck_long
2389,440684,TIA,3.958745898625464,-0.0112204,2984.909241589553,0.0,2984.909241589553,1.0,-10.0,5.6102,1088.0,5.214325410137453,close_unstuck_long
2390,440685,TIA,4.050745898625463,-0.0112388,2988.9487486881785,0.0,2988.9487486881785,1.0,-10.0,5.6194,1078.0,5.214325410137453,close_unstuck_long
2391,440686,TIA,4.426745898625466,-0.011314000000000001,2993.364180586804,0.0,2993.364180586804,1.0,-10.0,5.657,1068.0,5.214325410137453,close_unstuck_long
2392,440687,TIA,4.277745898625467,-0.011284200000000001,2997.6306422854295,0.0,2997.6306422854295,1.0,-10.0,5.6421,1058.0,5.214325410137453,close_unstuck_long
2393,440688,TIA,4.266745898625466,-0.011282,3001.886106184055,0.0,3001.886106184055,1.0,-10.0,5.641,1048.0,5.214325410137453,close_unstuck_long
2394,440689,TIA,4.537745898625465,-0.0113362,3006.4125158826805,0.0,3006.4125158826805,1.0,-10.0,5.6681,1038.0,5.214325410137453,close_unstuck_long
2395,440691,TIA,3.3807458986254613,-0.0111048,3009.782156981306,0.0,3009.782156981306,1.0,-10.0,5.5524,1028.0,5.214325410137453,close_unstuck_long
2396,440692,TIA,4.8567458986254675,-0.0114,3014.6275028799314,0.0,3014.6275028799314,1.0,-10.0,5.7,1018.0,5.214325410137453,close_unstuck_long
2397,440693,TIA,5.261745898625465,-0.011481000000000002,3019.877767778557,0.0,3019.877767778557,1.0,-10.0,5.7405,1008.0,5.214325410137453,close_unstuck_long
2398,440694,TIA,5.582745898625463,-0.0115452,3025.4489684771825,0.0,3025.4489684771825,1.0,-10.0,5.7726,998.0,5.214325410137453,close_unstuck_long
2399,440725,TIA,90.45941060841977,-0.1818217,3115.726557385602,0.0,3115.726557385602,1.0,-157.0,5.7905,841.0,5.214325410137453,close_trailing_long
2400,440828,TIA,0.0,-0.36928590000000006,3115.3572714856023,0.0,3115.3572714856023,1.0,309.0,5.9755,1150.0,5.418849712978782,entry_trailing_cropped_long
2401,440829,TIA,5.437502870212185,-0.011925200000000002,3120.7828491558143,0.0,3120.7828491558143,1.0,-10.0,5.9626,1140.0,5.418849712978782,close_unstuck_long
2402,440830,TIA,5.227502870212186,-0.011883200000000002,3125.9984688260265,0.0,3125.9984688260265,1.0,-10.0,5.9416,1130.0,5.418849712978782,close_unstuck_long
2403,440831,TIA,5.534502870212181,-0.0119446,3131.521027096239,0.0,3131.521027096239,1.0,-10.0,5.9723,1120.0,5.418849712978782,close_unstuck_long
2404,440832,TIA,5.631502870212186,-0.011964,3137.140565966451,0.0,3137.140565966451,1.0,-10.0,5.982,1110.0,5.418849712978782,close_unstuck_long
2405,440833,TIA,5.5615028702121805,-0.01195,3142.6901188366633,0.0,3142.6901188366633,1.0,-10.0,5.975,1100.0,5.418849712978782,close_unstuck_long
2406,440834,TIA,5.940502870212185,-0.012025800000000001,3148.6185959068753,0.0,3148.6185959068753,1.0,-10.0,6.0129,1090.0,5.418849712978782,close_unstuck_long
2407,440835,TIA,6.220502870212181,-0.0120818,3154.8270169770876,0.0,3154.8270169770876,1.0,-10.0,6.0409,1080.0,5.418849712978782,close_unstuck_long
2408,440836,TIA,6.353502870212182,-0.0121084,3161.1684114472996,0.0,3161.1684114472996,1.0,-10.0,6.0542,1070.0,5.418849712978782,close_unstuck_long
2409,440837,TIA,6.176502870212186,-0.012073,3167.332841317512,0.0,3167.332841317512,1.0,-10.0,6.0365,1060.0,5.418849712978782,close_unstuck_long
2410,440838,TIA,6.077502870212186,-0.012053200000000002,3173.398290987724,0.0,3173.398290987724,1.0,-10.0,6.0266,1050.0,5.418849712978782,close_unstuck_long
2411,440839,TIA,6.272502870212184,-0.0120922,3179.658701657936,0.0,3179.658701657936,1.0,-10.0,6.0461,1040.0,5.418849712978782,close_unstuck_long
2412,440840,TIA,6.092502870212186,-0.012056200000000001,3185.739148328148,0.0,3185.739148328148,1.0,-10.0,6.0281,1030.0,5.418849712978782,close_unstuck_long
2413,440841,TIA,6.506502870212181,-0.012138999999999999,3192.23351219836,0.0,3192.23351219836,1.0,-10.0,6.0695,1020.0,5.418849712978782,close_unstuck_long
2414,440865,TIA,90.81289563637375,-0.190482,3282.855925834734,0.0,3282.855925834734,1.0,-159.0,5.99,861.0,5.418849712978782,close_trailing_long
2415,441018,TIA,0.0,-0.37945860000000003,3282.476467234734,0.0,3282.476467234734,1.0,310.0,6.1203,1171.0,5.604545348313178,entry_trailing_cropped_long
2416,441019,TIA,5.464546516868216,-0.012302,3287.9287117516023,0.0,3287.9287117516023,1.0,-10.0,6.151,1161.0,5.604545348313178,close_unstuck_long
2417,441020,TIA,5.561546516868221,-0.0123214,3293.4779368684704,0.0,3293.4779368684704,1.0,-10.0,6.1607,1151.0,5.604545348313178,close_unstuck_long
2418,441021,TIA,5.456546516868217,-0.0123004,3298.9221829853386,0.0,3298.9221829853386,1.0,-10.0,6.1502,1141.0,5.604545348313178,close_unstuck_long
2419,441023,TIA,5.515546516868222,-0.012312200000000002,3304.425417302207,0.0,3304.425417302207,1.0,-10.0,6.1561,1131.0,5.604545348313178,close_unstuck_long
2420,441024,TIA,5.4965465168682215,-0.0123084,3309.909655419075,0.0,3309.909655419075,1.0,-10.0,6.1542,1121.0,5.604545348313178,close_unstuck_long
2421,441025,TIA,5.277546516868217,-0.0122646,3315.1749373359435,0.0,3315.1749373359435,1.0,-10.0,6.1323,1111.0,5.604545348313178,close_unstuck_long
2422,441026,TIA,5.643546516868216,-0.012337800000000001,3320.8061460528115,0.0,3320.8061460528115,1.0,-10.0,6.1689,1101.0,5.604545348313178,close_unstuck_long
2423,441027,TIA,5.368546516868218,-0.012282800000000002,3326.16240976968,0.0,3326.16240976968,1.0,-10.0,6.1414,1091.0,5.604545348313178,close_unstuck_long
2424,441028,TIA,5.425546516868218,-0.012294200000000002,3331.575662086548,0.0,3331.575662086548,1.0,-10.0,6.1471,1081.0,5.604545348313178,close_unstuck_long
2425,441029,TIA,5.4465465168682226,-0.012298400000000001,3337.0099102034164,0.0,3337.0099102034164,1.0,-10.0,6.1492,1071.0,5.604545348313178,close_unstuck_long
2426,441030,TIA,5.385546516868214,-0.0122862,3342.3831705202847,0.0,3342.3831705202847,1.0,-10.0,6.1431,1061.0,5.604545348313178,close_unstuck_long
2427,441032,TIA,5.340546516868221,-0.012277200000000002,3347.7114398371527,0.0,3347.7114398371527,1.0,-10.0,6.1386,1051.0,5.604545348313178,close_unstuck_long
2428,441033,TIA,5.602546516868214,-0.0123296,3353.3016567540208,0.0,3353.3016567540208,1.0,-10.0,6.1648,1041.0,5.604545348313178,close_unstuck_long
2429,441034,TIA,5.659546516868215,-0.012341,3358.948862270889,0.0,3358.948862270889,1.0,-10.0,6.1705,1031.0,5.604545348313178,close_unstuck_long
2430,441049,TIA,61.99005357326507,-0.19398528,3420.744930564154,0.0,3420.744930564154,1.0,-162.0,5.9872,869.0,5.604545348313178,close_trailing_long
2431,441093,TIA,0.0,-0.39409298,3420.350837584154,0.0,3420.350837584154,1.0,311.0,6.3359,1180.0,5.7973006844780945,entry_trailing_cropped_long
2432,441094,TIA,5.039993155219058,-0.012602600000000002,3425.378228139373,0.0,3425.378228139373,1.0,-10.0,6.3013,1170.0,5.7973006844780945,close_unstuck_long
2433,441095,TIA,4.759993155219053,-0.0125466,3430.125674694592,0.0,3430.125674694592,1.0,-10.0,6.2733,1160.0,5.7973006844780945,close_unstuck_long
2434,441096,TIA,4.5769931552190535,-0.01251,3434.690157849811,0.0,3434.690157849811,1.0,-10.0,6.255,1150.0,5.7973006844780945,close_unstuck_long
2435,441097,TIA,4.791993155219059,-0.012553,3439.46959800503,0.0,3439.46959800503,1.0,-10.0,6.2765,1140.0,5.7973006844780945,close_unstuck_long
2436,441098,TIA,4.934993155219054,-0.0125816,3444.3920095602493,0.0,3444.3920095602493,1.0,-10.0,6.2908,1130.0,5.7973006844780945,close_unstuck_long
2437,441099,TIA,5.314993155219057,-0.012657600000000001,3449.6943451154684,0.0,3449.6943451154684,1.0,-10.0,6.3288,1120.0,5.7973006844780945,close_unstuck_long
2438,441100,TIA,5.405993155219058,-0.012675800000000001,3455.0876624706875,0.0,3455.0876624706875,1.0,-10.0,6.3379,1110.0,5.7973006844780945,close_unstuck_long
2439,441101,TIA,5.4259931552190555,-0.012679800000000001,3460.5009758259066,0.0,3460.5009758259066,1.0,-10.0,6.3399,1100.0,5.7973006844780945,close_unstuck_long
2440,441102,TIA,5.500993155219058,-0.012694800000000001,3465.9892741811254,0.0,3465.9892741811254,1.0,-10.0,6.3474,1090.0,5.7973006844780945,close_unstuck_long
2441,441103,TIA,5.493993155219057,-0.0126934,3471.4705739363444,0.0,3471.4705739363444,1.0,-10.0,6.3467,1080.0,5.7973006844780945,close_unstuck_long
2442,441105,TIA,5.282993155219051,-0.012651200000000001,3476.7409158915634,0.0,3476.7409158915634,1.0,-10.0,6.3256,1070.0,5.7973006844780945,close_unstuck_long
2443,441106,TIA,5.672692470740957,-0.013888600000000001,3482.3997197623044,0.0,3482.3997197623044,1.0,-11.0,6.313,1059.0,5.7973006844780945,close_unstuck_long
2444,441107,TIA,5.346993155219053,-0.012664,3487.7340489175235,0.0,3487.7340489175235,1.0,-10.0,6.332,1049.0,5.7973006844780945,close_unstuck_long
2445,441108,TIA,5.7439931552190515,-0.0127434,3493.4652986727424,0.0,3493.4652986727424,1.0,-10.0,6.3717,1039.0,5.7973006844780945,close_unstuck_long
2446,441129,TIA,90.08998843007053,-0.20701,3583.348277102813,0.0,3583.348277102813,1.0,-163.0,6.35,876.0,5.7973006844780945,close_trailing_long
2447,441293,TIA,69.07108569215815,-0.20744406,3652.2119187349713,0.0,3652.2119187349713,1.0,-167.0,6.2109,709.0,5.7973006844780945,close_trailing_long
2448,441458,TIA,53.549883638723976,-0.20781820000000004,3705.5539841736954,0.0,3705.5539841736954,1.0,-170.0,6.1123,539.0,5.7973006844780945,close_trailing_long
2449,441625,TIA,182.61283106630697,-0.6614715800000001,3887.5053436600024,0.0,3887.5053436600024,1.0,-539.0,6.1361,0.0,5.7973006844780945,close_grid_long
2450,441969,TIA,0.0,-0.024931619999999998,3887.480412040002,0.0,3887.480412040002,1.0,21.0,5.9361,21.0,5.9361,entry_initial_normal_long
2451,441983,TIA,0.5123999999999995,-0.0250341,3887.967777940002,0.0,3887.967777940002,1.0,-21.0,5.9605,0.0,5.9361,close_grid_long
2452,441999,TIA,0.0,-0.02494044,3887.942837500002,0.0,3887.942837500002,1.0,21.0,5.9382,21.0,5.9382,entry_initial_normal_long
2453,442082,TIA,0.5123999999999995,-0.025042920000000003,3888.430194580002,0.0,3888.430194580002,1.0,-21.0,5.9626,0.0,5.9382,close_grid_long
2454,442085,TIA,0.0,-0.02495514,3888.405239440002,0.0,3888.405239440002,1.0,21.0,5.9417,21.0,5.9417,entry_initial_normal_long
2455,442093,TIA,0.5123999999999995,-0.025057620000000003,3888.892581820002,0.0,3888.892581820002,1.0,-21.0,5.9661,0.0,5.9417,close_grid_long
2456,442100,TIA,0.0,-0.02495808,3888.867623740002,0.0,3888.867623740002,1.0,21.0,5.9424,21.0,5.9424,entry_initial_normal_long
2457,442188,TIA,0.5123999999999995,-0.025060560000000003,3889.354963180002,0.0,3889.354963180002,1.0,-21.0,5.9668,0.0,5.9424,close_grid_long
2458,442521,TIA,0.0,-0.02519244,3889.329770740002,0.0,3889.329770740002,1.0,21.0,5.9982,21.0,5.9982,entry_initial_normal_long
2459,442539,TIA,0.5166000000000084,-0.025295760000000004,3889.821074980002,0.0,3889.821074980002,1.0,-21.0,6.0228,0.0,5.9982,close_grid_long
2460,442557,TIA,0.0,-0.025199580000000003,3889.795875400002,0.0,3889.795875400002,1.0,21.0,5.9999,21.0,5.9999,entry_initial_normal_long
2461,442560,TIA,0.5165999999999897,-0.0253029,3890.287172500002,0.0,3890.287172500002,1.0,-21.0,6.0245,0.0,5.9999,close_grid_long
2462,442582,TIA,0.0,-0.02520714,3890.261965360002,0.0,3890.261965360002,1.0,21.0,6.0017,21.0,6.0017,entry_initial_normal_long
2463,442905,TIA,0.5187000000000035,-0.02531088,3890.7553544800016,0.0,3890.7553544800016,1.0,-21.0,6.0264,0.0,6.0017,close_grid_long
2464,442908,TIA,0.0,-0.0251706,3890.7301838800017,0.0,3890.7301838800017,1.0,21.0,5.993,21.0,5.993,entry_initial_normal_long
2465,442912,TIA,0.5165999999999897,-0.02527392,3891.2215099600016,0.0,3891.2215099600016,1.0,-21.0,6.0176,0.0,5.993,close_grid_long
2466,442919,TIA,0.0,-0.025173539999999998,3891.1963364200014,0.0,3891.1963364200014,1.0,21.0,5.9937,21.0,5.9937,entry_initial_normal_long
2467,442954,TIA,0.5166000000000084,-0.02527686,3891.6876595600015,0.0,3891.6876595600015,1.0,-21.0,6.0183,0.0,5.9937,close_grid_long
2468,442960,TIA,0.0,-0.025179,3891.6624805600013,0.0,3891.6624805600013,1.0,21.0,5.995,21.0,5.995,entry_initial_normal_long
2469,443367,TIA,0.5165999999999897,-0.02528232,3892.1537982400014,0.0,3892.1537982400014,1.0,-21.0,6.0196,0.0,5.995,close_grid_long
2470,443511,TIA,0.0,-0.02509584,3892.128702400001,0.0,3892.128702400001,1.0,21.0,5.9752,21.0,5.9752,entry_initial_normal_long
2471,443517,TIA,0.5165999999999897,-0.025199159999999998,3892.6201032400013,0.0,3892.6201032400013,1.0,-21.0,5.9998,0.0,5.9752,close_grid_long
2472,443522,TIA,0.0,-0.025098780000000005,3892.5950044600013,0.0,3892.5950044600013,1.0,21.0,5.9759,21.0,5.9759,entry_initial_normal_long
2473,443523,TIA,0.5165999999999897,-0.0252021,3893.086402360001,0.0,3893.086402360001,1.0,-21.0,6.0005,0.0,5.9759,close_grid_long
2474,443535,TIA,0.0,-0.02510298,3893.061299380001,0.0,3893.061299380001,1.0,21.0,5.9769,21.0,5.9769,entry_initial_normal_long
2475,443538,TIA,0.5166000000000084,-0.0252063,3893.552693080001,0.0,3893.552693080001,1.0,-21.0,6.0015,0.0,5.9769,close_grid_long
2476,443581,TIA,0.0,-0.02512188,3893.527571200001,0.0,3893.527571200001,1.0,21.0,5.9814,21.0,5.9814,entry_initial_normal_long
2477,443604,TIA,0.5166000000000084,-0.025225200000000003,3894.018946000001,0.0,3894.018946000001,1.0,-21.0,6.006,0.0,5.9814,close_grid_long
2478,443620,TIA,0.0,-0.025132380000000003,3893.993813620001,0.0,3893.993813620001,1.0,21.0,5.9839,21.0,5.9839,entry_initial_normal_long
2479,444400,TIA,0.5165999999999897,-0.0252357,3894.485177920001,0.0,3894.485177920001,1.0,-21.0,6.0085,0.0,5.9839,close_grid_long
2480,444516,TIA,0.0,-0.02489172,3894.460286200001,0.0,3894.460286200001,1.0,21.0,5.9266,21.0,5.9266,entry_initial_normal_long
2481,444533,TIA,0.5123999999999995,-0.024994199999999998,3894.947692000001,0.0,3894.947692000001,1.0,-21.0,5.951,0.0,5.9266,close_grid_long
2482,444963,TIA,0.0,-0.02507652,3894.9226154800012,0.0,3894.9226154800012,1.0,21.0,5.9706,21.0,5.9706,entry_initial_normal_long
2483,446260,TIA,0.0,-0.022133999999999997,3894.9004814800014,0.0,3894.9004814800014,1.0,21.0,5.27,42.0,5.6203,entry_grid_normal_long
2484,447021,TIA,0.9869999999999752,-0.04740792,3895.840073560001,0.0,3895.840073560001,1.0,-42.0,5.6438,0.0,5.6203,close_grid_long
2485,447065,TIA,0.0,-0.025366700000000002,3895.814706860001,0.0,3895.814706860001,1.0,23.0,5.5145,23.0,5.5145,entry_initial_normal_long
2486,447083,TIA,0.5221000000000089,-0.025471120000000003,3896.311335740001,0.0,3896.311335740001,1.0,-23.0,5.5372,0.0,5.5145,close_grid_long
2487,447088,TIA,0.0,-0.025371300000000003,3896.285964440001,0.0,3896.285964440001,1.0,23.0,5.5155,23.0,5.5155,entry_initial_normal_long
2488,447090,TIA,0.5220999999999885,-0.02547572,3896.782588720001,0.0,3896.782588720001,1.0,-23.0,5.5382,0.0,5.5155,close_grid_long
2489,447091,TIA,0.0,-0.02537222,3896.757216500001,0.0,3896.757216500001,1.0,23.0,5.5157,23.0,5.5157,entry_initial_normal_long
2490,447146,TIA,0.5221000000000089,-0.025476640000000002,3897.253839860001,0.0,3897.253839860001,1.0,-23.0,5.5384,0.0,5.5157,close_grid_long
2491,447162,TIA,0.0,-0.02538556,3897.228454300001,0.0,3897.228454300001,1.0,23.0,5.5186,23.0,5.5186,entry_initial_normal_long
2492,447163,TIA,0.5220999999999885,-0.02548998,3897.725064320001,0.0,3897.725064320001,1.0,-23.0,5.5413,0.0,5.5186,close_grid_long
2493,447171,TIA,0.0,-0.0253897,3897.699674620001,0.0,3897.699674620001,1.0,23.0,5.5195,23.0,5.5195,entry_initial_normal_long
2494,447177,TIA,0.5221000000000089,-0.025494120000000002,3898.196280500001,0.0,3898.196280500001,1.0,-23.0,5.5422,0.0,5.5195,close_grid_long
2495,447188,TIA,0.0,-0.025397520000000003,3898.1708829800014,0.0,3898.1708829800014,1.0,23.0,5.5212,23.0,5.5212,entry_initial_normal_long
2496,447191,TIA,0.5220999999999885,-0.02550194,3898.6674810400013,0.0,3898.6674810400013,1.0,-23.0,5.5439,0.0,5.5212,close_grid_long
2497,447197,TIA,0.0,-0.02540074,3898.6420803000015,0.0,3898.6420803000015,1.0,23.0,5.5219,23.0,5.5219,entry_initial_normal_long
2498,447198,TIA,0.5221000000000089,-0.025505160000000002,3899.1386751400014,0.0,3899.1386751400014,1.0,-23.0,5.5446,0.0,5.5219,close_grid_long
2499,448412,TIA,0.0,-0.024383600000000002,3899.1142915400014,0.0,3899.1142915400014,1.0,20.0,6.0959,20.0,6.0959,entry_initial_normal_long
2500,448426,TIA,0.49999999999998934,-0.0244836,3899.5898079400013,0.0,3899.5898079400013,1.0,-20.0,6.1209,0.0,6.0959,close_grid_long
2501,448435,TIA,0.0,-0.0243884,3899.565419540001,0.0,3899.565419540001,1.0,20.0,6.0971,20.0,6.0971,entry_initial_normal_long
2502,448442,TIA,0.49999999999998934,-0.0244884,3900.0409311400012,0.0,3900.0409311400012,1.0,-20.0,6.1221,0.0,6.0971,close_grid_long
2503,448450,TIA,0.0,-0.024392,3900.0165391400014,0.0,3900.0165391400014,1.0,20.0,6.098,20.0,6.098,entry_initial_normal_long
2504,448461,TIA,0.5000000000000071,-0.024492000000000003,3900.4920471400014,0.0,3900.4920471400014,1.0,-20.0,6.123,0.0,6.098,close_grid_long
2505,448462,TIA,0.0,-0.024394400000000004,3900.4676527400015,0.0,3900.4676527400015,1.0,20.0,6.0986,20.0,6.0986,entry_initial_normal_long
2506,448527,TIA,0.49999999999998934,-0.0244944,3900.9431583400014,0.0,3900.9431583400014,1.0,-20.0,6.1236,0.0,6.0986,close_grid_long
2507,448684,TIA,0.0,-0.024496,3900.9186623400014,0.0,3900.9186623400014,1.0,20.0,6.124,20.0,6.124,entry_initial_normal_long
2508,448687,TIA,0.5020000000000024,-0.0245964,3901.3960659400013,0.0,3901.3960659400013,1.0,-20.0,6.1491,0.0,6.124,close_grid_long
2509,448693,TIA,0.0,-0.024498400000000004,3901.3715675400013,0.0,3901.3715675400013,1.0,20.0,6.1246,20.0,6.1246,entry_initial_normal_long
2510,448732,TIA,0.5020000000000024,-0.0245988,3901.848968740001,0.0,3901.848968740001,1.0,-20.0,6.1497,0.0,6.1246,close_grid_long
2511,448778,TIA,0.0,-0.02452,3901.824448740001,0.0,3901.824448740001,1.0,20.0,6.13,20.0,6.13,entry_initial_normal_long
2512,448791,TIA,0.5039999999999978,-0.0246208,3902.303827940001,0.0,3902.303827940001,1.0,-20.0,6.1552,0.0,6.13,close_grid_long
2513,448825,TIA,0.0,-0.0245332,3902.279294740001,0.0,3902.279294740001,1.0,20.0,6.1333,20.0,6.1333,entry_initial_normal_long
2514,448839,TIA,0.5039999999999978,-0.024634000000000003,3902.7586607400012,0.0,3902.7586607400012,1.0,-20.0,6.1585,0.0,6.1333,close_grid_long
2515,448841,TIA,0.0,-0.0245364,3902.734124340001,0.0,3902.734124340001,1.0,20.0,6.1341,20.0,6.1341,entry_initial_normal_long
2516,448854,TIA,0.5039999999999978,-0.0246372,3903.2134871400012,0.0,3903.2134871400012,1.0,-20.0,6.1593,0.0,6.1341,close_grid_long
2517,449651,TIA,0.0,-0.025466000000000003,3903.188021140001,0.0,3903.188021140001,1.0,20.0,6.3665,20.0,6.3665,entry_initial_normal_long
2518,449931,TIA,0.5219999999999914,-0.025570400000000004,3903.684450740001,0.0,3903.684450740001,1.0,-20.0,6.3926,0.0,6.3665,close_grid_long
2519,449934,TIA,0.0,-0.025462000000000002,3903.658988740001,0.0,3903.658988740001,1.0,20.0,6.3655,20.0,6.3655,entry_initial_normal_long
2520,449944,TIA,0.5220000000000091,-0.025566400000000003,3904.1554223400008,0.0,3904.1554223400008,1.0,-20.0,6.3916,0.0,6.3655,close_grid_long
2521,449957,TIA,0.0,-0.0254672,3904.1299551400007,0.0,3904.1299551400007,1.0,20.0,6.3668,20.0,6.3668,entry_initial_normal_long
2522,449979,TIA,0.5220000000000091,-0.025571600000000003,3904.6263835400005,0.0,3904.6263835400005,1.0,-20.0,6.3929,0.0,6.3668,close_grid_long
2523,450060,TIA,0.0,-0.025507600000000002,3904.6008759400006,0.0,3904.6008759400006,1.0,20.0,6.3769,20.0,6.3769,entry_initial_normal_long
2524,450063,TIA,0.5240000000000045,-0.025612400000000004,3905.0992635400007,0.0,3905.0992635400007,1.0,-20.0,6.4031,0.0,6.3769,close_grid_long
2525,450087,TIA,0.0,-0.0255176,3905.0737459400007,0.0,3905.0737459400007,1.0,20.0,6.3794,20.0,6.3794,entry_initial_normal_long
2526,450096,TIA,0.5239999999999867,-0.0256224,3905.5721235400006,0.0,3905.5721235400006,1.0,-20.0,6.4056,0.0,6.3794,close_grid_long
2527,450100,TIA,0.0,-0.0255204,3905.5466031400006,0.0,3905.5466031400006,1.0,20.0,6.3801,20.0,6.3801,entry_initial_normal_long
2528,450106,TIA,0.5240000000000045,-0.0256252,3906.0449779400005,0.0,3906.0449779400005,1.0,-20.0,6.4063,0.0,6.3801,close_grid_long
2529,450110,TIA,0.0,-0.025522400000000004,3906.0194555400003,0.0,3906.0194555400003,1.0,20.0,6.3806,20.0,6.3806,entry_initial_normal_long
2530,450126,TIA,0.5239999999999867,-0.0256272,3906.5178283400005,0.0,3906.5178283400005,1.0,-20.0,6.4068,0.0,6.3806,close_grid_long
2531,450133,TIA,0.0,-0.025526800000000006,3906.4923015400004,0.0,3906.4923015400004,1.0,20.0,6.3817,20.0,6.3817,entry_initial_normal_long
2532,450141,TIA,0.5239999999999867,-0.025631599999999997,3906.9906699400003,0.0,3906.9906699400003,1.0,-20.0,6.4079,0.0,6.3817,close_grid_long
2533,450170,TIA,0.0,-0.025540800000000002,3906.9651291400005,0.0,3906.9651291400005,1.0,20.0,6.3852,20.0,6.3852,entry_initial_normal_long
2534,450171,TIA,0.5240000000000045,-0.025645600000000005,3907.4634835400007,0.0,3907.4634835400007,1.0,-20.0,6.4114,0.0,6.3852,close_grid_long
2535,450205,TIA,0.0,-0.0255556,3907.4379279400005,0.0,3907.4379279400005,1.0,20.0,6.3889,20.0,6.3889,entry_initial_normal_long
2536,451379,TIA,0.5240000000000045,-0.0256604,3907.9362675400002,0.0,3907.9362675400002,1.0,-20.0,6.4151,0.0,6.3889,close_grid_long
2537,451442,TIA,0.0,-0.025338799999999998,3907.91092874,0.0,3907.91092874,1.0,20.0,6.3347,20.0,6.3347,entry_initial_normal_long
2538,451710,TIA,0.519999999999996,-0.0254428,3908.4054859400003,0.0,3908.4054859400003,1.0,-20.0,6.3607,0.0,6.3347,close_grid_long
2539,451741,TIA,0.0,-0.0253108,3908.38017514,0.0,3908.38017514,1.0,20.0,6.3277,20.0,6.3277,entry_initial_normal_long
2540,451742,TIA,0.519999999999996,-0.0254148,3908.87476034,0.0,3908.87476034,1.0,-20.0,6.3537,0.0,6.3277,close_grid_long
2541,451779,TIA,0.0,-0.0253348,3908.84942554,0.0,3908.84942554,1.0,20.0,6.3337,20.0,6.3337,entry_initial_normal_long
2542,451785,TIA,0.519999999999996,-0.0254388,3909.34398674,0.0,3909.34398674,1.0,-20.0,6.3597,0.0,6.3337,close_grid_long
2543,451787,TIA,0.0,-0.025336,3909.31865074,0.0,3909.31865074,1.0,20.0,6.334,20.0,6.334,entry_initial_normal_long
2544,452090,TIA,0.5200000000000138,-0.02544,3909.81321074,0.0,3909.81321074,1.0,-20.0,6.36,0.0,6.334,close_grid_long
2545,452102,TIA,0.0,-0.0252764,3909.78793434,0.0,3909.78793434,1.0,20.0,6.3191,20.0,6.3191,entry_initial_normal_long
2546,452165,TIA,0.5180000000000007,-0.02538,3910.28055434,0.0,3910.28055434,1.0,-20.0,6.345,0.0,6.3191,close_grid_long
2547,452203,TIA,0.0,-0.0252964,3910.25525794,0.0,3910.25525794,1.0,20.0,6.3241,20.0,6.3241,entry_initial_normal_long
2548,452206,TIA,0.5180000000000007,-0.025400000000000002,3910.74785794,0.0,3910.74785794,1.0,-20.0,6.35,0.0,6.3241,close_grid_long
2549,452209,TIA,0.0,-0.025298,3910.72255994,0.0,3910.72255994,1.0,20.0,6.3245,20.0,6.3245,entry_initial_normal_long
2550,452222,TIA,0.5180000000000007,-0.0254016,3911.21515834,0.0,3911.21515834,1.0,-20.0,6.3504,0.0,6.3245,close_grid_long
2551,452224,TIA,0.0,-0.025301600000000004,3911.18985674,0.0,3911.18985674,1.0,20.0,6.3254,20.0,6.3254,entry_initial_normal_long
2552,452230,TIA,0.519999999999996,-0.0254056,3911.68445114,0.0,3911.68445114,1.0,-20.0,6.3514,0.0,6.3254,close_grid_long
2553,452231,TIA,0.0,-0.025284800000000003,3911.65916634,0.0,3911.65916634,1.0,20.0,6.3212,20.0,6.3212,entry_initial_normal_long
2554,452251,TIA,0.5180000000000007,-0.025388400000000002,3912.15177794,0.0,3912.15177794,1.0,-20.0,6.3471,0.0,6.3212,close_grid_long
2555,452254,TIA,0.0,-0.0253056,3912.12647234,0.0,3912.12647234,1.0,20.0,6.3264,20.0,6.3264,entry_initial_normal_long
2556,452375,TIA,0.5200000000000138,-0.0254096,3912.62106274,0.0,3912.62106274,1.0,-20.0,6.3524,0.0,6.3264,close_grid_long
2557,452409,TIA,0.0,-0.0252992,3912.59576354,0.0,3912.59576354,1.0,20.0,6.3248,20.0,6.3248,entry_initial_normal_long
2558,452411,TIA,0.5180000000000007,-0.0254028,3913.08836074,0.0,3913.08836074,1.0,-20.0,6.3507,0.0,6.3248,close_grid_long
2559,452461,TIA,0.0,-0.0253184,3913.0630423400003,0.0,3913.0630423400003,1.0,20.0,6.3296,20.0,6.3296,entry_initial_normal_long
2560,452469,TIA,0.519999999999996,-0.0254224,3913.55761994,0.0,3913.55761994,1.0,-20.0,6.3556,0.0,6.3296,close_grid_long
2561,452764,TIA,0.0,-0.025507600000000002,3913.5321123400004,0.0,3913.5321123400004,1.0,20.0,6.3769,20.0,6.3769,entry_initial_normal_long
2562,452835,TIA,0.5240000000000045,-0.025612400000000004,3914.0304999400005,0.0,3914.0304999400005,1.0,-20.0,6.4031,0.0,6.3769,close_grid_long
2563,452846,TIA,0.0,-0.025514,3914.0049859400006,0.0,3914.0049859400006,1.0,20.0,6.3785,20.0,6.3785,entry_initial_normal_long
2564,452916,TIA,0.5240000000000045,-0.0256188,3914.5033671400006,0.0,3914.5033671400006,1.0,-20.0,6.4047,0.0,6.3785,close_grid_long
2565,452917,TIA,0.0,-0.0255176,3914.4778495400005,0.0,3914.4778495400005,1.0,20.0,6.3794,20.0,6.3794,entry_initial_normal_long
2566,452922,TIA,0.5239999999999867,-0.0256224,3914.9762271400004,0.0,3914.9762271400004,1.0,-20.0,6.4056,0.0,6.3794,close_grid_long
2567,452977,TIA,0.0,-0.0255468,3914.9506803400004,0.0,3914.9506803400004,1.0,20.0,6.3867,20.0,6.3867,entry_initial_normal_long
2568,453011,TIA,0.5239999999999867,-0.025651599999999997,3915.4490287400004,0.0,3915.4490287400004,1.0,-20.0,6.4129,0.0,6.3867,close_grid_long
2569,453043,TIA,0.0,-0.0255656,3915.4234631400004,0.0,3915.4234631400004,1.0,20.0,6.3914,20.0,6.3914,entry_initial_normal_long
2570,453045,TIA,0.5240000000000045,-0.025670400000000003,3915.9217927400005,0.0,3915.9217927400005,1.0,-20.0,6.4176,0.0,6.3914,close_grid_long
2571,453112,TIA,0.0,-0.0255988,3915.8961939400006,0.0,3915.8961939400006,1.0,20.0,6.3997,20.0,6.3997,entry_initial_normal_long
2572,453117,TIA,0.5240000000000045,-0.0257036,3916.3944903400006,0.0,3916.3944903400006,1.0,-20.0,6.4259,0.0,6.3997,close_grid_long
2573,453140,TIA,0.0,-0.025609600000000003,3916.368880740001,0.0,3916.368880740001,1.0,20.0,6.4024,20.0,6.4024,entry_initial_normal_long
2574,453151,TIA,0.5259999999999998,-0.025714800000000003,3916.8691659400006,0.0,3916.8691659400006,1.0,-20.0,6.4287,0.0,6.4024,close_grid_long
2575,453197,TIA,0.0,-0.025632400000000003,3916.8435335400004,0.0,3916.8435335400004,1.0,20.0,6.4081,20.0,6.4081,entry_initial_normal_long
2576,453415,TIA,0.5259999999999998,-0.0257376,3917.3437959400003,0.0,3917.3437959400003,1.0,-20.0,6.4344,0.0,6.4081,close_grid_long
2577,453558,TIA,0.0,-0.025688000000000002,3917.31810794,0.0,3917.31810794,1.0,20.0,6.422,20.0,6.422,entry_initial_normal_long
2578,457816,TIA,0.0,-0.0225856,3917.29552234,0.0,3917.29552234,1.0,20.0,5.6464,40.0,6.0342,entry_grid_normal_long
2579,458824,TIA,0.0,-0.02924656,3917.26627578,0.0,3917.26627578,1.0,28.0,5.2226,68.0,5.7000117647058826,entry_grid_normal_long
2580,460498,TIA,0.0,-0.04605696000000001,3917.22021882,0.0,3917.22021882,1.0,48.0,4.7976,116.0,5.3266,entry_grid_normal_long
2581,465991,TIA,2.7607999999999535,-0.12412928,3919.85688954,0.0,3919.85688954,1.0,-116.0,5.3504,0.0,5.3266,close_grid_long
2582,466404,TIA,0.0,-0.025177920000000003,3919.83171162,0.0,3919.83171162,1.0,24.0,5.2454,24.0,5.2454,entry_initial_normal_long
2583,466410,TIA,0.5159999999999911,-0.02528112,3920.3224305,0.0,3920.3224305,1.0,-24.0,5.2669,0.0,5.2454,close_grid_long
2584,466429,TIA,0.0,-0.02518608,3920.29724442,0.0,3920.29724442,1.0,24.0,5.2471,24.0,5.2471,entry_initial_normal_long
2585,466480,TIA,0.5160000000000124,-0.025289280000000004,3920.78795514,0.0,3920.78795514,1.0,-24.0,5.2686,0.0,5.2471,close_grid_long
2586,467179,TIA,0.0,-0.024959140000000005,3920.762996,0.0,3920.762996,1.0,23.0,5.4259,23.0,5.4259,entry_initial_normal_long
2587,467232,TIA,0.5128999999999895,-0.025061720000000003,3921.2508342799997,0.0,3921.2508342799997,1.0,-23.0,5.4482,0.0,5.4259,close_grid_long
2588,467237,TIA,0.0,-0.02496558,3921.2258687,0.0,3921.2258687,1.0,23.0,5.4273,23.0,5.4273,entry_initial_normal_long
2589,467238,TIA,0.5129000000000099,-0.025068160000000003,3921.71370054,0.0,3921.71370054,1.0,-23.0,5.4496,0.0,5.4273,close_grid_long
2590,467249,TIA,0.0,-0.02496926,3921.68873128,0.0,3921.68873128,1.0,23.0,5.4281,23.0,5.4281,entry_initial_normal_long
2591,467258,TIA,0.5129000000000099,-0.02507184,3922.17655944,0.0,3922.17655944,1.0,-23.0,5.4504,0.0,5.4281,close_grid_long
2592,467325,TIA,0.0,-0.02499272,3922.15156672,0.0,3922.15156672,1.0,23.0,5.4332,23.0,5.4332,entry_initial_normal_long
2593,467327,TIA,0.5128999999999895,-0.0250953,3922.6393714200003,0.0,3922.6393714200003,1.0,-23.0,5.4555,0.0,5.4332,close_grid_long
2594,467332,TIA,0.0,-0.02499502,3922.6143764000003,0.0,3922.6143764000003,1.0,23.0,5.4337,23.0,5.4337,entry_initial_normal_long
2595,467348,TIA,0.5129000000000099,-0.025097600000000005,3923.1021788000003,0.0,3923.1021788000003,1.0,-23.0,5.456,0.0,5.4337,close_grid_long
2596,467353,TIA,0.0,-0.02499824,3923.07718056,0.0,3923.07718056,1.0,23.0,5.4344,23.0,5.4344,entry_initial_normal_long
2597,467359,TIA,0.5128999999999895,-0.02510082,3923.56497974,0.0,3923.56497974,1.0,-23.0,5.4567,0.0,5.4344,close_grid_long
2598,467373,TIA,0.0,-0.02500422,3923.53997552,0.0,3923.53997552,1.0,23.0,5.4357,23.0,5.4357,entry_initial_normal_long
2599,467381,TIA,0.5129000000000099,-0.025106800000000002,3924.02776872,0.0,3924.02776872,1.0,-23.0,5.458,0.0,5.4357,close_grid_long
2600,467687,TIA,0.0,-0.02527516,3924.00249356,0.0,3924.00249356,1.0,23.0,5.4946,23.0,5.4946,entry_initial_normal_long
2601,467688,TIA,0.5197999999999938,-0.02537912,3924.4969144399997,0.0,3924.4969144399997,1.0,-23.0,5.5172,0.0,5.4946,close_grid_long
2602,467689,TIA,0.0,-0.025275620000000002,3924.47163882,0.0,3924.47163882,1.0,23.0,5.4947,23.0,5.4947,entry_initial_normal_long
2603,467704,TIA,0.5197999999999938,-0.02537958,3924.96605924,0.0,3924.96605924,1.0,-23.0,5.5173,0.0,5.4947,close_grid_long
2604,467775,TIA,0.0,-0.02530414,3924.9407551,0.0,3924.9407551,1.0,23.0,5.5009,23.0,5.5009,entry_initial_normal_long
2605,470550,TIA,0.0,-0.022338520000000004,3924.9184165799998,0.0,3924.9184165799998,1.0,23.0,4.8562,46.0,5.1785499999999995,entry_grid_normal_long
2606,472913,TIA,0.9959000000000078,-0.04784184,3925.86647474,0.0,3925.86647474,1.0,-46.0,5.2002,0.0,5.1785499999999995,close_grid_long
2607,473963,TIA,0.0,-0.025598400000000004,3925.84087634,0.0,3925.84087634,1.0,24.0,5.333,24.0,5.333,entry_initial_normal_long
2608,473973,TIA,0.5255999999999901,-0.025703519999999997,3926.34077282,0.0,3926.34077282,1.0,-24.0,5.3549,0.0,5.333,close_grid_long
2609,474061,TIA,0.0,-0.025629120000000002,3926.3151437,0.0,3926.3151437,1.0,24.0,5.3394,24.0,5.3394,entry_initial_normal_long
2610,474113,TIA,0.5255999999999901,-0.025734240000000002,3926.81500946,0.0,3926.81500946,1.0,-24.0,5.3613,0.0,5.3394,close_grid_long
2611,474715,TIA,0.0,-0.025058499999999997,3926.78995096,0.0,3926.78995096,1.0,23.0,5.4475,23.0,5.4475,entry_initial_normal_long
2612,474719,TIA,0.5129000000000099,-0.025161080000000002,3927.2776898800003,0.0,3927.2776898800003,1.0,-23.0,5.4698,0.0,5.4475,close_grid_long
2613,474777,TIA,0.0,-0.02508334,3927.25260654,0.0,3927.25260654,1.0,23.0,5.4529,23.0,5.4529,entry_initial_normal_long
2614,475041,TIA,0.5152000000000045,-0.02518638,3927.74262016,0.0,3927.74262016,1.0,-23.0,5.4753,0.0,5.4529,close_grid_long
2615,475271,TIA,0.0,-0.025185,3927.71743516,0.0,3927.71743516,1.0,23.0,5.475,23.0,5.475,entry_initial_normal_long
2616,475292,TIA,0.5152000000000045,-0.025288039999999998,3928.20734712,0.0,3928.20734712,1.0,-23.0,5.4974,0.0,5.475,close_grid_long
2617,475437,TIA,0.0,-0.0253322,3928.1820149200003,0.0,3928.1820149200003,1.0,23.0,5.507,23.0,5.507,entry_initial_normal_long
2618,475441,TIA,0.5221000000000089,-0.02543662,3928.6786783000002,0.0,3928.6786783000002,1.0,-23.0,5.5297,0.0,5.507,close_grid_long
2619,476948,TIA,0.0,-0.0250887,3928.6535896,0.0,3928.6535896,1.0,21.0,5.9735,21.0,5.9735,entry_initial_normal_long
2620,476949,TIA,0.9198000000000013,-0.02527266,3929.54811694,0.0,3929.54811694,1.0,-21.0,6.0173,0.0,5.9735,close_grid_long
2621,476950,TIA,0.0,-0.02508912,3929.52302782,0.0,3929.52302782,1.0,21.0,5.9736,21.0,5.9736,entry_initial_normal_long
2622,476951,TIA,0.5439000000000007,-0.025197900000000002,3930.0417299200003,0.0,3930.0417299200003,1.0,-21.0,5.9995,0.0,5.9736,close_grid_long
2623,476953,TIA,0.0,-0.02508996,3930.0166399600002,0.0,3930.0166399600002,1.0,21.0,5.9738,21.0,5.9738,entry_initial_normal_long
2624,476954,TIA,0.5439000000000007,-0.02519874,3930.53534122,0.0,3930.53534122,1.0,-21.0,5.9997,0.0,5.9738,close_grid_long
2625,476955,TIA,0.0,-0.02503704,3930.5103041800003,0.0,3930.5103041800003,1.0,21.0,5.9612,21.0,5.9612,entry_initial_normal_long
2626,476956,TIA,0.5144999999999946,-0.02513994,3930.99966424,0.0,3930.99966424,1.0,-21.0,5.9857,0.0,5.9612,close_grid_long
2627,478112,TIA,0.0,-0.0248356,3930.97482864,0.0,3930.97482864,1.0,20.0,6.2089,20.0,6.2089,entry_initial_normal_long
2628,478203,TIA,0.5100000000000016,-0.0249376,3931.45989104,0.0,3931.45989104,1.0,-20.0,6.2344,0.0,6.2089,close_grid_long
2629,478236,TIA,0.0,-0.0248524,3931.43503864,0.0,3931.43503864,1.0,20.0,6.2131,20.0,6.2131,entry_initial_normal_long
2630,478456,TIA,0.5100000000000016,-0.024954399999999998,3931.92008424,0.0,3931.92008424,1.0,-20.0,6.2386,0.0,6.2131,close_grid_long
2631,478524,TIA,0.0,-0.024865200000000004,3931.89521904,0.0,3931.89521904,1.0,20.0,6.2163,20.0,6.2163,entry_initial_normal_long
2632,478527,TIA,0.5099999999999838,-0.0249672,3932.38025184,0.0,3932.38025184,1.0,-20.0,6.2418,0.0,6.2163,close_grid_long
2633,478748,TIA,0.0,-0.024991199999999998,3932.35526064,0.0,3932.35526064,1.0,20.0,6.2478,20.0,6.2478,entry_initial_normal_long
2634,478914,TIA,0.5119999999999969,-0.0250936,3932.84216704,0.0,3932.84216704,1.0,-20.0,6.2734,0.0,6.2478,close_grid_long
2635,478927,TIA,0.0,-0.024972000000000005,3932.8171950399997,0.0,3932.8171950399997,1.0,20.0,6.243,20.0,6.243,entry_initial_normal_long
2636,478928,TIA,0.5119999999999969,-0.0250744,3933.30412064,0.0,3933.30412064,1.0,-20.0,6.2686,0.0,6.243,close_grid_long
2637,478944,TIA,0.0,-0.024978800000000002,3933.2791418399997,0.0,3933.2791418399997,1.0,20.0,6.2447,20.0,6.2447,entry_initial_normal_long
2638,482590,TIA,0.5119999999999969,-0.025081199999999998,3933.7660606399995,0.0,3933.7660606399995,1.0,-20.0,6.2703,0.0,6.2447,close_grid_long
2639,482871,TIA,0.0,-0.02535456,3933.7407060799997,0.0,3933.7407060799997,1.0,21.0,6.0368,21.0,6.0368,entry_initial_normal_long
2640,482874,TIA,0.5207999999999986,-0.025458720000000004,3934.2360473599997,0.0,3934.2360473599997,1.0,-21.0,6.0616,0.0,6.0368,close_grid_long
2641,482922,TIA,0.0,-0.025375560000000002,3934.2106717999995,0.0,3934.2106717999995,1.0,21.0,6.0418,21.0,6.0418,entry_initial_normal_long
2642,483408,TIA,0.5207999999999986,-0.02547972,3934.7059920799998,0.0,3934.7059920799998,1.0,-21.0,6.0666,0.0,6.0418,close_grid_long
2643,483471,TIA,0.0,-0.025326000000000005,3934.68066608,0.0,3934.68066608,1.0,21.0,6.03,21.0,6.03,entry_initial_normal_long
2644,483501,TIA,0.5207999999999986,-0.02543016,3935.17603592,0.0,3935.17603592,1.0,-21.0,6.0548,0.0,6.03,close_grid_long
2645,483598,TIA,0.0,-0.0253701,3935.1506658199996,0.0,3935.1506658199996,1.0,21.0,6.0405,21.0,6.0405,entry_initial_normal_long
2646,484009,TIA,0.5207999999999986,-0.02547426,3935.64599156,0.0,3935.64599156,1.0,-21.0,6.0653,0.0,6.0405,close_grid_long
2647,484019,TIA,0.0,-0.0253848,3935.6206067599996,0.0,3935.6206067599996,1.0,21.0,6.044,21.0,6.044,entry_initial_normal_long
2648,484029,TIA,0.5208000000000172,-0.025488960000000005,3936.1159178,0.0,3936.1159178,1.0,-21.0,6.0688,0.0,6.044,close_grid_long
2649,484091,TIA,0.0,-0.02540538,3936.09051242,0.0,3936.09051242,1.0,21.0,6.0489,21.0,6.0489,entry_initial_normal_long
2650,484155,TIA,0.5207999999999986,-0.02550954,3936.58580288,0.0,3936.58580288,1.0,-21.0,6.0737,0.0,6.0489,close_grid_long
2651,484413,TIA,0.0,-0.025525920000000004,3936.56027696,0.0,3936.56027696,1.0,21.0,6.0776,21.0,6.0776,entry_initial_normal_long
2652,486265,TIA,0.5249999999999888,-0.025630919999999998,3937.05964604,0.0,3937.05964604,1.0,-21.0,6.1026,0.0,6.0776,close_grid_long
2653,486436,TIA,0.0,-0.02515968,3937.0344863600003,0.0,3937.0344863600003,1.0,21.0,5.9904,21.0,5.9904,entry_initial_normal_long
2654,486475,TIA,0.5165999999999897,-0.025263,3937.5258233600002,0.0,3937.5258233600002,1.0,-21.0,6.015,0.0,5.9904,close_grid_long
2655,486571,TIA,0.0,-0.02520336,3937.5006200000003,0.0,3937.5006200000003,1.0,21.0,6.0008,21.0,6.0008,entry_initial_normal_long
2656,486603,TIA,0.5187000000000035,-0.025307100000000003,3937.9940129,0.0,3937.9940129,1.0,-21.0,6.0255,0.0,6.0008,close_grid_long
2657,486604,TIA,0.0,-0.02520924,3937.96880366,0.0,3937.96880366,1.0,21.0,6.0022,21.0,6.0022,entry_initial_normal_long
2658,486605,TIA,0.5207999999999986,-0.025313400000000003,3938.46429026,0.0,3938.46429026,1.0,-21.0,6.027,0.0,6.0022,close_grid_long
2659,486610,TIA,0.0,-0.02521134,3938.4390789199997,0.0,3938.4390789199997,1.0,21.0,6.0027,21.0,6.0027,entry_initial_normal_long
2660,486616,TIA,0.5187000000000035,-0.02531508,3938.93246384,0.0,3938.93246384,1.0,-21.0,6.0274,0.0,6.0027,close_grid_long
2661,486788,TIA,0.0,-0.025300800000000002,3938.90716304,0.0,3938.90716304,1.0,21.0,6.024,21.0,6.024,entry_initial_normal_long
2662,486791,TIA,0.5187000000000035,-0.02540454,3939.4004585,0.0,3939.4004585,1.0,-21.0,6.0487,0.0,6.024,close_grid_long
2663,486859,TIA,0.0,-0.025328940000000005,3939.37512956,0.0,3939.37512956,1.0,21.0,6.0307,21.0,6.0307,entry_initial_normal_long
2664,486871,TIA,0.5207999999999986,-0.025433100000000004,3939.87049646,0.0,3939.87049646,1.0,-21.0,6.0555,0.0,6.0307,close_grid_long
2665,486873,TIA,0.0,-0.02533188,3939.84516458,0.0,3939.84516458,1.0,21.0,6.0314,21.0,6.0314,entry_initial_normal_long
2666,487052,TIA,0.5207999999999986,-0.025436039999999997,3940.34052854,0.0,3940.34052854,1.0,-21.0,6.0562,0.0,6.0314,close_grid_long
2667,487064,TIA,0.0,-0.025293660000000003,3940.31523488,0.0,3940.31523488,1.0,21.0,6.0223,21.0,6.0223,entry_initial_normal_long
2668,487087,TIA,0.5186999999999848,-0.0253974,3940.80853748,0.0,3940.80853748,1.0,-21.0,6.047,0.0,6.0223,close_grid_long
2669,487090,TIA,0.0,-0.02529996,3940.7832375199996,0.0,3940.7832375199996,1.0,21.0,6.0238,21.0,6.0238,entry_initial_normal_long
2670,487098,TIA,0.5187000000000035,-0.025403699999999998,3941.2765338199997,0.0,3941.2765338199997,1.0,-21.0,6.0485,0.0,6.0238,close_grid_long
2671,487104,TIA,0.0,-0.0253029,3941.2512309199997,0.0,3941.2512309199997,1.0,21.0,6.0245,21.0,6.0245,entry_initial_normal_long
2672,487116,TIA,0.5187000000000035,-0.02540664,3941.7445242799995,0.0,3941.7445242799995,1.0,-21.0,6.0492,0.0,6.0245,close_grid_long
2673,487122,TIA,0.0,-0.02530668,3941.7192175999994,0.0,3941.7192175999994,1.0,21.0,6.0254,21.0,6.0254,entry_initial_normal_long
2674,491103,TIA,0.5207999999999986,-0.025410840000000004,3942.2146067599992,0.0,3942.2146067599992,1.0,-21.0,6.0502,0.0,6.0254,close_grid_long
2675,491132,TIA,0.0,-0.02478672,3942.189820039999,0.0,3942.189820039999,1.0,21.0,5.9016,21.0,5.9016,entry_initial_normal_long
2676,491232,TIA,0.5103000000000044,-0.024888780000000003,3942.6752312599992,0.0,3942.6752312599992,1.0,-21.0,5.9259,0.0,5.9016,close_grid_long
2677,491740,TIA,0.0,-0.0251391,3942.650092159999,0.0,3942.650092159999,1.0,21.0,5.9855,21.0,5.9855,entry_initial_normal_long
2678,491760,TIA,0.5166000000000084,-0.02524242,3943.141449739999,0.0,3943.141449739999,1.0,-21.0,6.0101,0.0,5.9855,close_grid_long
2679,491934,TIA,0.0,-0.025297860000000002,3943.116151879999,0.0,3943.116151879999,1.0,21.0,6.0233,21.0,6.0233,entry_initial_normal_long
2680,491956,TIA,0.5187000000000035,-0.0254016,3943.6094502799992,0.0,3943.6094502799992,1.0,-21.0,6.048,0.0,6.0233,close_grid_long
2681,491957,TIA,0.0,-0.025300800000000002,3943.5841494799993,0.0,3943.5841494799993,1.0,21.0,6.024,21.0,6.024,entry_initial_normal_long
2682,492003,TIA,0.5187000000000035,-0.02540454,3944.077444939999,0.0,3944.077444939999,1.0,-21.0,6.0487,0.0,6.024,close_grid_long
2683,492062,TIA,0.0,-0.0253302,3944.052114739999,0.0,3944.052114739999,1.0,21.0,6.031,21.0,6.031,entry_initial_normal_long
2684,492066,TIA,0.5207999999999986,-0.02543436,3944.547480379999,0.0,3944.547480379999,1.0,-21.0,6.0558,0.0,6.031,close_grid_long
2685,492071,TIA,0.0,-0.02533188,3944.522148499999,0.0,3944.522148499999,1.0,21.0,6.0314,21.0,6.0314,entry_initial_normal_long
2686,492093,TIA,0.5207999999999986,-0.025436039999999997,3945.0175124599987,0.0,3945.0175124599987,1.0,-21.0,6.0562,0.0,6.0314,close_grid_long
2687,492112,TIA,0.0,-0.02534112,3944.9921713399985,0.0,3944.9921713399985,1.0,21.0,6.0336,21.0,6.0336,entry_initial_normal_long
2688,492127,TIA,0.5207999999999986,-0.02544528,3945.4875260599983,0.0,3945.4875260599983,1.0,-21.0,6.0584,0.0,6.0336,close_grid_long
2689,492176,TIA,0.0,-0.025359600000000003,3945.4621664599986,0.0,3945.4621664599986,1.0,21.0,6.038,21.0,6.038,entry_initial_normal_long
2690,492186,TIA,0.5207999999999986,-0.025463760000000002,3945.9575026999987,0.0,3945.9575026999987,1.0,-21.0,6.0628,0.0,6.038,close_grid_long
2691,492229,TIA,0.0,-0.025376819999999998,3945.9321258799987,0.0,3945.9321258799987,1.0,21.0,6.0421,21.0,6.0421,entry_initial_normal_long
2692,492240,TIA,0.5208000000000172,-0.025480980000000004,3946.4274448999986,0.0,3946.4274448999986,1.0,-21.0,6.0669,0.0,6.0421,close_grid_long
2693,492242,TIA,0.0,-0.02537976,3946.4020651399987,0.0,3946.4020651399987,1.0,21.0,6.0428,21.0,6.0428,entry_initial_normal_long
2694,492268,TIA,0.5207999999999986,-0.02548392,3946.897381219999,0.0,3946.897381219999,1.0,-21.0,6.0676,0.0,6.0428,close_grid_long
2695,492299,TIA,0.0,-0.02539278,3946.871988439999,0.0,3946.871988439999,1.0,21.0,6.0459,21.0,6.0459,entry_initial_normal_long
2696,492308,TIA,0.5208000000000172,-0.025496940000000003,3947.367291499999,0.0,3947.367291499999,1.0,-21.0,6.0707,0.0,6.0459,close_grid_long
2697,492383,TIA,0.0,-0.02541714,3947.3418743599987,0.0,3947.3418743599987,1.0,21.0,6.0517,21.0,6.0517,entry_initial_normal_long
2698,492451,TIA,0.5228999999999937,-0.02552172,3947.8392526399984,0.0,3947.8392526399984,1.0,-21.0,6.0766,0.0,6.0517,close_grid_long
2699,492613,TIA,0.0,-0.025489380000000002,3947.8137632599983,0.0,3947.8137632599983,1.0,21.0,6.0689,21.0,6.0689,entry_initial_normal_long
2700,492618,TIA,0.5228999999999937,-0.02559396,3948.311069299998,0.0,3948.311069299998,1.0,-21.0,6.0938,0.0,6.0689,close_grid_long
2701,492619,TIA,0.0,-0.025490640000000002,3948.285578659998,0.0,3948.285578659998,1.0,21.0,6.0692,21.0,6.0692,entry_initial_normal_long
2702,492640,TIA,0.5228999999999937,-0.025595220000000002,3948.782883439998,0.0,3948.782883439998,1.0,-21.0,6.0941,0.0,6.0692,close_grid_long
2703,492743,TIA,0.0,-0.025556160000000005,3948.7573272799978,0.0,3948.7573272799978,1.0,21.0,6.0848,21.0,6.0848,entry_initial_normal_long
2704,492760,TIA,0.5249999999999888,-0.025661160000000002,3949.2566661199976,0.0,3949.2566661199976,1.0,-21.0,6.1098,0.0,6.0848,close_grid_long
2705,492765,TIA,0.0,-0.02556036,3949.2311057599977,0.0,3949.2311057599977,1.0,21.0,6.0858,21.0,6.0858,entry_initial_normal_long
2706,493865,TIA,0.0,-0.02274048,3949.208365279998,0.0,3949.208365279998,1.0,21.0,5.4144,42.0,5.7501,entry_grid_normal_long
2707,493883,TIA,0.0,-0.029217499999999997,3949.179147779998,0.0,3949.179147779998,1.0,29.0,5.0375,71.0,5.459038028169013,entry_grid_normal_long
2708,500626,TIA,0.0,-0.046697,3949.1324507799977,0.0,3949.1324507799977,1.0,50.0,4.6697,121.0,5.132865289256198,entry_grid_normal_long
2709,508183,TIA,0.0,-0.0561198,3949.0763309799977,0.0,3949.0763309799977,1.0,66.0,4.2515,187.0,4.821795187165775,entry_grid_cropped_long
2710,509184,TIA,0.0,-0.08703882,3948.9892921599976,0.0,3948.9892921599976,1.0,99.0,4.3959,286.0,4.67436993006993,entry_trailing_normal_long
2711,509811,TIA,0.0,-0.13280752,3948.8564846399977,0.0,3948.8564846399977,1.0,151.0,4.3976,437.0,4.578735469107551,entry_trailing_normal_long
2712,509927,TIA,0.0,-0.20781222,3948.6486724199976,0.0,3948.6486724199976,1.0,231.0,4.4981,668.0,4.5508510479041915,entry_trailing_normal_long
2713,509948,TIA,0.0,-0.33375444000000004,3948.3149179799975,0.0,3948.3149179799975,1.0,353.0,4.7274,1021.0,4.611890989226249,entry_trailing_normal_long
2714,510395,TIA,0.0,-0.5057868200000001,3947.8091311599974,0.0,3947.8091311599974,1.0,539.0,4.6919,1560.0,4.639535128205129,entry_trailing_normal_long
2715,510396,TIA,1.047437948717942,-0.015056000000000002,3948.8415131087154,0.0,3948.8415131087154,1.0,-16.0,4.705,1544.0,4.639535128205129,close_unstuck_long
2716,510397,TIA,1.3946379487179428,-0.01512544,3950.2210256174335,0.0,3950.2210256174335,1.0,-16.0,4.7267,1528.0,4.639535128205129,close_unstuck_long
2717,510398,TIA,1.5002379487179383,-0.01514656,3951.7061170061515,0.0,3951.7061170061515,1.0,-16.0,4.7333,1512.0,4.639535128205129,close_unstuck_long
2718,510399,TIA,1.5082379487179338,-0.015148159999999999,3953.1992067948695,0.0,3953.1992067948695,1.0,-16.0,4.7338,1496.0,4.639535128205129,close_unstuck_long
2719,510400,TIA,1.5738379487179373,-0.01516128,3954.7578834635874,0.0,3954.7578834635874,1.0,-16.0,4.7379,1480.0,4.639535128205129,close_unstuck_long
2720,510822,TIA,0.0,-0.20874792000000003,3954.5491355435875,0.0,3954.5491355435875,1.0,212.0,4.9233,1692.0,4.67508959204704,entry_trailing_cropped_long
2721,510823,TIA,3.932966527247359,-0.015746879999999998,3958.4663551908347,0.0,3958.4663551908347,1.0,-16.0,4.9209,1676.0,4.67508959204704,close_unstuck_long
2722,510824,TIA,3.833766527247363,-0.01572704,3962.284394678082,0.0,3962.284394678082,1.0,-16.0,4.9147,1660.0,4.67508959204704,close_unstuck_long
2723,510825,TIA,3.80016652724737,-0.015720320000000003,3966.06884088533,0.0,3966.06884088533,1.0,-16.0,4.9126,1644.0,4.67508959204704,close_unstuck_long
2724,510826,TIA,3.793766527247371,-0.015719040000000004,3969.8468883725773,0.0,3969.8468883725773,1.0,-16.0,4.9122,1628.0,4.67508959204704,close_unstuck_long
2725,510827,TIA,3.53616652724736,-0.01566752,3973.367387379825,0.0,3973.367387379825,1.0,-16.0,4.8961,1612.0,4.67508959204704,close_unstuck_long
2726,510828,TIA,3.3457665272473633,-0.01562944,3976.697524467072,0.0,3976.697524467072,1.0,-16.0,4.8842,1596.0,4.67508959204704,close_unstuck_long
2727,510830,TIA,3.246566527247367,-0.015609600000000001,3979.9284813943195,0.0,3979.9284813943195,1.0,-16.0,4.878,1580.0,4.67508959204704,close_unstuck_long
2728,510832,TIA,3.28016652724736,-0.01561632,3983.193031601567,0.0,3983.193031601567,1.0,-16.0,4.8801,1564.0,4.67508959204704,close_unstuck_long
2729,510833,TIA,3.4001665272473645,-0.01564032,3986.577557808814,0.0,3986.577557808814,1.0,-16.0,4.8876,1548.0,4.67508959204704,close_unstuck_long
2730,510834,TIA,3.4097665272473705,-0.01564224,3989.9716820960616,0.0,3989.9716820960616,1.0,-16.0,4.8882,1532.0,4.67508959204704,close_unstuck_long
2731,510835,TIA,3.4977665272473644,-0.01565984,3993.453788783309,0.0,3993.453788783309,1.0,-16.0,4.8937,1516.0,4.67508959204704,close_unstuck_long
2732,510836,TIA,3.470566527247371,-0.015654400000000002,3996.9087009105565,0.0,3996.9087009105565,1.0,-16.0,4.892,1500.0,4.67508959204704,close_unstuck_long
2733,510837,TIA,3.47696652724737,-0.01565568,4000.3700117578037,0.0,4000.3700117578037,1.0,-16.0,4.8924,1484.0,4.67508959204704,close_unstuck_long
2734,511092,TIA,0.0,-0.21278152,4000.1572302378036,0.0,4000.1572302378036,1.0,206.0,5.1646,1690.0,4.734757724614087,entry_trailing_cropped_long
2735,511093,TIA,6.2676341307886885,-0.015457799999999999,4006.409406568592,0.0,4006.409406568592,1.0,-15.0,5.1526,1675.0,4.734757724614087,close_unstuck_long
2736,511094,TIA,6.197134130788693,-0.015443700000000001,4012.591096999381,0.0,4012.591096999381,1.0,-15.0,5.1479,1660.0,4.734757724614087,close_unstuck_long
2737,511095,TIA,6.1071341307886895,-0.0154257,4018.68280543017,0.0,4018.68280543017,1.0,-15.0,5.1419,1645.0,4.734757724614087,close_unstuck_long
2738,511096,TIA,5.927134130788696,-0.0153897,4024.5945498609585,0.0,4024.5945498609585,1.0,-15.0,5.1299,1630.0,4.734757724614087,close_unstuck_long
2739,511097,TIA,5.940634130788691,-0.015392400000000002,4030.5197915917474,0.0,4030.5197915917474,1.0,-15.0,5.1308,1615.0,4.734757724614087,close_unstuck_long
2740,511098,TIA,6.002134130788694,-0.0154047,4036.506521022536,0.0,4036.506521022536,1.0,-15.0,5.1349,1600.0,4.734757724614087,close_unstuck_long
2741,511099,TIA,6.1041341307886965,-0.0154251,4042.595230053325,0.0,4042.595230053325,1.0,-15.0,5.1417,1585.0,4.734757724614087,close_unstuck_long
2742,511101,TIA,5.601634130788695,-0.015324600000000002,4048.1815395841136,0.0,4048.1815395841136,1.0,-15.0,5.1082,1570.0,4.734757724614087,close_unstuck_long
2743,511102,TIA,5.62113413078869,-0.0153285,4053.7873452149024,0.0,4053.7873452149024,1.0,-15.0,5.1095,1555.0,4.734757724614087,close_unstuck_long
2744,511103,TIA,5.7861341307886915,-0.015361500000000002,4059.558117845691,0.0,4059.558117845691,1.0,-15.0,5.1205,1540.0,4.734757724614087,close_unstuck_long
2745,511104,TIA,5.682634130788693,-0.0153408,4065.2254111764796,0.0,4065.2254111764796,1.0,-15.0,5.1136,1525.0,4.734757724614087,close_unstuck_long
2746,511105,TIA,5.634634130788698,-0.015331200000000001,4070.8447141072684,0.0,4070.8447141072684,1.0,-15.0,5.1104,1510.0,4.734757724614087,close_unstuck_long
2747,511107,TIA,5.504134130788696,-0.015305100000000002,4076.333543138057,0.0,4076.333543138057,1.0,-15.0,5.1017,1495.0,4.734757724614087,close_unstuck_long
2748,511569,TIA,93.06500788953188,-0.23830576000000003,4169.160245267589,0.0,4169.160245267589,1.0,-232.0,5.1359,1263.0,4.734757724614087,close_trailing_long
2749,512268,TIA,0.0,-0.47199864,4168.688246627589,0.0,4168.688246627589,1.0,444.0,5.3153,1707.0,4.885759933326064,entry_trailing_cropped_long
2750,512269,TIA,6.58560100010904,-0.0159744,4175.257873227698,0.0,4175.257873227698,1.0,-15.0,5.3248,1692.0,4.885759933326064,close_unstuck_long
2751,512270,TIA,6.614101000109041,-0.0159801,4181.855994127807,0.0,4181.855994127807,1.0,-15.0,5.3267,1677.0,4.885759933326064,close_unstuck_long
2752,512271,TIA,6.1221010001090415,-0.015881700000000002,4187.962213427916,0.0,4187.962213427916,1.0,-15.0,5.2939,1662.0,4.885759933326064,close_unstuck_long
2753,512272,TIA,6.011101000109047,-0.015859500000000002,4193.957454928025,0.0,4193.957454928025,1.0,-15.0,5.2865,1647.0,4.885759933326064,close_unstuck_long
2754,512274,TIA,6.051601000109046,-0.015867600000000003,4199.993188328134,0.0,4199.993188328134,1.0,-15.0,5.2892,1632.0,4.885759933326064,close_unstuck_long
2755,512275,TIA,6.033601000109048,-0.015864000000000003,4206.0109253282435,0.0,4206.0109253282435,1.0,-15.0,5.288,1617.0,4.885759933326064,close_unstuck_long
2756,512276,TIA,5.939101000109042,-0.0158451,4211.934181228353,0.0,4211.934181228353,1.0,-15.0,5.2817,1602.0,4.885759933326064,close_unstuck_long
2757,512277,TIA,6.056101000109049,-0.0158685,4217.9744137284615,0.0,4217.9744137284615,1.0,-15.0,5.2895,1587.0,4.885759933326064,close_unstuck_long
2758,512279,TIA,5.826601000109051,-0.0158226,4223.785192128571,0.0,4223.785192128571,1.0,-15.0,5.2742,1572.0,4.885759933326064,close_unstuck_long
2759,512280,TIA,6.035841066782979,-0.0168416,4229.804191595354,0.0,4229.804191595354,1.0,-16.0,5.263,1556.0,4.885759933326064,close_unstuck_long
2760,512281,TIA,5.4806410667829795,-0.016730560000000002,4235.268102102136,0.0,4235.268102102136,1.0,-16.0,5.2283,1540.0,4.885759933326064,close_unstuck_long
2761,512282,TIA,5.757441066782974,-0.01678592,4241.008757248919,0.0,4241.008757248919,1.0,-16.0,5.2456,1524.0,4.885759933326064,close_unstuck_long
2762,512283,TIA,5.51104106678298,-0.01673664,4246.503061675702,0.0,4246.503061675702,1.0,-16.0,5.2302,1508.0,4.885759933326064,close_unstuck_long
2763,512586,TIA,51.42741566837493,-0.2399162,4297.690561144077,0.0,4297.690561144077,1.0,-235.0,5.1046,1273.0,4.885759933326064,close_trailing_long
2764,513408,TIA,0.0,-0.4749097199999999,4297.215651424077,0.0,4297.215651424077,1.0,446.0,5.3241,1719.0,4.999488653358976,entry_trailing_cropped_long
2765,513409,TIA,5.312181546256383,-0.0170608,4302.510772170333,0.0,4302.510772170333,1.0,-16.0,5.3315,1703.0,4.999488653358976,close_unstuck_long
2766,513410,TIA,5.016181546256377,-0.0170016,4307.509952116589,0.0,4307.509952116589,1.0,-16.0,5.313,1687.0,4.999488653358976,close_unstuck_long
2767,513411,TIA,4.889781546256387,-0.016976320000000003,4312.382757342846,0.0,4312.382757342846,1.0,-16.0,5.3051,1671.0,4.999488653358976,close_unstuck_long
2768,513412,TIA,4.987381546256387,-0.01699584,4317.353143049103,0.0,4317.353143049103,1.0,-16.0,5.3112,1655.0,4.999488653358976,close_unstuck_long
2769,513414,TIA,4.736181546256375,-0.016945599999999998,4322.072378995359,0.0,4322.072378995359,1.0,-16.0,5.2955,1639.0,4.999488653358976,close_unstuck_long
2770,513415,TIA,4.692981546256377,-0.01693696,4326.7484235816155,0.0,4326.7484235816155,1.0,-16.0,5.2928,1623.0,4.999488653358976,close_unstuck_long
2771,513416,TIA,4.632181546256376,-0.0169248,4331.363680327872,0.0,4331.363680327872,1.0,-16.0,5.289,1607.0,4.999488653358976,close_unstuck_long
2772,513417,TIA,4.816181546256388,-0.016961600000000004,4336.162900274128,0.0,4336.162900274128,1.0,-16.0,5.3005,1591.0,4.999488653358976,close_unstuck_long
2773,513418,TIA,4.816181546256388,-0.016961600000000004,4340.962120220384,0.0,4340.962120220384,1.0,-16.0,5.3005,1575.0,4.999488653358976,close_unstuck_long
2774,513420,TIA,4.6721815462563825,-0.0169328,4345.617368966641,0.0,4345.617368966641,1.0,-16.0,5.2915,1559.0,4.999488653358976,close_unstuck_long
2775,513421,TIA,4.521781546256378,-0.01690272,4350.122247792898,0.0,4350.122247792898,1.0,-16.0,5.2821,1543.0,4.999488653358976,close_unstuck_long
2776,513422,TIA,4.622581546256384,-0.01692288,4354.727906459154,0.0,4354.727906459154,1.0,-16.0,5.2884,1527.0,4.999488653358976,close_unstuck_long
2777,513423,TIA,4.428981546256381,-0.016884160000000002,4359.14000384541,0.0,4359.14000384541,1.0,-16.0,5.2763,1511.0,4.999488653358976,close_unstuck_long
2778,513536,TIA,66.71916646064066,-0.24831980000000003,4425.610850506051,0.0,4425.610850506051,1.0,-235.0,5.2834,1276.0,4.999488653358976,close_trailing_long
2779,513795,TIA,0.0,-0.49463856000000006,4425.116211946051,0.0,4425.116211946051,1.0,468.0,5.2846,1744.0,5.075997890875031,entry_trailing_cropped_long
2780,513796,TIA,3.2752337459995147,-0.016898240000000002,4428.374547452051,0.0,4428.374547452051,1.0,-16.0,5.2807,1728.0,5.075997890875031,close_unstuck_long
2781,513797,TIA,2.944033745999505,-0.016832,4431.301749198051,0.0,4431.301749198051,1.0,-16.0,5.26,1712.0,5.075997890875031,close_unstuck_long
2782,513798,TIA,3.1520337459995034,-0.0168736,4434.43690934405,0.0,4434.43690934405,1.0,-16.0,5.273,1696.0,5.075997890875031,close_unstuck_long
2783,513800,TIA,2.806433745999513,-0.01680448,4437.22653861005,0.0,4437.22653861005,1.0,-16.0,5.2514,1680.0,5.075997890875031,close_unstuck_long
2784,513801,TIA,2.756833745999515,-0.016794560000000004,4439.966577796049,0.0,4439.966577796049,1.0,-16.0,5.2483,1664.0,5.075997890875031,close_unstuck_long
2785,513802,TIA,2.6960337459995145,-0.016782400000000003,4442.645829142049,0.0,4442.645829142049,1.0,-16.0,5.2445,1648.0,5.075997890875031,close_unstuck_long
2786,513803,TIA,2.8080337459995093,-0.0168048,4445.437058088048,0.0,4445.437058088048,1.0,-16.0,5.2515,1632.0,5.075997890875031,close_unstuck_long
2787,513804,TIA,2.776033745999513,-0.0167984,4448.196293434047,0.0,4448.196293434047,1.0,-16.0,5.2495,1616.0,5.075997890875031,close_unstuck_long
2788,513805,TIA,2.668833745999507,-0.01677696,4450.848350220047,0.0,4450.848350220047,1.0,-16.0,5.2428,1600.0,5.075997890875031,close_unstuck_long
2789,513806,TIA,2.654433745999512,-0.01677408,4453.486009886046,0.0,4453.486009886046,1.0,-16.0,5.2419,1584.0,5.075997890875031,close_unstuck_long
2790,513807,TIA,2.70403374599951,-0.016784,4456.173259632046,0.0,4456.173259632046,1.0,-16.0,5.245,1568.0,5.075997890875031,close_unstuck_long
2791,513808,TIA,2.7856337459995046,-0.01680032,4458.942093058045,0.0,4458.942093058045,1.0,-16.0,5.2501,1552.0,5.075997890875031,close_unstuck_long
2792,513809,TIA,2.787233745999515,-0.016800640000000002,4461.712526164045,0.0,4461.712526164045,1.0,-16.0,5.2502,1536.0,5.075997890875031,close_unstuck_long
2793,513811,TIA,2.9240358551244814,-0.017843200000000004,4464.61871881917,0.0,4464.61871881917,1.0,-17.0,5.248,1519.0,5.075997890875031,close_unstuck_long
2794,514165,TIA,52.922599862617645,-0.25118682,4517.290131861788,0.0,4517.290131861788,1.0,-237.0,5.2993,1282.0,5.075997890875031,close_trailing_long
2795,514599,TIA,0.0,-0.5052099,4516.784921961787,0.0,4516.784921961787,1.0,461.0,5.4795,1743.0,5.18271875852082,entry_trailing_cropped_long
2796,514600,TIA,4.910099863666886,-0.01756672,4521.677455105454,0.0,4521.677455105454,1.0,-16.0,5.4896,1727.0,5.18271875852082,close_unstuck_long
2797,514601,TIA,4.922899863666885,-0.017569280000000003,4526.582785689121,0.0,4526.582785689121,1.0,-16.0,5.4904,1711.0,5.18271875852082,close_unstuck_long
2798,514602,TIA,4.99809986366688,-0.01758432,4531.563301232788,0.0,4531.563301232788,1.0,-16.0,5.4951,1695.0,5.18271875852082,close_unstuck_long
2799,514603,TIA,4.910099863666886,-0.01756672,4536.455834376455,0.0,4536.455834376455,1.0,-16.0,5.4896,1679.0,5.18271875852082,close_unstuck_long
2800,514604,TIA,4.815699863666879,-0.01754784,4541.253986400122,0.0,4541.253986400122,1.0,-16.0,5.4837,1663.0,5.18271875852082,close_unstuck_long
2801,514605,TIA,5.066899863666876,-0.01759808,4546.303288183789,0.0,4546.303288183789,1.0,-16.0,5.4994,1647.0,5.18271875852082,close_unstuck_long
2802,514607,TIA,4.762899863666888,-0.017537280000000002,4551.048650767456,0.0,4551.048650767456,1.0,-16.0,5.4804,1631.0,5.18271875852082,close_unstuck_long
2803,514608,TIA,4.561299863666889,-0.017496960000000002,4555.592453671123,0.0,4555.592453671123,1.0,-16.0,5.4678,1615.0,5.18271875852082,close_unstuck_long
2804,514609,TIA,4.513299863666887,-0.01748736,4560.088266174789,0.0,4560.088266174789,1.0,-16.0,5.4648,1599.0,5.18271875852082,close_unstuck_long
2805,514610,TIA,4.518099863666876,-0.017488319999999998,4564.588877718456,0.0,4564.588877718456,1.0,-16.0,5.4651,1583.0,5.18271875852082,close_unstuck_long
2806,514611,TIA,4.0684998636668865,-0.0173984,4568.639979182123,0.0,4568.639979182123,1.0,-16.0,5.437,1567.0,5.18271875852082,close_unstuck_long
2807,514612,TIA,4.2396998636668854,-0.017432640000000003,4572.86224640579,0.0,4572.86224640579,1.0,-16.0,5.4477,1551.0,5.18271875852082,close_unstuck_long
2808,514613,TIA,4.468499863666878,-0.0174784,4577.3132678694565,0.0,4577.3132678694565,1.0,-16.0,5.462,1535.0,5.18271875852082,close_unstuck_long
2809,515497,TIA,0.0,-0.24006342,4577.073204449456,0.0,4577.073204449456,1.0,219.0,5.4809,1754.0,5.219948913528768,entry_trailing_cropped_long
2810,515498,TIA,4.26961738353971,-0.01755776,4581.325264072996,0.0,4581.325264072996,1.0,-16.0,5.4868,1738.0,5.219948913528768,close_unstuck_long
2811,515500,TIA,4.047217383539717,-0.017513280000000003,4585.354968176536,0.0,4585.354968176536,1.0,-16.0,5.4729,1722.0,5.219948913528768,close_unstuck_long
2812,515501,TIA,4.0296173835397155,-0.01750976,4589.367075800076,0.0,4589.367075800076,1.0,-16.0,5.4718,1706.0,5.219948913528768,close_unstuck_long
2813,515502,TIA,4.0984173835397115,-0.01752352,4593.447969663616,0.0,4593.447969663616,1.0,-16.0,5.4761,1690.0,5.219948913528768,close_unstuck_long
2814,515503,TIA,4.332017383539721,-0.01757024,4597.762416807156,0.0,4597.762416807156,1.0,-16.0,5.4907,1674.0,5.219948913528768,close_unstuck_long
2815,515504,TIA,4.40401738353971,-0.01758464,4602.148849550696,0.0,4602.148849550696,1.0,-16.0,5.4952,1658.0,5.219948913528768,close_unstuck_long
2816,515505,TIA,4.666417383539709,-0.01763712,4606.797629814235,0.0,4606.797629814235,1.0,-16.0,5.5116,1642.0,5.219948913528768,close_unstuck_long
2817,515506,TIA,5.476017383539713,-0.01779904,4612.255848157774,0.0,4612.255848157774,1.0,-16.0,5.5622,1626.0,5.219948913528768,close_unstuck_long
2818,515507,TIA,4.970417383539711,-0.01769792,4617.208567621314,0.0,4617.208567621314,1.0,-16.0,5.5306,1610.0,5.219948913528768,close_unstuck_long
2819,515508,TIA,5.549617383539712,-0.01781376,4622.740371244853,0.0,4622.740371244853,1.0,-16.0,5.5668,1594.0,5.219948913528768,close_unstuck_long
2820,515509,TIA,5.645617383539715,-0.017832960000000002,4628.368155668393,0.0,4628.368155668393,1.0,-16.0,5.5728,1578.0,5.219948913528768,close_unstuck_long
2821,515510,TIA,5.461617383539718,-0.017796160000000002,4633.811976891933,0.0,4633.811976891933,1.0,-16.0,5.5613,1562.0,5.219948913528768,close_unstuck_long
2822,515511,TIA,5.468017383539717,-0.01779744,4639.262196835473,0.0,4639.262196835473,1.0,-16.0,5.5617,1546.0,5.219948913528768,close_unstuck_long
2823,515512,TIA,4.959217383539709,-0.01769568,4644.203718539013,0.0,4644.203718539013,1.0,-16.0,5.5299,1530.0,5.219948913528768,close_unstuck_long
2824,515815,TIA,0.0,-0.2602719,4643.943446639013,0.0,4643.943446639013,1.0,235.0,5.5377,1765.0,5.262255715410206,entry_trailing_cropped_long
2825,515816,TIA,4.1351085534366945,-0.01766624,4648.06088895245,0.0,4648.06088895245,1.0,-16.0,5.5207,1749.0,5.262255715410206,close_unstuck_long
2826,515817,TIA,4.136708553436705,-0.01766656,4652.179930945887,0.0,4652.179930945887,1.0,-16.0,5.5208,1733.0,5.262255715410206,close_unstuck_long
2827,515818,TIA,4.371908553436697,-0.0177136,4656.534125899323,0.0,4656.534125899323,1.0,-16.0,5.5355,1717.0,5.262255715410206,close_unstuck_long
2828,515819,TIA,4.301508553436705,-0.017699520000000003,4660.81793493276,0.0,4660.81793493276,1.0,-16.0,5.5311,1701.0,5.262255715410206,close_unstuck_long
2829,515820,TIA,4.1447085534367005,-0.017668160000000002,4664.944975326197,0.0,4664.944975326197,1.0,-16.0,5.5213,1685.0,5.262255715410206,close_unstuck_long
2830,515821,TIA,3.711108553436702,-0.01758144,4668.638502439634,0.0,4668.638502439634,1.0,-16.0,5.4942,1669.0,5.262255715410206,close_unstuck_long
2831,515822,TIA,3.803908553436699,-0.0176,4672.42481099307,0.0,4672.42481099307,1.0,-16.0,5.5,1653.0,5.262255715410206,close_unstuck_long
2832,515824,TIA,3.9207085534366968,-0.01762336,4676.327896186507,0.0,4676.327896186507,1.0,-16.0,5.5073,1637.0,5.262255715410206,close_unstuck_long
2833,515825,TIA,3.8503085534367045,-0.01760928,4680.160595459944,0.0,4680.160595459944,1.0,-16.0,5.5029,1621.0,5.262255715410206,close_unstuck_long
2834,515826,TIA,3.839352838026496,-0.018659540000000002,4683.98128875797,0.0,4683.98128875797,1.0,-17.0,5.4881,1604.0,5.262255715410206,close_unstuck_long
2835,515827,TIA,3.7747528380264956,-0.018646620000000003,4687.737394975997,0.0,4687.737394975997,1.0,-17.0,5.4843,1587.0,5.262255715410206,close_unstuck_long
2836,515828,TIA,4.162352838026498,-0.01872414,4691.881023674023,0.0,4691.881023674023,1.0,-17.0,5.5071,1570.0,5.262255715410206,close_unstuck_long
2837,515829,TIA,4.247352838026496,-0.018741140000000003,4696.1096353720495,0.0,4696.1096353720495,1.0,-17.0,5.5121,1553.0,5.262255715410206,close_unstuck_long
2838,515830,TIA,3.9311528380264935,-0.0186779,4700.022110310076,0.0,4700.022110310076,1.0,-17.0,5.4935,1536.0,5.262255715410206,close_unstuck_long
2839,516262,TIA,53.536772586140266,-0.26434808,4753.294534816216,0.0,4753.294534816216,1.0,-241.0,5.4844,1295.0,5.262255715410206,close_trailing_long
2840,516391,TIA,0.0,-0.53804088,4752.7564939362155,0.0,4752.7564939362155,1.0,468.0,5.7483,1763.0,5.391279382561667,entry_trailing_cropped_long
2841,516392,TIA,5.678729879013332,-0.018387840000000003,4758.416835975228,0.0,4758.416835975228,1.0,-16.0,5.7462,1747.0,5.391279382561667,close_unstuck_long
2842,516393,TIA,5.339529879013327,-0.01832,4763.738045854242,0.0,4763.738045854242,1.0,-16.0,5.725,1731.0,5.391279382561667,close_unstuck_long
2843,516394,TIA,5.189129879013336,-0.01828992,4768.908885813255,0.0,4768.908885813255,1.0,-16.0,5.7156,1715.0,5.391279382561667,close_unstuck_long
2844,516395,TIA,4.757129879013334,-0.01820352,4773.6478121722685,0.0,4773.6478121722685,1.0,-16.0,5.6886,1699.0,5.391279382561667,close_unstuck_long
2845,516396,TIA,3.9059298790133283,-0.01803328,4777.535708771282,0.0,4777.535708771282,1.0,-16.0,5.6354,1683.0,5.391279382561667,close_unstuck_long
2846,516397,TIA,3.2779504964516706,-0.018985940000000003,4780.794673327733,0.0,4780.794673327733,1.0,-17.0,5.5841,1666.0,5.391279382561667,close_unstuck_long
2847,516398,TIA,3.4683504964516647,-0.01902402,4784.243999804185,0.0,4784.243999804185,1.0,-17.0,5.5953,1649.0,5.391279382561667,close_unstuck_long
2848,516399,TIA,3.925129879013326,-0.01803712,4788.151092563198,0.0,4788.151092563198,1.0,-16.0,5.6366,1633.0,5.391279382561667,close_unstuck_long
2849,516401,TIA,3.818550496451664,-0.01909406,4791.95054899965,0.0,4791.95054899965,1.0,-17.0,5.6159,1616.0,5.391279382561667,close_unstuck_long
2850,516402,TIA,3.798150496451666,-0.01908998,4795.729609516102,0.0,4795.729609516102,1.0,-17.0,5.6147,1599.0,5.391279382561667,close_unstuck_long
2851,516403,TIA,3.532950496451665,-0.01903694,4799.243523072553,0.0,4799.243523072553,1.0,-17.0,5.5991,1582.0,5.391279382561667,close_unstuck_long
2852,516404,TIA,3.339150496451664,-0.01899818,4802.563675389005,0.0,4802.563675389005,1.0,-17.0,5.5877,1565.0,5.391279382561667,close_unstuck_long
2853,516405,TIA,3.740350496451665,-0.019078420000000002,4806.284947465457,0.0,4806.284947465457,1.0,-17.0,5.6113,1548.0,5.391279382561667,close_unstuck_long
2854,516833,TIA,0.0,-0.25329440000000003,4806.031653065456,0.0,4806.031653065456,1.0,230.0,5.5064,1778.0,5.4061712509592015,entry_trailing_cropped_long
2855,516834,TIA,1.782088733693577,-0.0187374,4807.79500439915,0.0,4807.79500439915,1.0,-17.0,5.511,1761.0,5.4061712509592015,close_unstuck_long
2856,516848,TIA,2.0608887336935764,-0.01879316,4809.837099972843,0.0,4809.837099972843,1.0,-17.0,5.5274,1744.0,5.4061712509592015,close_unstuck_long
2857,516849,TIA,2.213888733693582,-0.018823760000000002,4812.032164946537,0.0,4812.032164946537,1.0,-17.0,5.5364,1727.0,5.4061712509592015,close_unstuck_long
2858,516850,TIA,2.1747887336935676,-0.01881594,4814.188137740231,0.0,4814.188137740231,1.0,-17.0,5.5341,1710.0,5.4061712509592015,close_unstuck_long
2859,516852,TIA,2.0710887336935677,-0.0187952,4816.2404312739245,0.0,4816.2404312739245,1.0,-17.0,5.528,1693.0,5.4061712509592015,close_unstuck_long
2860,516853,TIA,2.26658873369358,-0.0188343,4818.488185707618,0.0,4818.488185707618,1.0,-17.0,5.5395,1676.0,5.4061712509592015,close_unstuck_long
2861,516854,TIA,2.4348887336935805,-0.018867960000000003,4820.904206481311,0.0,4820.904206481311,1.0,-17.0,5.5494,1659.0,5.4061712509592015,close_unstuck_long
2862,516855,TIA,2.312488733693579,-0.01884348,4823.197851735004,0.0,4823.197851735004,1.0,-17.0,5.5422,1642.0,5.4061712509592015,close_unstuck_long
2863,516856,TIA,2.5895887336935823,-0.0188989,4825.768541568698,0.0,4825.768541568698,1.0,-17.0,5.5585,1625.0,5.4061712509592015,close_unstuck_long
2864,516857,TIA,2.97718873369357,-0.01897642,4828.726753882392,0.0,4828.726753882392,1.0,-17.0,5.5813,1608.0,5.4061712509592015,close_unstuck_long
2865,516858,TIA,3.002688733693571,-0.01898152,4831.710461096085,0.0,4831.710461096085,1.0,-17.0,5.5828,1591.0,5.4061712509592015,close_unstuck_long
2866,516859,TIA,2.827588733693571,-0.0189465,4834.519103329779,0.0,4834.519103329779,1.0,-17.0,5.5725,1574.0,5.4061712509592015,close_unstuck_long
2867,516860,TIA,2.76978873369357,-0.01893494,4837.2699571234725,0.0,4837.2699571234725,1.0,-17.0,5.5691,1557.0,5.4061712509592015,close_unstuck_long
2868,516861,TIA,3.091088733693576,-0.0189992,4840.342046657166,0.0,4840.342046657166,1.0,-17.0,5.588,1540.0,5.4061712509592015,close_unstuck_long
2869,516995,TIA,0.0,-0.27114984000000003,4840.070896817166,0.0,4840.070896817166,1.0,236.0,5.7447,1776.0,5.451155927070479,entry_trailing_cropped_long
2870,516996,TIA,4.549505166872336,-0.0183536,4844.602048384038,0.0,4844.602048384038,1.0,-16.0,5.7355,1760.0,5.451155927070479,close_unstuck_long
2871,516997,TIA,4.165505166872336,-0.0182768,4848.749276750911,0.0,4848.749276750911,1.0,-16.0,5.7115,1744.0,5.451155927070479,close_unstuck_long
2872,516999,TIA,4.176705166872338,-0.01827904,4852.907702877784,0.0,4852.907702877784,1.0,-16.0,5.7122,1728.0,5.451155927070479,close_unstuck_long
2873,517000,TIA,4.15750516687234,-0.018275200000000002,4857.046932844656,0.0,4857.046932844656,1.0,-16.0,5.711,1712.0,5.451155927070479,close_unstuck_long
2874,517001,TIA,4.313649239801862,-0.01939666,4861.341185424458,0.0,4861.341185424458,1.0,-17.0,5.7049,1695.0,5.451155927070479,close_unstuck_long
2875,517002,TIA,4.260949239801864,-0.019386120000000003,4865.58274854426,0.0,4865.58274854426,1.0,-17.0,5.7018,1678.0,5.451155927070479,close_unstuck_long
2876,517003,TIA,4.257549239801857,-0.01938544,4869.820912344061,0.0,4869.820912344061,1.0,-17.0,5.7016,1661.0,5.451155927070479,close_unstuck_long
2877,517004,TIA,4.515949239801858,-0.019437120000000002,4874.317424463863,0.0,4874.317424463863,1.0,-17.0,5.7168,1644.0,5.451155927070479,close_unstuck_long
2878,517005,TIA,4.3085492398018586,-0.019395640000000002,4878.6065780636645,0.0,4878.6065780636645,1.0,-17.0,5.7046,1627.0,5.451155927070479,close_unstuck_long
2879,517006,TIA,4.3323492398018635,-0.0194004,4882.919526903466,0.0,4882.919526903466,1.0,-17.0,5.706,1610.0,5.451155927070479,close_unstuck_long
2880,517007,TIA,4.199749239801855,-0.01937388,4887.099902263268,0.0,4887.099902263268,1.0,-17.0,5.6982,1593.0,5.451155927070479,close_unstuck_long
2881,517008,TIA,3.7747492398018494,-0.019288879999999998,4890.85536262307,0.0,4890.85536262307,1.0,-17.0,5.6732,1576.0,5.451155927070479,close_unstuck_long
2882,517009,TIA,3.708449239801853,-0.01927562,4894.544536242872,0.0,4894.544536242872,1.0,-17.0,5.6693,1559.0,5.451155927070479,close_unstuck_long
2883,517219,TIA,64.01966564894408,-0.27663988,4958.287562011816,0.0,4958.287562011816,1.0,-242.0,5.7157,1317.0,5.451155927070479,close_trailing_long
2884,518016,TIA,0.0,-0.5474476,4957.740114411816,0.0,4957.740114411816,1.0,476.0,5.7505,1793.0,5.530624849945243,entry_trailing_cropped_long
2885,518017,TIA,3.7616775509308757,-0.01955646,4961.482235502746,0.0,4961.482235502746,1.0,-17.0,5.7519,1776.0,5.530624849945243,close_unstuck_long
2886,518018,TIA,3.7752775509308742,-0.019559180000000002,4965.237953873677,0.0,4965.237953873677,1.0,-17.0,5.7527,1759.0,5.530624849945243,close_unstuck_long
2887,518019,TIA,3.374077550930873,-0.01947894,4968.592552484608,0.0,4968.592552484608,1.0,-17.0,5.7291,1742.0,5.530624849945243,close_unstuck_long
2888,518020,TIA,3.3332775509308776,-0.01947078,4971.9063592555385,0.0,4971.9063592555385,1.0,-17.0,5.7267,1725.0,5.530624849945243,close_unstuck_long
2889,518021,TIA,2.994977550930881,-0.019403120000000003,4974.881933686469,0.0,4974.881933686469,1.0,-17.0,5.7068,1708.0,5.530624849945243,close_unstuck_long
2890,518022,TIA,3.098677550930881,-0.019423860000000005,4977.9611873774,0.0,4977.9611873774,1.0,-17.0,5.7129,1691.0,5.530624849945243,close_unstuck_long
2891,518023,TIA,3.0884775509308744,-0.01942182,4981.030243108331,0.0,4981.030243108331,1.0,-17.0,5.7123,1674.0,5.530624849945243,close_unstuck_long
2892,518024,TIA,2.967777550930869,-0.01939768,4983.978622979262,0.0,4983.978622979262,1.0,-17.0,5.7052,1657.0,5.530624849945243,close_unstuck_long
2893,518025,TIA,2.7263775509308728,-0.0193494,4986.685651130192,0.0,4986.685651130192,1.0,-17.0,5.691,1640.0,5.530624849945243,close_unstuck_long
2894,518026,TIA,2.787577550930881,-0.01936164,4989.453867041123,0.0,4989.453867041123,1.0,-17.0,5.6946,1623.0,5.530624849945243,close_unstuck_long
2895,518027,TIA,2.9031775509308684,-0.01938476,4992.337659832054,0.0,4992.337659832054,1.0,-17.0,5.7014,1606.0,5.530624849945243,close_unstuck_long
2896,518028,TIA,2.867477550930876,-0.019377619999999998,4995.185759762985,0.0,4995.185759762985,1.0,-17.0,5.6993,1589.0,5.530624849945243,close_unstuck_long
2897,518029,TIA,2.9371775509308797,-0.019391560000000002,4998.103545753916,0.0,4998.103545753916,1.0,-17.0,5.7034,1572.0,5.530624849945243,close_unstuck_long
2898,518030,TIA,2.6940775509308725,-0.01934294,5000.778280364846,0.0,5000.778280364846,1.0,-17.0,5.6891,1555.0,5.530624849945243,close_unstuck_long
2899,519058,TIA,0.0,-0.28049168,5000.4977886848465,0.0,5000.4977886848465,1.0,266.0,5.2724,1821.0,5.492905020134461,entry_trailing_cropped_long
2900,519710,TIA,-1.8198903624202938,-0.01941048,4998.658487842426,0.0,4998.658487842426,1.0,-18.0,5.3918,1803.0,5.492905020134461,close_unstuck_long
2901,519711,TIA,-1.7874903624202894,-0.01941696,4996.851580520006,0.0,4996.851580520006,1.0,-18.0,5.3936,1785.0,5.492905020134461,close_unstuck_long
2902,519714,TIA,-2.0664903624202946,-0.019361160000000002,4994.765728997586,0.0,4994.765728997586,1.0,-18.0,5.3781,1767.0,5.492905020134461,close_unstuck_long
2903,519715,TIA,-2.046690362420293,-0.01936512,4992.699673515166,0.0,4992.699673515166,1.0,-18.0,5.3792,1749.0,5.492905020134461,close_unstuck_long
2904,519716,TIA,-2.026890362420291,-0.01936908,4990.653414072745,0.0,4990.653414072745,1.0,-18.0,5.3803,1731.0,5.492905020134461,close_unstuck_long
2905,519719,TIA,-2.0304903624202986,-0.019368359999999998,4988.603555350325,0.0,4988.603555350325,1.0,-18.0,5.3801,1713.0,5.492905020134461,close_unstuck_long
2906,519720,TIA,-2.0574903624202996,-0.01936296,4986.526702027905,0.0,4986.526702027905,1.0,-18.0,5.3786,1695.0,5.492905020134461,close_unstuck_long
2907,519721,TIA,-2.1060903624202982,-0.01935324,4984.401258425485,0.0,4984.401258425485,1.0,-18.0,5.3759,1677.0,5.492905020134461,close_unstuck_long
2908,519722,TIA,-1.726290362420288,-0.0194292,4982.655538863065,0.0,4982.655538863065,1.0,-18.0,5.397,1659.0,5.492905020134461,close_unstuck_long
2909,519723,TIA,-0.8388903624202939,-0.01960668,4981.797041820645,0.0,4981.797041820645,1.0,-18.0,5.4463,1641.0,5.492905020134461,close_unstuck_long
2910,519724,TIA,-0.1602903624202927,-0.0197424,4981.6170090582245,0.0,4981.6170090582245,1.0,-18.0,5.484,1623.0,5.492905020134461,close_unstuck_long
2911,519725,TIA,0.04490963757970867,-0.019783440000000003,4981.6421352558045,0.0,4981.6421352558045,1.0,-18.0,5.4954,1605.0,5.492905020134461,close_unstuck_long
2912,519726,TIA,0.7307096375797091,-0.019920600000000004,4982.352924293385,0.0,4982.352924293385,1.0,-18.0,5.5335,1587.0,5.492905020134461,close_unstuck_long
2913,519727,TIA,0.037709637579709465,-0.019782,4982.370851930964,0.0,4982.370851930964,1.0,-18.0,5.495,1569.0,5.492905020134461,close_unstuck_long
2914,520651,TIA,0.0,-0.26970320000000003,4982.101148730964,0.0,4982.101148730964,1.0,260.0,5.1866,1829.0,5.44936248036685,entry_trailing_cropped_long
2915,520664,TIA,-4.181187126970147,-0.01987134,4977.900090263995,0.0,4977.900090263995,1.0,-19.0,5.2293,1810.0,5.44936248036685,close_unstuck_long
2916,520665,TIA,-3.7217246466032954,-0.018873360000000002,4974.159492257391,0.0,4974.159492257391,1.0,-18.0,5.2426,1792.0,5.44936248036685,close_unstuck_long
2917,520667,TIA,-4.118487126970158,-0.01988388,4970.021121250421,0.0,4970.021121250421,1.0,-19.0,5.2326,1773.0,5.44936248036685,close_unstuck_long
2918,520669,TIA,-3.907124646603295,-0.018836280000000004,4966.095160323817,0.0,4966.095160323817,1.0,-18.0,5.2323,1755.0,5.44936248036685,close_unstuck_long
2919,520674,TIA,-3.817124646603297,-0.01885428,4962.259181397214,0.0,4962.259181397214,1.0,-18.0,5.2373,1737.0,5.44936248036685,close_unstuck_long
2920,520688,TIA,-3.291524646603307,-0.0189594,4958.948697350611,0.0,4958.948697350611,1.0,-18.0,5.2665,1719.0,5.44936248036685,close_unstuck_long
2921,520689,TIA,-3.2861246466033034,-0.018960480000000002,4955.6436122240075,0.0,4955.6436122240075,1.0,-18.0,5.2668,1701.0,5.44936248036685,close_unstuck_long
2922,520690,TIA,-3.0773246466032944,-0.01900224,4952.547285337404,0.0,4952.547285337404,1.0,-18.0,5.2784,1683.0,5.44936248036685,close_unstuck_long
2923,520691,TIA,-3.3509246466032963,-0.018947520000000002,4949.177413170801,0.0,4949.177413170801,1.0,-18.0,5.2632,1665.0,5.44936248036685,close_unstuck_long
2924,520692,TIA,-3.8981246466033,-0.01883808,4945.260450444197,0.0,4945.260450444197,1.0,-18.0,5.2328,1647.0,5.44936248036685,close_unstuck_long
2925,520693,TIA,-3.741524646603297,-0.0188694,4941.500056397594,0.0,4941.500056397594,1.0,-18.0,5.2415,1629.0,5.44936248036685,close_unstuck_long
2926,520694,TIA,-3.7091246466033088,-0.018875879999999998,4937.772055870991,0.0,4937.772055870991,1.0,-18.0,5.2433,1611.0,5.44936248036685,close_unstuck_long
2927,520696,TIA,-3.725324646603303,-0.018872640000000003,4934.027858584387,0.0,4934.027858584387,1.0,-18.0,5.2424,1593.0,5.44936248036685,close_unstuck_long
2928,520712,TIA,-3.581324646603303,-0.018901440000000002,4930.427632497784,0.0,4930.427632497784,1.0,-18.0,5.2504,1575.0,5.44936248036685,close_unstuck_long
2929,520713,TIA,-3.4139246466033093,-0.01893492,4926.994772931181,0.0,4926.994772931181,1.0,-18.0,5.2597,1557.0,5.44936248036685,close_unstuck_long
2930,521318,TIA,0.0,-0.27349320000000005,4926.72127973118,0.0,4926.72127973118,1.0,271.0,5.046,1828.0,5.389564213310277,entry_trailing_cropped_long
2931,521418,TIA,-5.1787200528952635,-0.0194446,4921.523115078285,0.0,4921.523115078285,1.0,-19.0,5.117,1809.0,5.389564213310277,close_unstuck_long
2932,521447,TIA,-5.1825200528952715,-0.019443839999999997,4916.32115118539,0.0,4916.32115118539,1.0,-19.0,5.1168,1790.0,5.389564213310277,close_unstuck_long
2933,521448,TIA,-5.053320052895269,-0.01946968,4911.2483614524945,0.0,4911.2483614524945,1.0,-19.0,5.1236,1771.0,5.389564213310277,close_unstuck_long
2934,521449,TIA,-5.188220052895258,-0.019442700000000004,4906.0406986995995,0.0,4906.0406986995995,1.0,-19.0,5.1165,1752.0,5.389564213310277,close_unstuck_long
2935,521450,TIA,-5.176820052895268,-0.01944498,4900.844433666704,0.0,4900.844433666704,1.0,-19.0,5.1171,1733.0,5.389564213310277,close_unstuck_long
2936,521453,TIA,-5.226220052895271,-0.0194351,4895.5987785138095,0.0,4895.5987785138095,1.0,-19.0,5.1145,1714.0,5.389564213310277,close_unstuck_long
2937,521454,TIA,-5.1787200528952635,-0.0194446,4890.400613860914,0.0,4890.400613860914,1.0,-19.0,5.117,1695.0,5.389564213310277,close_unstuck_long
2938,521455,TIA,-2.474677919792491,-0.00920628,4887.916729661121,0.0,4887.916729661121,1.0,-9.0,5.1146,1686.0,5.389564213310277,close_unstuck_long
2939,521563,TIA,-0.2736642133102771,-0.00102318,4887.642042267811,0.0,4887.642042267811,1.0,-1.0,5.1159,1685.0,5.389564213310277,close_unstuck_long
2940,523256,TIA,0.0,-0.13849836000000001,4887.503543907811,0.0,4887.503543907811,1.0,143.0,4.8426,1828.0,5.346776531415654,entry_trailing_cropped_long
2941,528483,TIA,55.75369674033343,-0.2752815,4942.981959148145,0.0,4942.981959148145,1.0,-247.0,5.5725,1581.0,5.346776531415654,close_trailing_long
2942,531632,TIA,0.0,-0.28628076,4942.695678388144,0.0,4942.695678388144,1.0,282.0,5.0759,1863.0,5.305774286724718,entry_trailing_cropped_long
2943,531633,TIA,-4.544311447769641,-0.019253080000000002,4938.132113860374,0.0,4938.132113860374,1.0,-19.0,5.0666,1844.0,5.305774286724718,close_unstuck_long
2944,531634,TIA,-4.825511447769644,-0.01919684,4933.287405572605,0.0,4933.287405572605,1.0,-19.0,5.0518,1825.0,5.305774286724718,close_unstuck_long
2945,531635,TIA,-4.9148114477696385,-0.01917898,4928.353415144836,0.0,4928.353415144836,1.0,-19.0,5.0471,1806.0,5.305774286724718,close_unstuck_long
2946,531636,TIA,-4.474011447769653,-0.01926714,4923.860136557066,0.0,4923.860136557066,1.0,-19.0,5.0703,1787.0,5.305774286724718,close_unstuck_long
2947,531637,TIA,-4.447411447769648,-0.01927246,4919.393452649296,0.0,4919.393452649296,1.0,-19.0,5.0717,1768.0,5.305774286724718,close_unstuck_long
2948,531638,TIA,-4.418911447769647,-0.01927816,4914.955263041526,0.0,4914.955263041526,1.0,-19.0,5.0732,1749.0,5.305774286724718,close_unstuck_long
2949,531639,TIA,-3.947711447769648,-0.0193724,4910.988179193757,0.0,4910.988179193757,1.0,-19.0,5.098,1730.0,5.305774286724718,close_unstuck_long
2950,531640,TIA,-3.617111447769642,-0.01943852,4907.351629225987,0.0,4907.351629225987,1.0,-19.0,5.1154,1711.0,5.305774286724718,close_unstuck_long
2951,531641,TIA,-3.6361114477696486,-0.01943472,4903.6960830582175,0.0,4903.6960830582175,1.0,-19.0,5.1144,1692.0,5.305774286724718,close_unstuck_long
2952,531642,TIA,-3.567711447769639,-0.0194484,4900.108923210448,0.0,4900.108923210448,1.0,-19.0,5.118,1673.0,5.305774286724718,close_unstuck_long
2953,531643,TIA,-3.5373114477696426,-0.019454480000000003,4896.552157282678,0.0,4896.552157282678,1.0,-19.0,5.1196,1654.0,5.305774286724718,close_unstuck_long
2954,531644,TIA,-3.543011447769646,-0.01945334,4892.989692494909,0.0,4892.989692494909,1.0,-19.0,5.1193,1635.0,5.305774286724718,close_unstuck_long
2955,531645,TIA,-3.5867114477696456,-0.0194446,4889.38353644714,0.0,4889.38353644714,1.0,-19.0,5.117,1616.0,5.305774286724718,close_unstuck_long
2956,531646,TIA,-2.4734400141460515,-0.014361480000000001,4886.895734952994,0.0,4886.895734952994,1.0,-14.0,5.1291,1602.0,5.305774286724718,close_unstuck_long
2957,531647,TIA,-0.2030742867247186,-0.00102054,4886.691640126269,0.0,4886.691640126269,1.0,-1.0,5.1027,1601.0,5.305774286724718,close_unstuck_long
2958,532099,TIA,0.0,-0.25528128,4886.436358846268,0.0,4886.436358846268,1.0,248.0,5.1468,1849.0,5.284451613329515,entry_trailing_cropped_long
2959,533156,TIA,86.36209666762129,-0.28149500000000005,4972.51696051389,0.0,4972.51696051389,1.0,-250.0,5.6299,1599.0,5.284451613329515,close_trailing_long
2960,533783,TIA,0.0,-0.2989836,4972.21797691389,0.0,4972.21797691389,1.0,265.0,5.6412,1864.0,5.335169597485995,entry_trailing_cropped_long
2961,533784,TIA,5.1736168427380775,-0.019174300000000002,4977.372419456628,0.0,4977.372419456628,1.0,-17.0,5.6395,1847.0,5.335169597485995,close_unstuck_long
2962,533785,TIA,5.260316842738072,-0.01919164,4982.613544659366,0.0,4982.613544659366,1.0,-17.0,5.6446,1830.0,5.335169597485995,close_unstuck_long
2963,533786,TIA,4.8268168427380855,-0.019104940000000004,4987.421256562105,0.0,4987.421256562105,1.0,-17.0,5.6191,1813.0,5.335169597485995,close_unstuck_long
2964,533787,TIA,4.925416842738082,-0.01912466,4992.327548744843,0.0,4992.327548744843,1.0,-17.0,5.6249,1796.0,5.335169597485995,close_unstuck_long
2965,533788,TIA,5.005316842738077,-0.01914064,4997.31372494758,0.0,4997.31372494758,1.0,-17.0,5.6296,1779.0,5.335169597485995,close_unstuck_long
2966,533789,TIA,5.029116842738082,-0.019145400000000003,5002.323696390318,0.0,5002.323696390318,1.0,-17.0,5.631,1762.0,5.335169597485995,close_unstuck_long
2967,533790,TIA,4.911816842738084,-0.01912194,5007.216391293056,0.0,5007.216391293056,1.0,-17.0,5.6241,1745.0,5.335169597485995,close_unstuck_long
2968,533791,TIA,5.042716842738081,-0.01914812,5012.239960015794,0.0,5012.239960015794,1.0,-17.0,5.6318,1728.0,5.335169597485995,close_unstuck_long
2969,533792,TIA,4.814916842738083,-0.01910256,5017.0357742985325,0.0,5017.0357742985325,1.0,-17.0,5.6184,1711.0,5.335169597485995,close_unstuck_long
2970,533793,TIA,4.517416842738082,-0.01904306,5021.53414808127,0.0,5021.53414808127,1.0,-17.0,5.6009,1694.0,5.335169597485995,close_unstuck_long
2971,533794,TIA,4.223316842738073,-0.01898424,5025.738480684008,0.0,5025.738480684008,1.0,-17.0,5.5836,1677.0,5.335169597485995,close_unstuck_long
2972,533795,TIA,4.369147245252076,-0.020080439999999998,5030.08754748926,0.0,5030.08754748926,1.0,-18.0,5.5779,1659.0,5.335169597485995,close_unstuck_long
2973,533796,TIA,4.6925168427380815,-0.01907808,5034.7609862519985,0.0,5034.7609862519985,1.0,-17.0,5.6112,1642.0,5.335169597485995,close_unstuck_long
2974,533797,TIA,4.476616842738071,-0.0190349,5039.218568194737,0.0,5039.218568194737,1.0,-17.0,5.5985,1625.0,5.335169597485995,close_unstuck_long
2975,534212,TIA,0.0,-0.28134608,5038.937222114737,0.0,5038.937222114737,1.0,248.0,5.6723,1873.0,5.379808326703013,entry_trailing_cropped_long
2976,534213,TIA,5.087958446048783,-0.019308940000000004,5044.005871620786,0.0,5044.005871620786,1.0,-17.0,5.6791,1856.0,5.379808326703013,close_unstuck_long
2977,534214,TIA,5.128758446048779,-0.0193171,5049.115312966835,0.0,5049.115312966835,1.0,-17.0,5.6815,1839.0,5.379808326703013,close_unstuck_long
2978,534215,TIA,5.208658446048789,-0.019333080000000002,5054.304638332884,0.0,5054.304638332884,1.0,-17.0,5.6862,1822.0,5.379808326703013,close_unstuck_long
2979,534216,TIA,5.26645844604879,-0.019344640000000003,5059.551752138933,0.0,5059.551752138933,1.0,-17.0,5.6896,1805.0,5.379808326703013,close_unstuck_long
2980,534217,TIA,5.368458446048779,-0.01936504,5064.900845544982,0.0,5064.900845544982,1.0,-17.0,5.6956,1788.0,5.379808326703013,close_unstuck_long
2981,534218,TIA,5.6795584460487785,-0.01942726,5070.560976731031,0.0,5070.560976731031,1.0,-17.0,5.7139,1771.0,5.379808326703013,close_unstuck_long
2982,534219,TIA,5.8648584460487845,-0.01946432,5076.406370857079,0.0,5076.406370857079,1.0,-17.0,5.7248,1754.0,5.379808326703013,close_unstuck_long
2983,534220,TIA,5.8138584460487825,-0.019454120000000002,5082.200775183128,0.0,5082.200775183128,1.0,-17.0,5.7218,1737.0,5.379808326703013,close_unstuck_long
2984,534221,TIA,5.980458446048787,-0.01948744,5088.1617461891765,0.0,5088.1617461891765,1.0,-17.0,5.7316,1720.0,5.379808326703013,close_unstuck_long
2985,534222,TIA,5.616658446048789,-0.019414680000000004,5093.758989955225,0.0,5093.758989955225,1.0,-17.0,5.7102,1703.0,5.379808326703013,close_unstuck_long
2986,534223,TIA,5.50615844604879,-0.019392580000000003,5099.245755821274,0.0,5099.245755821274,1.0,-17.0,5.7037,1686.0,5.379808326703013,close_unstuck_long
2987,534224,TIA,5.584358446048789,-0.01940822,5104.810706047322,0.0,5104.810706047322,1.0,-17.0,5.7083,1669.0,5.379808326703013,close_unstuck_long
2988,534225,TIA,5.436458446048786,-0.019378640000000003,5110.227785853371,0.0,5110.227785853371,1.0,-17.0,5.6996,1652.0,5.379808326703013,close_unstuck_long
2989,534226,TIA,5.385458446048784,-0.01936844,5115.593875859419,0.0,5115.593875859419,1.0,-17.0,5.6966,1635.0,5.379808326703013,close_unstuck_long
2990,534339,TIA,0.0,-0.28674264000000005,5115.3071332194195,0.0,5115.3071332194195,1.0,239.0,5.9988,1874.0,5.458751234876962,entry_trailing_cropped_long
2991,534340,TIA,9.306629007091646,-0.02042108,5124.593341146511,0.0,5124.593341146511,1.0,-17.0,6.0062,1857.0,5.458751234876962,close_unstuck_long
2992,534341,TIA,9.746380241968609,-0.019417280000000002,5134.32030410848,0.0,5134.32030410848,1.0,-16.0,6.0679,1841.0,5.458751234876962,close_unstuck_long
2993,534342,TIA,9.557580241968608,-0.01937952,5143.8585048304485,0.0,5143.8585048304485,1.0,-16.0,6.0561,1825.0,5.458751234876962,close_unstuck_long
2994,534343,TIA,9.509580241968607,-0.01936992,5153.348715152417,0.0,5153.348715152417,1.0,-16.0,6.0531,1809.0,5.458751234876962,close_unstuck_long
2995,534344,TIA,10.022329007091653,-0.02056422,5163.350479939509,0.0,5163.350479939509,1.0,-17.0,6.0483,1792.0,5.458751234876962,close_unstuck_long
2996,534345,TIA,9.818329007091645,-0.02052342,5173.1482855266,0.0,5173.1482855266,1.0,-17.0,6.0363,1775.0,5.458751234876962,close_unstuck_long
2997,534346,TIA,10.268829007091654,-0.02061352,5183.396501013692,0.0,5183.396501013692,1.0,-17.0,6.0628,1758.0,5.458751234876962,close_unstuck_long
2998,534347,TIA,10.661529007091644,-0.020692059999999998,5194.037337960784,0.0,5194.037337960784,1.0,-17.0,6.0859,1741.0,5.458751234876962,close_unstuck_long
2999,534348,TIA,10.751629007091644,-0.02071008,5204.768256887875,0.0,5204.768256887875,1.0,-17.0,6.0912,1724.0,5.458751234876962,close_unstuck_long
3000,534349,TIA,11.047429007091651,-0.02076924,5215.794916654967,0.0,5215.794916654967,1.0,-17.0,6.1086,1707.0,5.458751234876962,close_unstuck_long
3001,534350,TIA,10.901580241968617,-0.01964832,5226.676848576935,0.0,5226.676848576935,1.0,-16.0,6.1401,1691.0,5.458751234876962,close_unstuck_long
3002,534352,TIA,9.327029007091642,-0.02042516,5235.983452424027,0.0,5235.983452424027,1.0,-17.0,6.0074,1674.0,5.458751234876962,close_unstuck_long
3003,534353,TIA,11.599929007091646,-0.02087974,5247.562501691118,0.0,5247.562501691118,1.0,-17.0,6.1411,1657.0,5.458751234876962,close_unstuck_long
3004,534376,TIA,149.53333016686696,-0.31266998000000007,5396.783161877985,0.0,5396.783161877985,1.0,-259.0,6.0361,1398.0,5.458751234876962,close_trailing_long
3005,534414,TIA,101.76672028785123,-0.31185066000000006,5498.238031505836,0.0,5498.238031505836,1.0,-267.0,5.8399,1131.0,5.458751234876962,close_trailing_long
3006,534617,TIA,0.0,-0.72383862,5497.514192885837,0.0,5497.514192885837,1.0,597.0,6.0623,1728.0,5.667268950605234,entry_trailing_normal_long
3007,534618,TIA,7.038558889105795,-0.021809880000000004,5504.530941894943,0.0,5504.530941894943,1.0,-18.0,6.0583,1710.0,5.667268950605234,close_unstuck_long
3008,534619,TIA,6.957558889105792,-0.021793680000000003,5511.4667071040485,0.0,5511.4667071040485,1.0,-18.0,6.0538,1692.0,5.667268950605234,close_unstuck_long
3009,534620,TIA,6.923358889105792,-0.021786840000000002,5518.368279153155,0.0,5518.368279153155,1.0,-18.0,6.0519,1674.0,5.667268950605234,close_unstuck_long
3010,534682,TIA,0.0,-0.31022352000000003,5518.058055633154,0.0,5518.058055633154,1.0,243.0,6.3832,1917.0,5.758020773767949,entry_trailing_cropped_long
3011,534685,TIA,9.73724684594486,-0.02152472,5527.773777759099,0.0,5527.773777759099,1.0,-17.0,6.3308,1900.0,5.758020773767949,close_unstuck_long
3012,534686,TIA,9.409146845944854,-0.0214591,5537.161465505044,0.0,5537.161465505044,1.0,-17.0,6.3115,1883.0,5.758020773767949,close_unstuck_long
3013,534687,TIA,9.917446845944863,-0.02156076,5547.057351590989,0.0,5547.057351590989,1.0,-17.0,6.3414,1866.0,5.758020773767949,close_unstuck_long
3014,534688,TIA,10.483546845944858,-0.021673980000000002,5557.519224456934,0.0,5557.519224456934,1.0,-17.0,6.3747,1849.0,5.758020773767949,close_unstuck_long
3015,534689,TIA,9.533246845944866,-0.02148392,5567.030987382879,0.0,5567.030987382879,1.0,-17.0,6.3188,1832.0,5.758020773767949,close_unstuck_long
3016,534690,TIA,9.847746845944858,-0.02154682,5576.857187408824,0.0,5576.857187408824,1.0,-17.0,6.3373,1815.0,5.758020773767949,close_unstuck_long
3017,534691,TIA,10.230246845944858,-0.02162332,5587.065810934769,0.0,5587.065810934769,1.0,-17.0,6.3598,1798.0,5.758020773767949,close_unstuck_long
3018,534692,TIA,9.013046845944856,-0.02137988,5596.057477900714,0.0,5596.057477900714,1.0,-17.0,6.2882,1781.0,5.758020773767949,close_unstuck_long
3019,534693,TIA,8.557446845944861,-0.02128876,5604.593635986659,0.0,5604.593635986659,1.0,-17.0,6.2614,1764.0,5.758020773767949,close_unstuck_long
3020,534694,TIA,8.096746845944864,-0.021196620000000003,5612.669186212604,0.0,5612.669186212604,1.0,-17.0,6.2343,1747.0,5.758020773767949,close_unstuck_long
3021,534695,TIA,8.198746845944868,-0.021217020000000003,5620.846716038548,0.0,5620.846716038548,1.0,-17.0,6.2403,1730.0,5.758020773767949,close_unstuck_long
3022,534696,TIA,8.866846845944865,-0.021350640000000004,5629.692212244493,0.0,5629.692212244493,1.0,-17.0,6.2796,1713.0,5.758020773767949,close_unstuck_long
3023,534697,TIA,9.013046845944856,-0.02137988,5638.683879210438,0.0,5638.683879210438,1.0,-17.0,6.2882,1696.0,5.758020773767949,close_unstuck_long
3024,534770,TIA,111.93051572526146,-0.3264096,5750.2879853357,0.0,5750.2879853357,1.0,-264.0,6.182,1432.0,5.758020773767949,close_trailing_long
3025,534853,TIA,76.68631185642158,-0.32511878000000005,5826.649178412122,0.0,5826.649178412122,1.0,-269.0,6.0431,1163.0,5.758020773767949,close_trailing_long
3026,535061,TIA,0.0,-0.7792396800000001,5825.869938732122,0.0,5825.869938732122,1.0,614.0,6.3456,1777.0,5.961044772027082,entry_trailing_normal_long
3027,535063,TIA,6.354994103512528,-0.02273076,5832.202202075635,0.0,5832.202202075635,1.0,-18.0,6.3141,1759.0,5.961044772027082,close_unstuck_long
3028,535064,TIA,6.317194103512536,-0.022723200000000002,5838.496672979148,0.0,5838.496672979148,1.0,-18.0,6.312,1741.0,5.961044772027082,close_unstuck_long
3029,535065,TIA,6.327994103512527,-0.02272536,5844.801941722661,0.0,5844.801941722661,1.0,-18.0,6.3126,1723.0,5.961044772027082,close_unstuck_long
3030,535066,TIA,6.320794103512528,-0.022723919999999998,5851.100011906173,0.0,5851.100011906173,1.0,-18.0,6.3122,1705.0,5.961044772027082,close_unstuck_long
3031,535139,TIA,0.0,-0.30815460000000006,5850.7918573061725,0.0,5850.7918573061725,1.0,234.0,6.5845,1939.0,6.036283824809786,entry_trailing_cropped_long
3032,535140,TIA,10.368574978233646,-0.022597080000000002,5861.137835204406,0.0,5861.137835204406,1.0,-17.0,6.6462,1922.0,6.036283824809786,close_unstuck_long
3033,535141,TIA,9.768474978233641,-0.02247706,5870.88383312264,0.0,5870.88383312264,1.0,-17.0,6.6109,1905.0,6.036283824809786,close_unstuck_long
3034,535142,TIA,11.215174978233636,-0.0227664,5882.076241700874,0.0,5882.076241700874,1.0,-17.0,6.696,1888.0,6.036283824809786,close_unstuck_long
3035,535143,TIA,11.798274978233636,-0.02288302,5893.851633659107,0.0,5893.851633659107,1.0,-17.0,6.7303,1871.0,6.036283824809786,close_unstuck_long
3036,535144,TIA,11.864574978233648,-0.02289628,5905.693312357341,0.0,5905.693312357341,1.0,-17.0,6.7342,1854.0,6.036283824809786,close_unstuck_long
3037,535145,TIA,10.949974978233634,-0.022713360000000002,5916.620573975574,0.0,5916.620573975574,1.0,-17.0,6.6804,1837.0,6.036283824809786,close_unstuck_long
3038,535146,TIA,11.69287497823364,-0.02286194,5928.290587013807,0.0,5928.290587013807,1.0,-17.0,6.7241,1820.0,6.036283824809786,close_unstuck_long
3039,535147,TIA,10.983974978233647,-0.022720160000000003,5939.2518418320415,0.0,5939.2518418320415,1.0,-17.0,6.6824,1803.0,6.036283824809786,close_unstuck_long
3040,535148,TIA,10.047891153423855,-0.0237402,5949.275992785465,0.0,5949.275992785465,1.0,-18.0,6.5945,1785.0,6.036283824809786,close_unstuck_long
3041,535149,TIA,9.97049115342386,-0.023724720000000005,5959.222759218889,0.0,5959.222759218889,1.0,-18.0,6.5902,1767.0,6.036283824809786,close_unstuck_long
3042,535150,TIA,10.274691153423854,-0.02378556,5969.4736648123135,0.0,5969.4736648123135,1.0,-18.0,6.6071,1749.0,6.036283824809786,close_unstuck_long
3043,535151,TIA,9.671691153423852,-0.02366496,5979.121691005737,0.0,5979.121691005737,1.0,-18.0,6.5736,1731.0,6.036283824809786,close_unstuck_long
3044,535152,TIA,9.527691153423852,-0.023636160000000003,5988.625745999161,0.0,5988.625745999161,1.0,-18.0,6.5656,1713.0,6.036283824809786,close_unstuck_long
3045,535190,TIA,150.43273495097736,-0.35363136,6138.704849590138,0.0,6138.704849590138,1.0,-268.0,6.5976,1445.0,6.036283824809786,close_trailing_long
3046,535211,TIA,0.0,-0.71105796,6137.993791630138,0.0,6137.993791630138,1.0,522.0,6.8109,1967.0,6.241850496619289,entry_trailing_cropped_long
3047,535212,TIA,11.166441557472082,-0.02345558,6149.1367776076095,0.0,6149.1367776076095,1.0,-17.0,6.8987,1950.0,6.241850496619289,close_unstuck_long
3048,535213,TIA,11.831141557472087,-0.02358852,6160.944330645081,0.0,6160.944330645081,1.0,-17.0,6.9378,1933.0,6.241850496619289,close_unstuck_long
3049,535214,TIA,11.057641557472078,-0.02343382,6171.978538382553,0.0,6171.978538382553,1.0,-17.0,6.8923,1916.0,6.241850496619289,close_unstuck_long
3050,535215,TIA,10.071891060852797,-0.024485040000000003,6182.025944403405,0.0,6182.025944403405,1.0,-18.0,6.8014,1898.0,6.241850496619289,close_unstuck_long
3051,535216,TIA,9.044091060852795,-0.024279480000000003,6191.045755984258,0.0,6191.045755984258,1.0,-18.0,6.7443,1880.0,6.241850496619289,close_unstuck_long
3052,535217,TIA,9.072891060852792,-0.02428524,6200.094361805111,0.0,6200.094361805111,1.0,-18.0,6.7459,1862.0,6.241850496619289,close_unstuck_long
3053,535218,TIA,8.442891060852789,-0.024159240000000002,6208.513093625963,0.0,6208.513093625963,1.0,-18.0,6.7109,1844.0,6.241850496619289,close_unstuck_long
3054,535220,TIA,8.253891060852798,-0.02412144,6216.742863246815,0.0,6216.742863246815,1.0,-18.0,6.7004,1826.0,6.241850496619289,close_unstuck_long
3055,535221,TIA,9.116091060852803,-0.024293880000000004,6225.8346604276685,0.0,6225.8346604276685,1.0,-18.0,6.7483,1808.0,6.241850496619289,close_unstuck_long
3056,535222,TIA,8.87489106085279,-0.02424564,6234.685305848521,0.0,6234.685305848521,1.0,-18.0,6.7349,1790.0,6.241850496619289,close_unstuck_long
3057,535223,TIA,8.846091060852793,-0.024239880000000002,6243.507157029374,0.0,6243.507157029374,1.0,-18.0,6.7333,1772.0,6.241850496619289,close_unstuck_long
3058,535224,TIA,6.246240564233502,-0.02496828,6249.728429313607,0.0,6249.728429313607,1.0,-19.0,6.5706,1753.0,6.241850496619289,close_unstuck_long
3059,535225,TIA,8.115291060852801,-0.024093720000000002,6257.81962665446,0.0,6257.81962665446,1.0,-18.0,6.6927,1735.0,6.241850496619289,close_unstuck_long
3060,535232,TIA,0.0,-0.33685236,6257.48277429446,0.0,6257.48277429446,1.0,234.0,7.1977,1969.0,6.355445612815879,entry_trailing_cropped_long
3061,535233,TIA,12.18822458213005,-0.02404616,6269.64695271659,0.0,6269.64695271659,1.0,-17.0,7.0724,1952.0,6.355445612815879,close_unstuck_long
3062,535234,TIA,11.076424582130045,-0.023823800000000003,6280.69955349872,0.0,6280.69955349872,1.0,-17.0,7.007,1935.0,6.355445612815879,close_unstuck_long
3063,535235,TIA,11.464024582130047,-0.02390132,6292.13967676085,0.0,6292.13967676085,1.0,-17.0,7.0298,1918.0,6.355445612815879,close_unstuck_long
3064,535236,TIA,10.95742458213005,-0.0238,6303.07330134298,0.0,6303.07330134298,1.0,-17.0,7.0,1901.0,6.355445612815879,close_unstuck_long
3065,535237,TIA,11.960424582130052,-0.0240006,6315.00972532511,0.0,6315.00972532511,1.0,-17.0,7.059,1884.0,6.355445612815879,close_unstuck_long
3066,535238,TIA,12.688024582130048,-0.02414612,6327.67360378724,0.0,6327.67360378724,1.0,-17.0,7.1018,1867.0,6.355445612815879,close_unstuck_long
3067,535239,TIA,12.178024582130044,-0.02404412,6339.8275842493695,0.0,6339.8275842493695,1.0,-17.0,7.0718,1850.0,6.355445612815879,close_unstuck_long
3068,535240,TIA,13.544824582130044,-0.02431748,6353.3480913514995,0.0,6353.3480913514995,1.0,-17.0,7.1522,1833.0,6.355445612815879,close_unstuck_long
3069,535241,TIA,13.039924582130045,-0.024216500000000002,6366.3637994336295,0.0,6366.3637994336295,1.0,-17.0,7.1225,1816.0,6.355445612815879,close_unstuck_long
3070,535242,TIA,12.584324582130048,-0.02412538,6378.92399863576,0.0,6378.92399863576,1.0,-17.0,7.0957,1799.0,6.355445612815879,close_unstuck_long
3071,535244,TIA,8.433978969314168,-0.0245664,6387.333411205074,0.0,6387.333411205074,1.0,-18.0,6.824,1781.0,6.355445612815879,close_unstuck_long
3072,535245,TIA,7.766178969314174,-0.024432840000000004,6395.075157334389,0.0,6395.075157334389,1.0,-18.0,6.7869,1763.0,6.355445612815879,close_unstuck_long
3073,535246,TIA,6.975978969314177,-0.024274800000000003,6402.026861503703,0.0,6402.026861503703,1.0,-18.0,6.743,1745.0,6.355445612815879,close_unstuck_long
3074,535266,TIA,119.31399331408088,-0.36959904000000005,6520.971255777784,0.0,6520.971255777784,1.0,-272.0,6.7941,1473.0,6.355445612815879,close_trailing_long
3075,535288,TIA,0.0,-0.73675512,6520.234500657783,0.0,6520.234500657783,1.0,516.0,7.1391,1989.0,6.5587466001396635,entry_trailing_cropped_long
3076,535289,TIA,11.335561197486063,-0.0258786,6531.54418325527,0.0,6531.54418325527,1.0,-18.0,7.1885,1971.0,6.5587466001396635,close_unstuck_long
3077,535290,TIA,11.722561197486057,-0.025956,6543.240788452756,0.0,6543.240788452756,1.0,-18.0,7.21,1953.0,6.5587466001396635,close_unstuck_long
3078,535291,TIA,11.232961197486063,-0.025858080000000002,6554.447891570242,0.0,6554.447891570242,1.0,-18.0,7.1828,1935.0,6.5587466001396635,close_unstuck_long
3079,535292,TIA,10.100761197486063,-0.02563164,6564.5230211277285,0.0,6564.5230211277285,1.0,-18.0,7.1199,1917.0,6.5587466001396635,close_unstuck_long
3080,535293,TIA,9.814561197486059,-0.0255744,6574.312007925215,0.0,6574.312007925215,1.0,-18.0,7.104,1899.0,6.5587466001396635,close_unstuck_long
3081,535294,TIA,10.92516119748606,-0.02579652,6585.211372602701,0.0,6585.211372602701,1.0,-18.0,7.1657,1881.0,6.5587466001396635,close_unstuck_long
3082,535295,TIA,11.605561197486058,-0.025932600000000004,6596.791001200187,0.0,6596.791001200187,1.0,-18.0,7.2035,1863.0,6.5587466001396635,close_unstuck_long
3083,535296,TIA,12.32916119748605,-0.026077319999999998,6609.094085077672,0.0,6609.094085077672,1.0,-18.0,7.2437,1845.0,6.5587466001396635,close_unstuck_long
3084,535297,TIA,13.400161197486064,-0.026291520000000002,6622.467954755159,0.0,6622.467954755159,1.0,-18.0,7.3032,1827.0,6.5587466001396635,close_unstuck_long
3085,535298,TIA,13.266961197486054,-0.02626488,6635.708651072645,0.0,6635.708651072645,1.0,-18.0,7.2958,1809.0,6.5587466001396635,close_unstuck_long
3086,535299,TIA,12.779161197486056,-0.02616732,6648.461644950131,0.0,6648.461644950131,1.0,-18.0,7.2687,1791.0,6.5587466001396635,close_unstuck_long
3087,535300,TIA,12.611761197486063,-0.026133840000000005,6661.047272307617,0.0,6661.047272307617,1.0,-18.0,7.2594,1773.0,6.5587466001396635,close_unstuck_long
3088,535301,TIA,12.350761197486063,-0.02608164,6673.371951865103,0.0,6673.371951865103,1.0,-18.0,7.2449,1755.0,6.5587466001396635,close_unstuck_long
3089,535313,TIA,160.58718496159244,-0.3928485,6833.566288326696,0.0,6833.566288326696,1.0,-275.0,7.1427,1480.0,6.5587466001396635,close_trailing_long
3090,535344,TIA,163.38840536075458,-0.40127924000000004,6996.55341444745,0.0,6996.55341444745,1.0,-281.0,7.1402,1199.0,6.5587466001396635,close_trailing_long
3091,535355,TIA,136.95937915977692,-0.40517568000000004,7133.107617927228,0.0,7133.107617927228,1.0,-288.0,7.0343,911.0,6.5587466001396635,close_trailing_long
3092,535470,TIA,375.1073472727669,-1.2700251,7506.944940099995,0.0,7506.944940099995,1.0,-911.0,6.9705,0.0,6.5587466001396635,close_grid_long
3093,537230,TIA,0.0,-0.04818624,7506.8967538599945,0.0,7506.8967538599945,1.0,32.0,7.5291,32.0,7.5291,entry_initial_normal_long
3094,537235,TIA,0.9887999999999977,-0.048383999999999996,7507.837169859995,0.0,7507.837169859995,1.0,-32.0,7.56,0.0,7.5291,close_grid_long
3095,537330,TIA,0.0,-0.04827904,7507.788890819995,0.0,7507.788890819995,1.0,32.0,7.5436,32.0,7.5436,entry_initial_normal_long
3096,537347,TIA,0.9887999999999977,-0.0484768,7508.729214019995,0.0,7508.729214019995,1.0,-32.0,7.5745,0.0,7.5436,close_grid_long
3097,537511,TIA,0.0,-0.04846464,7508.680749379995,0.0,7508.680749379995,1.0,32.0,7.5726,32.0,7.5726,entry_initial_normal_long
3098,537512,TIA,0.9919999999999902,-0.048663040000000005,7509.624086339995,0.0,7509.624086339995,1.0,-32.0,7.6036,0.0,7.5726,close_grid_long
3099,537513,TIA,0.0,-0.04846464,7509.575621699995,0.0,7509.575621699995,1.0,32.0,7.5726,32.0,7.5726,entry_initial_normal_long
3100,537524,TIA,0.9919999999999902,-0.048663040000000005,7510.518958659995,0.0,7510.518958659995,1.0,-32.0,7.6036,0.0,7.5726,close_grid_long
3101,537529,TIA,0.0,-0.04847296,7510.470485699995,0.0,7510.470485699995,1.0,32.0,7.5739,32.0,7.5739,entry_initial_normal_long
3102,537537,TIA,0.9919999999999902,-0.048671360000000004,7511.413814339995,0.0,7511.413814339995,1.0,-32.0,7.6049,0.0,7.5739,close_grid_long
3103,537540,TIA,0.0,-0.048477440000000004,7511.365336899995,0.0,7511.365336899995,1.0,32.0,7.5746,32.0,7.5746,entry_initial_normal_long
3104,537541,TIA,0.9919999999999902,-0.048675840000000005,7512.308661059995,0.0,7512.308661059995,1.0,-32.0,7.6056,0.0,7.5746,close_grid_long
3105,537926,TIA,0.0,-0.04774806,7512.260912999995,0.0,7512.260912999995,1.0,31.0,7.7013,31.0,7.7013,entry_initial_normal_long
3106,537928,TIA,0.9796000000000022,-0.047943980000000004,7513.192569019995,0.0,7513.192569019995,1.0,-31.0,7.7329,0.0,7.7013,close_grid_long
3107,537931,TIA,0.0,-0.04775054,7513.144818479995,0.0,7513.144818479995,1.0,31.0,7.7017,31.0,7.7017,entry_initial_normal_long
3108,537934,TIA,0.9796000000000022,-0.04794646,7514.076472019995,0.0,7514.076472019995,1.0,-31.0,7.7333,0.0,7.7017,close_grid_long
3109,537937,TIA,0.0,-0.04775302,7514.028718999995,0.0,7514.028718999995,1.0,31.0,7.7021,31.0,7.7021,entry_initial_normal_long
3110,537938,TIA,0.9796000000000022,-0.04794894,7514.9603700599955,0.0,7514.9603700599955,1.0,-31.0,7.7337,0.0,7.7021,close_grid_long
3111,538011,TIA,0.0,-0.04785532,7514.9125147399955,0.0,7514.9125147399955,1.0,31.0,7.7186,31.0,7.7186,entry_initial_normal_long
3112,538037,TIA,0.9796000000000022,-0.04805124,7515.844063499995,0.0,7515.844063499995,1.0,-31.0,7.7502,0.0,7.7186,close_grid_long
3113,538042,TIA,0.0,-0.047856560000000006,7515.7962069399955,0.0,7515.7962069399955,1.0,31.0,7.7188,31.0,7.7188,entry_initial_normal_long
3114,538044,TIA,0.9796000000000022,-0.04805248,7516.727754459996,0.0,7516.727754459996,1.0,-31.0,7.7504,0.0,7.7188,close_grid_long
3115,538180,TIA,0.0,-0.04816346,7516.6795909999955,0.0,7516.6795909999955,1.0,31.0,7.7683,31.0,7.7683,entry_initial_normal_long
3116,538182,TIA,0.9889000000000081,-0.04836124000000001,7517.6201297599955,0.0,7517.6201297599955,1.0,-31.0,7.8002,0.0,7.7683,close_grid_long
3117,538469,TIA,0.0,-0.0473508,7517.572778959996,0.0,7517.572778959996,1.0,30.0,7.8918,30.0,7.8918,entry_initial_normal_long
3118,538487,TIA,0.9719999999999995,-0.0475452,7518.497233759996,0.0,7518.497233759996,1.0,-30.0,7.9242,0.0,7.8918,close_grid_long
3119,538493,TIA,0.0,-0.047356800000000004,7518.449876959996,0.0,7518.449876959996,1.0,30.0,7.8928,30.0,7.8928,entry_initial_normal_long
3120,538509,TIA,0.9719999999999995,-0.0475512,7519.374325759996,0.0,7519.374325759996,1.0,-30.0,7.9252,0.0,7.8928,close_grid_long
3121,538512,TIA,0.0,-0.047362800000000004,7519.326962959996,0.0,7519.326962959996,1.0,30.0,7.8938,30.0,7.8938,entry_initial_normal_long
3122,538527,TIA,0.9719999999999995,-0.0475572,7520.2514057599965,0.0,7520.2514057599965,1.0,-30.0,7.9262,0.0,7.8938,close_grid_long
3123,538528,TIA,0.0,-0.0473664,7520.204039359996,0.0,7520.204039359996,1.0,30.0,7.8944,30.0,7.8944,entry_initial_normal_long
3124,539422,TIA,0.9719999999999995,-0.0475608,7521.128478559996,0.0,7521.128478559996,1.0,-30.0,7.9268,0.0,7.8944,close_grid_long
3125,539674,TIA,0.0,-0.04876238,7521.0797161799965,0.0,7521.0797161799965,1.0,31.0,7.8649,31.0,7.8649,entry_initial_normal_long
3126,539775,TIA,1.0013000000000067,-0.04896264,7522.032053539997,0.0,7522.032053539997,1.0,-31.0,7.8972,0.0,7.8649,close_grid_long
3127,539778,TIA,0.0,-0.048754940000000004,7521.9832985999965,0.0,7521.9832985999965,1.0,31.0,7.8637,31.0,7.8637,entry_initial_normal_long
3128,539783,TIA,1.0013000000000067,-0.048955200000000004,7522.9356433999965,0.0,7522.9356433999965,1.0,-31.0,7.896,0.0,7.8637,close_grid_long
3129,539787,TIA,0.0,-0.04875928,7522.8868841199965,0.0,7522.8868841199965,1.0,31.0,7.8644,31.0,7.8644,entry_initial_normal_long
3130,539802,TIA,1.0013000000000067,-0.04895954,7523.839224579997,0.0,7523.839224579997,1.0,-31.0,7.8967,0.0,7.8644,close_grid_long
3131,540042,TIA,0.0,-0.047698199999999996,7523.791526379997,0.0,7523.791526379997,1.0,30.0,7.9497,30.0,7.9497,entry_initial_normal_long
3132,540076,TIA,0.9780000000000122,-0.04789380000000001,7524.721632579997,0.0,7524.721632579997,1.0,-30.0,7.9823,0.0,7.9497,close_grid_long
3133,540349,TIA,0.0,-0.048201,7524.673431579998,0.0,7524.673431579998,1.0,30.0,8.0335,30.0,8.0335,entry_initial_normal_long
3134,540354,TIA,0.9899999999999842,-0.048399,7525.615032579997,0.0,7525.615032579997,1.0,-30.0,8.0665,0.0,8.0335,close_grid_long
3135,540357,TIA,0.0,-0.04820460000000001,7525.5668279799975,0.0,7525.5668279799975,1.0,30.0,8.0341,30.0,8.0341,entry_initial_normal_long
3136,540359,TIA,0.9899999999999842,-0.048402600000000004,7526.508425379998,0.0,7526.508425379998,1.0,-30.0,8.0671,0.0,8.0341,close_grid_long
3137,540527,TIA,0.0,-0.048540599999999996,7526.459884779998,0.0,7526.459884779998,1.0,30.0,8.0901,30.0,8.0901,entry_initial_normal_long
3138,540528,TIA,0.9960000000000235,-0.04873980000000001,7527.407144979998,0.0,7527.407144979998,1.0,-30.0,8.1233,0.0,8.0901,close_grid_long
3139,540538,TIA,0.0,-0.04854660000000001,7527.358598379998,0.0,7527.358598379998,1.0,30.0,8.0911,30.0,8.0911,entry_initial_normal_long
3140,540540,TIA,0.9959999999999702,-0.0487458,7528.305852579998,0.0,7528.305852579998,1.0,-30.0,8.1243,0.0,8.0911,close_grid_long
3141,540563,TIA,0.0,-0.0485646,7528.257287979998,0.0,7528.257287979998,1.0,30.0,8.0941,30.0,8.0941,entry_initial_normal_long
3142,540567,TIA,0.9960000000000235,-0.0487638,7529.204524179998,0.0,7529.204524179998,1.0,-30.0,8.1273,0.0,8.0941,close_grid_long
3143,540572,TIA,0.0,-0.0485688,7529.155955379998,0.0,7529.155955379998,1.0,30.0,8.0948,30.0,8.0948,entry_initial_normal_long
3144,540619,TIA,0.9960000000000235,-0.048768000000000006,7530.103187379998,0.0,7530.103187379998,1.0,-30.0,8.128,0.0,8.0948,close_grid_long
3145,540623,TIA,0.0,-0.0485826,7530.054604779998,0.0,7530.054604779998,1.0,30.0,8.0971,30.0,8.0971,entry_initial_normal_long
3146,540624,TIA,1.5270000000000117,-0.048888,7531.532716779998,0.0,7531.532716779998,1.0,-30.0,8.148,0.0,8.0971,close_grid_long
3147,540633,TIA,0.0,-0.0485892,7531.484127579998,0.0,7531.484127579998,1.0,30.0,8.0982,30.0,8.0982,entry_initial_normal_long
3148,540636,TIA,0.9959999999999702,-0.048788399999999996,7532.431339179998,0.0,7532.431339179998,1.0,-30.0,8.1314,0.0,8.0982,close_grid_long
3149,540651,TIA,0.0,-0.048602400000000004,7532.382736779998,0.0,7532.382736779998,1.0,30.0,8.1004,30.0,8.1004,entry_initial_normal_long
3150,540810,TIA,0.9989999999999633,-0.0488022,7533.3329345799975,0.0,7533.3329345799975,1.0,-30.0,8.1337,0.0,8.1004,close_grid_long
3151,540811,TIA,0.0,-0.0485772,7533.284357379997,0.0,7533.284357379997,1.0,30.0,8.0962,30.0,8.0962,entry_initial_normal_long
3152,540812,TIA,0.9960000000000235,-0.048776400000000004,7534.2315809799975,0.0,7534.2315809799975,1.0,-30.0,8.1294,0.0,8.0962,close_grid_long
3153,540887,TIA,0.0,-0.04867080000000001,7534.182910179998,0.0,7534.182910179998,1.0,30.0,8.1118,30.0,8.1118,entry_initial_normal_long
3154,540889,TIA,0.9989999999999633,-0.0488706,7535.133039579998,0.0,7535.133039579998,1.0,-30.0,8.1451,0.0,8.1118,close_grid_long
3155,540902,TIA,0.0,-0.048678599999999995,7535.084360979998,0.0,7535.084360979998,1.0,30.0,8.1131,30.0,8.1131,entry_initial_normal_long
3156,540921,TIA,0.9990000000000165,-0.0488784,7536.0344825799975,0.0,7536.0344825799975,1.0,-30.0,8.1464,0.0,8.1131,close_grid_long
3157,540922,TIA,0.0,-0.048665400000000004,7535.985817179998,0.0,7535.985817179998,1.0,30.0,8.1109,30.0,8.1109,entry_initial_normal_long
3158,540934,TIA,0.9989999999999633,-0.048865200000000004,7536.935951979998,0.0,7536.935951979998,1.0,-30.0,8.1442,0.0,8.1109,close_grid_long
3159,540935,TIA,0.0,-0.0486876,7536.887264379998,0.0,7536.887264379998,1.0,30.0,8.1146,30.0,8.1146,entry_initial_normal_long
3160,540944,TIA,0.9990000000000165,-0.048887400000000004,7537.837376979998,0.0,7537.837376979998,1.0,-30.0,8.1479,0.0,8.1146,close_grid_long
3161,540947,TIA,0.0,-0.0486918,7537.7886851799985,0.0,7537.7886851799985,1.0,30.0,8.1153,30.0,8.1153,entry_initial_normal_long
3162,540971,TIA,0.9990000000000165,-0.0488916,7538.738793579999,0.0,7538.738793579999,1.0,-30.0,8.1486,0.0,8.1153,close_grid_long
3163,541007,TIA,0.0,-0.04873980000000001,7538.690053779999,0.0,7538.690053779999,1.0,30.0,8.1233,30.0,8.1233,entry_initial_normal_long
3164,541008,TIA,0.9989999999999633,-0.0489396,7539.640114179999,0.0,7539.640114179999,1.0,-30.0,8.1566,0.0,8.1233,close_grid_long
3165,541035,TIA,0.0,-0.048761399999999996,7539.5913527799985,0.0,7539.5913527799985,1.0,30.0,8.1269,30.0,8.1269,entry_initial_normal_long
3166,541055,TIA,1.0020000000000095,-0.04896179999999999,7540.544390979999,0.0,7540.544390979999,1.0,-30.0,8.1603,0.0,8.1269,close_grid_long
3167,541077,TIA,0.0,-0.04878060000000001,7540.495610379999,0.0,7540.495610379999,1.0,30.0,8.1301,30.0,8.1301,entry_initial_normal_long
3168,541095,TIA,1.0020000000000095,-0.04898100000000001,7541.448629379998,0.0,7541.448629379998,1.0,-30.0,8.1635,0.0,8.1301,close_grid_long
3169,541108,TIA,0.0,-0.0487962,7541.3998331799985,0.0,7541.3998331799985,1.0,30.0,8.1327,30.0,8.1327,entry_initial_normal_long
3170,541140,TIA,1.0020000000000095,-0.0489966,7542.352836579998,0.0,7542.352836579998,1.0,-30.0,8.1661,0.0,8.1327,close_grid_long
3171,541142,TIA,0.0,-0.0488064,7542.304030179998,0.0,7542.304030179998,1.0,30.0,8.1344,30.0,8.1344,entry_initial_normal_long
3172,541159,TIA,1.0020000000000095,-0.0490068,7543.257023379998,0.0,7543.257023379998,1.0,-30.0,8.1678,0.0,8.1344,close_grid_long
3173,541169,TIA,0.0,-0.048819,7543.208204379998,0.0,7543.208204379998,1.0,30.0,8.1365,30.0,8.1365,entry_initial_normal_long
3174,541171,TIA,1.0020000000000095,-0.049019400000000005,7544.161184979998,0.0,7544.161184979998,1.0,-30.0,8.1699,0.0,8.1365,close_grid_long
3175,541186,TIA,0.0,-0.048829199999999996,7544.112355779998,0.0,7544.112355779998,1.0,30.0,8.1382,30.0,8.1382,entry_initial_normal_long
3176,541220,TIA,1.0020000000000095,-0.0490296,7545.065326179998,0.0,7545.065326179998,1.0,-30.0,8.1716,0.0,8.1382,close_grid_long
3177,541259,TIA,0.0,-0.0488682,7545.016457979998,0.0,7545.016457979998,1.0,30.0,8.1447,30.0,8.1447,entry_initial_normal_long
3178,541264,TIA,1.0020000000000095,-0.049068600000000004,7545.969389379999,0.0,7545.969389379999,1.0,-30.0,8.1781,0.0,8.1447,close_grid_long
3179,541266,TIA,0.0,-0.048871200000000004,7545.920518179999,0.0,7545.920518179999,1.0,30.0,8.1452,30.0,8.1452,entry_initial_normal_long
3180,541336,TIA,1.0019999999999563,-0.0490716,7546.873446579999,0.0,7546.873446579999,1.0,-30.0,8.1786,0.0,8.1452,close_grid_long
3181,541338,TIA,0.0,-0.048877800000000006,7546.824568779999,0.0,7546.824568779999,1.0,30.0,8.1463,30.0,8.1463,entry_initial_normal_long
3182,541507,TIA,1.0020000000000095,-0.04907820000000001,7547.777490579999,0.0,7547.777490579999,1.0,-30.0,8.1797,0.0,8.1463,close_grid_long
3183,541508,TIA,0.0,-0.0488802,7547.728610379999,0.0,7547.728610379999,1.0,30.0,8.1467,30.0,8.1467,entry_initial_normal_long
3184,541516,TIA,1.0020000000000095,-0.0490806,7548.6815297799985,0.0,7548.6815297799985,1.0,-30.0,8.1801,0.0,8.1467,close_grid_long
3185,541652,TIA,0.0,-0.04903140000000001,7548.632498379999,0.0,7548.632498379999,1.0,30.0,8.1719,30.0,8.1719,entry_initial_normal_long
3186,541653,TIA,1.0049999999999493,-0.049232399999999996,7549.588265979999,0.0,7549.588265979999,1.0,-30.0,8.2054,0.0,8.1719,close_grid_long
3187,542120,TIA,0.0,-0.04859414,7549.539671839999,0.0,7549.539671839999,1.0,29.0,8.3783,29.0,8.3783,entry_initial_normal_long
3188,542132,TIA,0.9975999999999932,-0.048793659999999996,7550.488478179999,0.0,7550.488478179999,1.0,-29.0,8.4127,0.0,8.3783,close_grid_long
3189,542133,TIA,0.0,-0.04859936000000001,7550.43987882,0.0,7550.43987882,1.0,29.0,8.3792,29.0,8.3792,entry_initial_normal_long
3190,542137,TIA,0.9975999999999932,-0.04879888,7551.38867994,0.0,7551.38867994,1.0,-29.0,8.4136,0.0,8.3792,close_grid_long
3191,542141,TIA,0.0,-0.04860284,7551.3400771,0.0,7551.3400771,1.0,29.0,8.3798,29.0,8.3798,entry_initial_normal_long
3192,542142,TIA,0.9975999999999932,-0.048802359999999996,7552.288874739999,0.0,7552.288874739999,1.0,-29.0,8.4142,0.0,8.3798,close_grid_long
3193,542145,TIA,0.0,-0.04860458000000001,7552.240270159999,0.0,7552.240270159999,1.0,29.0,8.3801,29.0,8.3801,entry_initial_normal_long
3194,542147,TIA,0.9975999999999932,-0.0488041,7553.189066059999,0.0,7553.189066059999,1.0,-29.0,8.4145,0.0,8.3801,close_grid_long
3195,542160,TIA,0.0,-0.04861328000000001,7553.14045278,0.0,7553.14045278,1.0,29.0,8.3816,29.0,8.3816,entry_initial_normal_long
3196,542167,TIA,0.9975999999999932,-0.0488128,7554.08923998,0.0,7554.08923998,1.0,-29.0,8.416,0.0,8.3816,close_grid_long
3197,542176,TIA,0.0,-0.04862256000000001,7554.04061742,0.0,7554.04061742,1.0,29.0,8.3832,29.0,8.3832,entry_initial_normal_long
3198,544747,TIA,0.9975999999999932,-0.048822080000000004,7554.98939534,0.0,7554.98939534,1.0,-29.0,8.4176,0.0,8.3832,close_grid_long
3199,544937,TIA,0.0,-0.04790452,7554.94149082,0.0,7554.94149082,1.0,29.0,8.2594,29.0,8.2594,entry_initial_normal_long
3200,545030,TIA,0.983100000000027,-0.04810114000000001,7555.876489679999,0.0,7555.876489679999,1.0,-29.0,8.2933,0.0,8.2594,close_grid_long
3201,545037,TIA,0.0,-0.047902200000000006,7555.828587479999,0.0,7555.828587479999,1.0,29.0,8.259,29.0,8.259,entry_initial_normal_long
3202,545040,TIA,0.9830999999999754,-0.04809882,7556.763588659999,0.0,7556.763588659999,1.0,-29.0,8.2929,0.0,8.259,close_grid_long
3203,545094,TIA,0.0,-0.04794570000000001,7556.715642959999,0.0,7556.715642959999,1.0,29.0,8.2665,29.0,8.2665,entry_initial_normal_long
3204,545104,TIA,0.9830999999999754,-0.04814232,7557.650600639999,0.0,7557.650600639999,1.0,-29.0,8.3004,0.0,8.2665,close_grid_long
3205,545105,TIA,0.0,-0.04795034000000001,7557.6026502999985,0.0,7557.6026502999985,1.0,29.0,8.2673,29.0,8.2673,entry_initial_normal_long
3206,545115,TIA,0.9830999999999754,-0.048146959999999996,7558.537603339998,0.0,7558.537603339998,1.0,-29.0,8.3012,0.0,8.2673,close_grid_long
3207,545194,TIA,0.0,-0.048015880000000004,7558.489587459998,0.0,7558.489587459998,1.0,29.0,8.2786,29.0,8.2786,entry_initial_normal_long
3208,545204,TIA,0.9859999999999687,-0.04821308,7559.427374379998,0.0,7559.427374379998,1.0,-29.0,8.3126,0.0,8.2786,close_grid_long
3209,545207,TIA,0.0,-0.048021680000000004,7559.379352699998,0.0,7559.379352699998,1.0,29.0,8.2796,29.0,8.2796,entry_initial_normal_long
3210,545244,TIA,0.9859999999999687,-0.04821888,7560.317133819998,0.0,7560.317133819998,1.0,-29.0,8.3136,0.0,8.2796,close_grid_long
3211,545342,TIA,0.0,-0.04809186000000001,7560.2690419599985,0.0,7560.2690419599985,1.0,29.0,8.2917,29.0,8.2917,entry_initial_normal_long
3212,545343,TIA,0.9859999999999687,-0.048289059999999995,7561.206752899999,0.0,7561.206752899999,1.0,-29.0,8.3257,0.0,8.2917,close_grid_long
3213,545350,TIA,0.0,-0.04809592,7561.158656979998,0.0,7561.158656979998,1.0,29.0,8.2924,29.0,8.2924,entry_initial_normal_long
3214,545359,TIA,0.9859999999999687,-0.04829312,7562.096363859999,0.0,7562.096363859999,1.0,-29.0,8.3264,0.0,8.2924,close_grid_long
3215,545375,TIA,0.0,-0.04810752,7562.048256339999,0.0,7562.048256339999,1.0,29.0,8.2944,29.0,8.2944,entry_initial_normal_long
3216,545410,TIA,0.9860000000000202,-0.04830472,7562.9859516199995,0.0,7562.9859516199995,1.0,-29.0,8.3284,0.0,8.2944,close_grid_long
3217,545423,TIA,0.0,-0.04812666000000001,7562.9378249599995,0.0,7562.9378249599995,1.0,29.0,8.2977,29.0,8.2977,entry_initial_normal_long
3218,545437,TIA,0.9859999999999687,-0.048323859999999996,7563.875501099999,0.0,7563.875501099999,1.0,-29.0,8.3317,0.0,8.2977,close_grid_long
3219,545756,TIA,0.0,-0.0485373,7563.826963799999,0.0,7563.826963799999,1.0,29.0,8.3685,29.0,8.3685,entry_initial_normal_long
3220,545764,TIA,0.9946999999999999,-0.04873624,7564.7729275599995,0.0,7564.7729275599995,1.0,-29.0,8.4028,0.0,8.3685,close_grid_long
3221,545796,TIA,0.0,-0.04856166,7564.7243659,0.0,7564.7243659,1.0,29.0,8.3727,29.0,8.3727,entry_initial_normal_long
3222,548278,TIA,0.0,-0.0417919,7564.6825739999995,0.0,7564.6825739999995,1.0,29.0,7.2055,58.0,7.7890999999999995,entry_grid_normal_long
3223,548929,TIA,1.8908000000000236,-0.09073172,7566.48264228,0.0,7566.48264228,1.0,-58.0,7.8217,0.0,7.7890999999999995,close_grid_long
3224,549078,TIA,0.0,-0.04786772,7566.43477456,0.0,7566.43477456,1.0,31.0,7.7206,31.0,7.7206,entry_initial_normal_long
3225,549079,TIA,0.9796000000000022,-0.048063640000000005,7567.36631092,0.0,7567.36631092,1.0,-31.0,7.7522,0.0,7.7206,close_grid_long
3226,549098,TIA,0.0,-0.04788632,7567.3184246,0.0,7567.3184246,1.0,31.0,7.7236,31.0,7.7236,entry_initial_normal_long
3227,549101,TIA,0.9796000000000022,-0.048082240000000005,7568.24994236,0.0,7568.24994236,1.0,-31.0,7.7552,0.0,7.7236,close_grid_long
3228,549295,TIA,0.0,-0.048262040000000006,7568.20168032,0.0,7568.20168032,1.0,31.0,7.7842,31.0,7.7842,entry_initial_normal_long
3229,549300,TIA,0.9920000000000009,-0.04846044,7569.145219880001,0.0,7569.145219880001,1.0,-31.0,7.8162,0.0,7.7842,close_grid_long
3230,549472,TIA,0.0,-0.048489580000000004,7569.096730300001,0.0,7569.096730300001,1.0,31.0,7.8209,31.0,7.8209,entry_initial_normal_long
3231,549538,TIA,0.9950999999999937,-0.0486886,7570.043141700001,0.0,7570.043141700001,1.0,-31.0,7.853,0.0,7.8209,close_grid_long
3232,549546,TIA,0.0,-0.048446800000000005,7569.9946949000005,0.0,7569.9946949000005,1.0,31.0,7.814,31.0,7.814,entry_initial_normal_long
3233,549549,TIA,0.9950999999999937,-0.04864582,7570.94114908,0.0,7570.94114908,1.0,-31.0,7.8461,0.0,7.814,close_grid_long
3234,549638,TIA,0.0,-0.04853794000000001,7570.892611140001,0.0,7570.892611140001,1.0,31.0,7.8287,31.0,7.8287,entry_initial_normal_long
3235,549723,TIA,0.9981999999999864,-0.04873758,7571.84207356,0.0,7571.84207356,1.0,-31.0,7.8609,0.0,7.8287,close_grid_long
3236,549792,TIA,0.0,-0.048592500000000004,7571.79348106,0.0,7571.79348106,1.0,31.0,7.8375,31.0,7.8375,entry_initial_normal_long
3237,549821,TIA,0.9981999999999864,-0.048792140000000005,7572.74288892,0.0,7572.74288892,1.0,-31.0,7.8697,0.0,7.8375,close_grid_long
3238,550246,TIA,0.0,-0.0477018,7572.69518712,0.0,7572.69518712,1.0,30.0,7.9503,30.0,7.9503,entry_initial_normal_long
3239,550249,TIA,0.9809999999999786,-0.047897999999999996,7573.62828912,0.0,7573.62828912,1.0,-30.0,7.983,0.0,7.9503,close_grid_long
3240,551080,TIA,0.0,-0.048219460000000006,7573.58006966,0.0,7573.58006966,1.0,29.0,8.3137,29.0,8.3137,entry_initial_normal_long
3241,551101,TIA,0.9888999999999619,-0.04841724,7574.52055242,0.0,7574.52055242,1.0,-29.0,8.3478,0.0,8.3137,close_grid_long
3242,551106,TIA,0.0,-0.048224100000000006,7574.47232832,0.0,7574.47232832,1.0,29.0,8.3145,29.0,8.3145,entry_initial_normal_long
3243,551151,TIA,0.9888999999999619,-0.04842188,7575.41280644,0.0,7575.41280644,1.0,-29.0,8.3486,0.0,8.3145,close_grid_long
3244,551456,TIA,0.0,-0.04887602,7575.3639304200005,0.0,7575.3639304200005,1.0,29.0,8.4269,29.0,8.4269,entry_initial_normal_long
3245,551460,TIA,1.0033999999999796,-0.049076699999999994,7576.318253720001,0.0,7576.318253720001,1.0,-29.0,8.4615,0.0,8.4269,close_grid_long
3246,551464,TIA,0.0,-0.04888008,7576.269373640001,0.0,7576.269373640001,1.0,29.0,8.4276,29.0,8.4276,entry_initial_normal_long
3247,551805,TIA,1.0033999999999796,-0.04908076,7577.22369288,0.0,7577.22369288,1.0,-29.0,8.4622,0.0,8.4276,close_grid_long
3248,551808,TIA,0.0,-0.048531500000000005,7577.175161380001,0.0,7577.175161380001,1.0,29.0,8.3675,29.0,8.3675,entry_initial_normal_long
3249,551927,TIA,0.9946999999999999,-0.04873044,7578.1211309400005,0.0,7578.1211309400005,1.0,-29.0,8.4018,0.0,8.3675,close_grid_long
3250,552383,TIA,0.0,-0.049085399999999994,7578.0720455400005,0.0,7578.0720455400005,1.0,29.0,8.463,29.0,8.463,entry_initial_normal_long
3251,552533,TIA,1.0063000000000244,-0.04928666,7579.029058880001,0.0,7579.029058880001,1.0,-29.0,8.4977,0.0,8.463,close_grid_long
3252,552543,TIA,0.0,-0.049085399999999994,7578.979973480001,0.0,7578.979973480001,1.0,29.0,8.463,29.0,8.463,entry_initial_normal_long
3253,552545,TIA,1.0063000000000244,-0.04928666,7579.936986820001,0.0,7579.936986820001,1.0,-29.0,8.4977,0.0,8.463,close_grid_long
3254,552566,TIA,0.0,-0.04910106,7579.887885760001,0.0,7579.887885760001,1.0,29.0,8.4657,29.0,8.4657,entry_initial_normal_long
3255,552567,TIA,1.0063000000000244,-0.049302320000000004,7580.8448834400015,0.0,7580.8448834400015,1.0,-29.0,8.5004,0.0,8.4657,close_grid_long
3256,552571,TIA,0.0,-0.04910338000000001,7580.795780060002,0.0,7580.795780060002,1.0,29.0,8.4661,29.0,8.4661,entry_initial_normal_long
3257,552572,TIA,1.0062999999999729,-0.049304640000000004,7581.752775420002,0.0,7581.752775420002,1.0,-29.0,8.5008,0.0,8.4661,close_grid_long
3258,552713,TIA,0.0,-0.04926462,7581.703510800002,0.0,7581.703510800002,1.0,29.0,8.4939,29.0,8.4939,entry_initial_normal_long
3259,552726,TIA,1.0092000000000176,-0.04946646000000001,7582.663244340002,0.0,7582.663244340002,1.0,-29.0,8.5287,0.0,8.4939,close_grid_long
3260,552737,TIA,0.0,-0.049275059999999996,7582.6139692800025,0.0,7582.6139692800025,1.0,29.0,8.4957,29.0,8.4957,entry_initial_normal_long
3261,552754,TIA,1.0092000000000176,-0.049476900000000004,7583.573692380002,0.0,7583.573692380002,1.0,-29.0,8.5305,0.0,8.4957,close_grid_long
3262,552755,TIA,0.0,-0.0492768,7583.524415580002,0.0,7583.524415580002,1.0,29.0,8.496,29.0,8.496,entry_initial_normal_long
3263,552756,TIA,1.0091999999999661,-0.04947864,7584.484136940002,0.0,7584.484136940002,1.0,-29.0,8.5308,0.0,8.496,close_grid_long
3264,552765,TIA,0.0,-0.04928318,7584.434853760002,0.0,7584.434853760002,1.0,29.0,8.4971,29.0,8.4971,entry_initial_normal_long
3265,552844,TIA,1.0092000000000176,-0.049485020000000005,7585.394568740002,0.0,7585.394568740002,1.0,-29.0,8.5319,0.0,8.4971,close_grid_long
3266,552845,TIA,0.0,-0.04927738,7585.345291360002,0.0,7585.345291360002,1.0,29.0,8.4961,29.0,8.4961,entry_initial_normal_long
3267,553015,TIA,1.0092000000000176,-0.049479220000000004,7586.305012140002,0.0,7586.305012140002,1.0,-29.0,8.5309,0.0,8.4961,close_grid_long
3268,553527,TIA,0.0,-0.0481908,7586.256821340002,0.0,7586.256821340002,1.0,28.0,8.6055,28.0,8.6055,entry_initial_normal_long
3269,553528,TIA,0.9884000000000341,-0.048388480000000005,7587.196832860001,0.0,7587.196832860001,1.0,-28.0,8.6408,0.0,8.6055,close_grid_long
3270,553566,TIA,0.0,-0.048230560000000006,7587.148602300002,0.0,7587.148602300002,1.0,28.0,8.6126,28.0,8.6126,entry_initial_normal_long
3271,553785,TIA,0.9883999999999844,-0.048428240000000004,7588.0885740600015,0.0,7588.0885740600015,1.0,-28.0,8.6479,0.0,8.6126,close_grid_long
3272,553789,TIA,0.0,-0.04810456,7588.040469500002,0.0,7588.040469500002,1.0,28.0,8.5901,28.0,8.5901,entry_initial_normal_long
3273,553801,TIA,0.9855999999999909,-0.04830168,7588.977767820002,0.0,7588.977767820002,1.0,-28.0,8.6253,0.0,8.5901,close_grid_long
3274,553804,TIA,0.0,-0.04811016000000001,7588.929657660002,0.0,7588.929657660002,1.0,28.0,8.5911,28.0,8.5911,entry_initial_normal_long
3275,553819,TIA,0.9855999999999909,-0.04830728000000001,7589.866950380002,0.0,7589.866950380002,1.0,-28.0,8.6263,0.0,8.5911,close_grid_long
3276,554403,TIA,0.0,-0.04923072,7589.817719660002,0.0,7589.817719660002,1.0,28.0,8.7912,28.0,8.7912,entry_initial_normal_long
3277,554405,TIA,1.010799999999982,-0.04943288,7590.779086780002,0.0,7590.779086780002,1.0,-28.0,8.8273,0.0,8.7912,close_grid_long
3278,554416,TIA,0.0,-0.04923744000000001,7590.729849340002,0.0,7590.729849340002,1.0,28.0,8.7924,28.0,8.7924,entry_initial_normal_long
3279,554418,TIA,1.010799999999982,-0.04943960000000001,7591.691209740002,0.0,7591.691209740002,1.0,-28.0,8.8285,0.0,8.7924,close_grid_long
3280,554428,TIA,0.0,-0.04924304,7591.641966700002,0.0,7591.641966700002,1.0,28.0,8.7934,28.0,8.7934,entry_initial_normal_long
3281,554432,TIA,1.010799999999982,-0.0494452,7592.603321500002,0.0,7592.603321500002,1.0,-28.0,8.8295,0.0,8.7934,close_grid_long
3282,554436,TIA,0.0,-0.049246960000000006,7592.554074540001,0.0,7592.554074540001,1.0,28.0,8.7941,28.0,8.7941,entry_initial_normal_long
3283,554524,TIA,1.010799999999982,-0.04944912,7593.5154254200015,0.0,7593.5154254200015,1.0,-28.0,8.8302,0.0,8.7941,close_grid_long
3284,554592,TIA,0.0,-0.049331520000000004,7593.466093900001,0.0,7593.466093900001,1.0,28.0,8.8092,28.0,8.8092,entry_initial_normal_long
3285,557843,TIA,0.0,-0.04299792,7593.423095980002,0.0,7593.423095980002,1.0,28.0,7.6782,56.0,8.2437,entry_grid_normal_long
3286,558519,TIA,0.0,-0.05518656,7593.3679094200015,0.0,7593.3679094200015,1.0,39.0,7.0752,95.0,7.763999999999999,entry_grid_normal_long
3287,558543,TIA,0.0,-0.08720854,7593.280700880002,0.0,7593.280700880002,1.0,67.0,6.5081,162.0,7.244584567901234,entry_grid_normal_long
3288,558544,TIA,0.0,-0.11164210000000001,7593.169058780002,0.0,7593.169058780002,1.0,95.0,5.8759,257.0,6.738650583657587,entry_grid_cropped_long
3289,558546,TIA,0.0,-0.16087984,7593.008178940002,0.0,7593.008178940002,1.0,136.0,5.9147,393.0,6.453517557251908,entry_trailing_normal_long
3290,558549,TIA,12.608399999999946,-0.50976816,7605.106810780002,0.0,7605.106810780002,1.0,-393.0,6.4856,0.0,6.453517557251908,close_grid_long
3291,558550,TIA,0.0,-0.04920696,7605.0576038200015,0.0,7605.0576038200015,1.0,38.0,6.4746,38.0,6.4746,entry_initial_normal_long
3292,558552,TIA,1.0070000000000157,-0.04940836,7606.015195460001,0.0,7606.015195460001,1.0,-38.0,6.5011,0.0,6.4746,close_grid_long
3293,558553,TIA,0.0,-0.04834494,7605.966850520002,0.0,7605.966850520002,1.0,37.0,6.5331,37.0,6.5331,entry_initial_normal_long
3294,558554,TIA,1.3949000000000025,-0.04862392000000001,7607.313126600002,0.0,7607.313126600002,1.0,-37.0,6.5708,0.0,6.5331,close_grid_long
3295,558555,TIA,0.0,-0.049065700000000004,7607.264060900002,0.0,7607.264060900002,1.0,37.0,6.6305,37.0,6.6305,entry_initial_normal_long
3296,558556,TIA,1.010100000000012,-0.04926772,7608.224893180002,0.0,7608.224893180002,1.0,-37.0,6.6578,0.0,6.6305,close_grid_long
3297,558557,TIA,0.0,-0.0492174,7608.175675780002,0.0,7608.175675780002,1.0,37.0,6.651,37.0,6.651,entry_initial_normal_long
3298,558558,TIA,1.5355000000000034,-0.049524500000000006,7609.661651280002,0.0,7609.661651280002,1.0,-37.0,6.6925,0.0,6.651,close_grid_long
3299,558559,TIA,0.0,-0.0482004,7609.613450880002,0.0,7609.613450880002,1.0,36.0,6.6945,36.0,6.6945,entry_initial_normal_long
3300,558561,TIA,0.9900000000000269,-0.04839840000000001,7610.555052480003,0.0,7610.555052480003,1.0,-36.0,6.722,0.0,6.6945,close_grid_long
3301,558562,TIA,0.0,-0.048612960000000004,7610.5064395200025,0.0,7610.5064395200025,1.0,36.0,6.7518,36.0,6.7518,entry_initial_normal_long
3302,558563,TIA,1.0008000000000017,-0.04881312000000001,7611.458426400002,0.0,7611.458426400002,1.0,-36.0,6.7796,0.0,6.7518,close_grid_long
3303,558564,TIA,0.0,-0.048813840000000004,7611.409612560003,0.0,7611.409612560003,1.0,36.0,6.7797,36.0,6.7797,entry_initial_normal_long
3304,558578,TIA,1.0043999999999933,-0.049014720000000005,7612.364997840003,0.0,7612.364997840003,1.0,-36.0,6.8076,0.0,6.7797,close_grid_long
3305,558579,TIA,0.0,-0.04899096,7612.3160068800025,0.0,7612.3160068800025,1.0,36.0,6.8043,36.0,6.8043,entry_initial_normal_long
3306,558756,TIA,1.0080000000000169,-0.04919256,7613.274814320002,0.0,7613.274814320002,1.0,-36.0,6.8323,0.0,6.8043,close_grid_long
3307,558757,TIA,0.0,-0.04906872,7613.2257456000025,0.0,7613.2257456000025,1.0,36.0,6.8151,36.0,6.8151,entry_initial_normal_long
3308,559115,TIA,1.007999999999985,-0.04927032,7614.1844752800025,0.0,7614.1844752800025,1.0,-36.0,6.8431,0.0,6.8151,close_grid_long
3309,559116,TIA,0.0,-0.049217040000000004,7614.135258240002,0.0,7614.135258240002,1.0,36.0,6.8357,36.0,6.8357,entry_initial_normal_long
3310,559117,TIA,1.0116000000000085,-0.04941936,7615.097438880002,0.0,7615.097438880002,1.0,-36.0,6.8638,0.0,6.8357,close_grid_long
3311,559118,TIA,0.0,-0.049409999999999996,7615.048028880003,0.0,7615.048028880003,1.0,36.0,6.8625,36.0,6.8625,entry_initial_normal_long
3312,559133,TIA,1.0152,-0.049613040000000004,7616.013615840003,0.0,7616.013615840003,1.0,-36.0,6.8907,0.0,6.8625,close_grid_long
3313,559134,TIA,0.0,-0.048197800000000006,7615.965418040003,0.0,7615.965418040003,1.0,35.0,6.8854,35.0,6.8854,entry_initial_normal_long
3314,559327,TIA,0.990500000000023,-0.048395900000000006,7616.907522140003,0.0,7616.907522140003,1.0,-35.0,6.9137,0.0,6.8854,close_grid_long
3315,559328,TIA,0.0,-0.048398,7616.859124140003,0.0,7616.859124140003,1.0,35.0,6.914,35.0,6.914,entry_initial_normal_long
3316,559333,TIA,0.9940000000000149,-0.0485968,7617.804527340003,0.0,7617.804527340003,1.0,-35.0,6.9424,0.0,6.914,close_grid_long
3317,559335,TIA,0.0,-0.048734700000000006,7617.755792640003,0.0,7617.755792640003,1.0,35.0,6.9621,35.0,6.9621,entry_initial_normal_long
3318,559359,TIA,1.0009999999999986,-0.04893490000000001,7618.707857740003,0.0,7618.707857740003,1.0,-35.0,6.9907,0.0,6.9621,close_grid_long
3319,559360,TIA,0.0,-0.0489223,7618.658935440003,0.0,7618.658935440003,1.0,35.0,6.9889,35.0,6.9889,entry_initial_normal_long
3320,560977,TIA,1.0044999999999904,-0.0491232,7619.614312240003,0.0,7619.614312240003,1.0,-35.0,7.0176,0.0,6.9889,close_grid_long
3321,562772,TIA,0.0,-0.0487806,7619.5655316400025,0.0,7619.5655316400025,1.0,33.0,7.391,33.0,7.391,entry_initial_normal_long
3322,567989,TIA,0.0,-0.04270002,7619.522831620003,0.0,7619.522831620003,1.0,33.0,6.4697,66.0,6.93035,entry_grid_normal_long
3323,571446,TIA,0.0,-0.05514572000000001,7619.467685900003,0.0,7619.467685900003,1.0,46.0,5.9941,112.0,6.5458187500000005,entry_grid_normal_long
3324,571448,TIA,0.0,-0.08657064,7619.381115260003,0.0,7619.381115260003,1.0,78.0,5.5494,190.0,6.136762631578947,entry_grid_normal_long
3325,572783,TIA,0.0,-0.11376971999999999,7619.267345540003,0.0,7619.267345540003,1.0,114.0,4.9899,304.0,5.706689144736842,entry_grid_cropped_long
3326,572949,TIA,0.0,-0.1656,7619.101745540002,0.0,7619.101745540002,1.0,160.0,5.175,464.0,5.523348060344827,entry_trailing_normal_long
3327,573269,TIA,0.0,-0.2593913,7618.842354240002,0.0,7618.842354240002,1.0,245.0,5.2937,709.0,5.443991537376586,entry_trailing_normal_long
3328,573862,TIA,0.0,-0.34257652000000005,7618.499777720002,0.0,7618.499777720002,1.0,374.0,4.5799,1083.0,5.145588734995383,entry_trailing_normal_long
3329,573981,TIA,0.0,-0.55081312,7617.948964600002,0.0,7617.948964600002,1.0,572.0,4.8148,1655.0,5.031261752265861,entry_trailing_normal_long
3330,574170,TIA,0.0,-0.8814115200000001,7617.067553080002,0.0,7617.067553080002,1.0,874.0,5.0424,2529.0,5.035111032028469,entry_trailing_normal_long
3331,574509,TIA,0.0,-0.5000135,7616.567539580002,0.0,7616.567539580002,1.0,475.0,5.2633,3004.0,5.071192842876165,entry_trailing_cropped_long
3332,574510,TIA,5.22890755659121,-0.030458700000000002,7621.765988436593,0.0,7621.765988436593,1.0,-29.0,5.2515,2975.0,5.071192842876165,close_unstuck_long
3333,574511,TIA,5.443400399467375,-0.029487360000000004,7627.17990147606,0.0,7627.17990147606,1.0,-28.0,5.2656,2947.0,5.071192842876165,close_unstuck_long
3334,574512,TIA,5.519000399467373,-0.029502480000000005,7632.669399395528,0.0,7632.669399395528,1.0,-28.0,5.2683,2919.0,5.071192842876165,close_unstuck_long
3335,574514,TIA,5.48990755659122,-0.030510900000000004,7638.128796052119,0.0,7638.128796052119,1.0,-29.0,5.2605,2890.0,5.071192842876165,close_unstuck_long
3336,574516,TIA,5.202807556591219,-0.030453480000000005,7643.30115012871,0.0,7643.30115012871,1.0,-29.0,5.2506,2861.0,5.071192842876165,close_unstuck_long
3337,574517,TIA,5.373907556591207,-0.030487700000000003,7648.644569985301,0.0,7648.644569985301,1.0,-29.0,5.2565,2832.0,5.071192842876165,close_unstuck_long
3338,574518,TIA,5.214407556591218,-0.0304558,7653.8285217418925,0.0,7653.8285217418925,1.0,-29.0,5.251,2803.0,5.071192842876165,close_unstuck_long
3339,574519,TIA,5.1999075565912,-0.0304529,7658.997976398484,0.0,7658.997976398484,1.0,-29.0,5.2505,2774.0,5.071192842876165,close_unstuck_long
3340,574520,TIA,5.118707556591209,-0.03043666,7664.086247295075,0.0,7664.086247295075,1.0,-29.0,5.2477,2745.0,5.071192842876165,close_unstuck_long
3341,574521,TIA,5.466707556591197,-0.03050626,7669.522448591666,0.0,7669.522448591666,1.0,-29.0,5.2597,2716.0,5.071192842876165,close_unstuck_long
3342,574522,TIA,5.72190755659122,-0.030557300000000006,7675.213798848257,0.0,7675.213798848257,1.0,-29.0,5.2685,2687.0,5.071192842876165,close_unstuck_long
3343,574523,TIA,5.7596075565912095,-0.03056484,7680.942841564848,0.0,7680.942841564848,1.0,-29.0,5.2698,2658.0,5.071192842876165,close_unstuck_long
3344,574524,TIA,5.832107556591221,-0.030579340000000003,7686.74436978144,0.0,7686.74436978144,1.0,-29.0,5.2723,2629.0,5.071192842876165,close_unstuck_long
3345,574912,TIA,0.0,-0.40790684,7686.33646294144,0.0,7686.33646294144,1.0,374.0,5.4533,3003.0,5.118781280027118,entry_trailing_cropped_long
3346,574913,TIA,9.654924159240679,-0.03059616,7695.96079094068,0.0,7695.96079094068,1.0,-28.0,5.4636,2975.0,5.118781280027118,close_unstuck_long
3347,574914,TIA,9.870524159240698,-0.030639280000000005,7705.800675819921,0.0,7705.800675819921,1.0,-28.0,5.4713,2947.0,5.118781280027118,close_unstuck_long
3348,574915,TIA,10.05532415924069,-0.030676240000000004,7715.825323739162,0.0,7715.825323739162,1.0,-28.0,5.4779,2919.0,5.118781280027118,close_unstuck_long
3349,574916,TIA,10.352124159240695,-0.030735600000000002,7726.146712298402,0.0,7726.146712298402,1.0,-28.0,5.4885,2891.0,5.118781280027118,close_unstuck_long
3350,574917,TIA,10.48652415924068,-0.030762480000000002,7736.602473977643,0.0,7736.602473977643,1.0,-28.0,5.4933,2863.0,5.118781280027118,close_unstuck_long
3351,574918,TIA,10.53972415924068,-0.03077312,7747.111425016884,0.0,7747.111425016884,1.0,-28.0,5.4952,2835.0,5.118781280027118,close_unstuck_long
3352,574919,TIA,10.640524159240695,-0.03079328,7757.721155896124,0.0,7757.721155896124,1.0,-28.0,5.4988,2807.0,5.118781280027118,close_unstuck_long
3353,574920,TIA,10.651724159240693,-0.03079552,7768.342084535365,0.0,7768.342084535365,1.0,-28.0,5.4992,2779.0,5.118781280027118,close_unstuck_long
3354,574921,TIA,10.839324159240679,-0.030833040000000003,7779.150575654606,0.0,7779.150575654606,1.0,-28.0,5.5059,2751.0,5.118781280027118,close_unstuck_long
3355,574922,TIA,10.696524159240688,-0.030804480000000002,7789.816295333846,0.0,7789.816295333846,1.0,-28.0,5.5008,2723.0,5.118781280027118,close_unstuck_long
3356,574923,TIA,10.60412415924068,-0.030785999999999997,7800.389633493087,0.0,7800.389633493087,1.0,-28.0,5.4975,2695.0,5.118781280027118,close_unstuck_long
3357,574924,TIA,11.477724159240683,-0.03096072,7811.836396932327,0.0,7811.836396932327,1.0,-28.0,5.5287,2667.0,5.118781280027118,close_unstuck_long
3358,574926,TIA,10.108524159240691,-0.030686880000000003,7821.914234211568,0.0,7821.914234211568,1.0,-28.0,5.4798,2639.0,5.118781280027118,close_unstuck_long
3359,575065,TIA,155.4141126288275,-0.45287040000000006,7976.875476440396,0.0,7976.875476440396,1.0,-412.0,5.496,2227.0,5.118781280027118,close_trailing_long
3360,575248,TIA,90.76986238861045,-0.4481316,8067.197207229006,0.0,8067.197207229006,1.0,-420.0,5.3349,1807.0,5.118781280027118,close_trailing_long
3361,576486,TIA,0.0,-0.9669171600000002,8066.2302900690065,0.0,8066.2302900690065,1.0,954.0,5.0677,2761.0,5.101131319452736,entry_trailing_normal_long
3362,576488,TIA,-0.9526709030348055,-0.03143648,8065.246182685972,0.0,8065.246182685972,1.0,-31.0,5.0704,2730.0,5.101131319452736,close_unstuck_long
3363,577637,TIA,0.0,-0.44131128000000003,8064.804871405971,0.0,8064.804871405971,1.0,438.0,5.0378,3168.0,5.092375284755672,entry_trailing_cropped_long
3364,577638,TIA,-1.3756338274258315,-0.0312976,8063.397939978546,0.0,8063.397939978546,1.0,-31.0,5.048,3137.0,5.092375284755672,close_unstuck_long
3365,577639,TIA,-0.8238338274258235,-0.031407960000000006,8062.54269819112,0.0,8062.54269819112,1.0,-31.0,5.0658,3106.0,5.092375284755672,close_unstuck_long
3366,577640,TIA,-1.4500338274258233,-0.03128272,8061.0613816436935,0.0,8061.0613816436935,1.0,-31.0,5.0456,3075.0,5.092375284755672,close_unstuck_long
3367,577641,TIA,-1.7592091121815088,-0.03223936,8059.269933171512,0.0,8059.269933171512,1.0,-32.0,5.0374,3043.0,5.092375284755672,close_unstuck_long
3368,577642,TIA,-1.3787338274258243,-0.03129698,8057.859902364086,0.0,8057.859902364086,1.0,-31.0,5.0479,3012.0,5.092375284755672,close_unstuck_long
3369,577643,TIA,-0.8858338274258442,-0.03139556,8056.94267297666,0.0,8056.94267297666,1.0,-31.0,5.0638,2981.0,5.092375284755672,close_unstuck_long
3370,577644,TIA,-0.7897338274258203,-0.03141478,8056.121524369234,0.0,8056.121524369234,1.0,-31.0,5.0669,2950.0,5.092375284755672,close_unstuck_long
3371,577645,TIA,-0.6998338274258371,-0.031432760000000004,8055.390257781808,0.0,8055.390257781808,1.0,-31.0,5.0698,2919.0,5.092375284755672,close_unstuck_long
3372,577646,TIA,-0.21003382742582222,-0.031530720000000005,8055.148693234382,0.0,8055.148693234382,1.0,-31.0,5.0856,2888.0,5.092375284755672,close_unstuck_long
3373,577647,TIA,-0.16663382742584076,-0.0315394,8054.950520006956,0.0,8054.950520006956,1.0,-31.0,5.087,2857.0,5.092375284755672,close_unstuck_long
3374,577648,TIA,-0.10463382742582006,-0.031551800000000005,8054.81433437953,0.0,8054.81433437953,1.0,-31.0,5.089,2826.0,5.092375284755672,close_unstuck_long
3375,577649,TIA,0.14336617257418016,-0.0316014,8054.926099152104,0.0,8054.926099152104,1.0,-31.0,5.097,2795.0,5.092375284755672,close_unstuck_long
3376,577650,TIA,-0.027133827425835477,-0.0315673,8054.867398024679,0.0,8054.867398024679,1.0,-31.0,5.0915,2764.0,5.092375284755672,close_unstuck_long
3377,577651,TIA,-0.13253382742583764,-0.03154622,8054.7033179772525,0.0,8054.7033179772525,1.0,-31.0,5.0881,2733.0,5.092375284755672,close_unstuck_long
3378,578658,TIA,0.0,-0.43797389999999997,8054.265344077253,0.0,8054.265344077253,1.0,427.0,5.1285,3160.0,5.097256694062421,entry_trailing_cropped_long
3379,578659,TIA,1.1979424840649706,-0.03184258,8055.431443981318,0.0,8055.431443981318,1.0,-31.0,5.1359,3129.0,5.097256694062421,close_unstuck_long
3380,578660,TIA,1.4118424840649677,-0.03188536,8056.811401105383,0.0,8056.811401105383,1.0,-31.0,5.1428,3098.0,5.097256694062421,close_unstuck_long
3381,578661,TIA,1.3405424840649687,-0.0318711,8058.120072489448,0.0,8058.120072489448,1.0,-31.0,5.1405,3067.0,5.097256694062421,close_unstuck_long
3382,578662,TIA,1.0925424840649685,-0.0318215,8059.1807934735125,0.0,8059.1807934735125,1.0,-31.0,5.1325,3036.0,5.097256694062421,close_unstuck_long
3383,578663,TIA,1.294042484064967,-0.0318618,8060.442974157578,0.0,8060.442974157578,1.0,-31.0,5.139,3005.0,5.097256694062421,close_unstuck_long
3384,578664,TIA,1.6970424840649638,-0.0319424,8062.1080742416425,0.0,8062.1080742416425,1.0,-31.0,5.152,2974.0,5.097256694062421,close_unstuck_long
3385,578665,TIA,1.9419424840649713,-0.03199138000000001,8064.018025345707,0.0,8064.018025345707,1.0,-31.0,5.1599,2943.0,5.097256694062421,close_unstuck_long
3386,578666,TIA,2.205442484064963,-0.03204408,8066.191423749772,0.0,8066.191423749772,1.0,-31.0,5.1684,2912.0,5.097256694062421,close_unstuck_long
3387,578667,TIA,2.7634424840649565,-0.032155680000000006,8068.9227105538375,0.0,8068.9227105538375,1.0,-31.0,5.1864,2881.0,5.097256694062421,close_unstuck_long
3388,578668,TIA,2.775842484064955,-0.03215816,8071.666394877902,0.0,8071.666394877902,1.0,-31.0,5.1868,2850.0,5.097256694062421,close_unstuck_long
3389,578669,TIA,2.971142484064968,-0.032197220000000006,8074.605340141968,0.0,8074.605340141968,1.0,-31.0,5.1931,2819.0,5.097256694062421,close_unstuck_long
3390,578670,TIA,3.0672424840649644,-0.03221644,8077.640366186032,0.0,8077.640366186032,1.0,-31.0,5.1962,2788.0,5.097256694062421,close_unstuck_long
3391,578671,TIA,3.2036424840649493,-0.03224372,8080.811764950097,0.0,8080.811764950097,1.0,-31.0,5.2006,2757.0,5.097256694062421,close_unstuck_long
3392,579699,TIA,0.0,-0.4219098,8080.389855150097,0.0,8080.389855150097,1.0,390.0,5.4091,3147.0,5.135902670966029,entry_trailing_cropped_long
3393,579700,TIA,7.722622541985145,-0.031332759999999994,8088.081144932082,0.0,8088.081144932082,1.0,-29.0,5.4022,3118.0,5.135902670966029,close_unstuck_long
3394,579701,TIA,7.382919871019116,-0.032291999999999994,8095.431772803101,0.0,8095.431772803101,1.0,-30.0,5.382,3088.0,5.135902670966029,close_unstuck_long
3395,579702,TIA,7.535919871019132,-0.0323226,8102.93537007412,0.0,8102.93537007412,1.0,-30.0,5.3871,3058.0,5.135902670966029,close_unstuck_long
3396,579703,TIA,7.514919871019128,-0.032318400000000004,8110.417971545139,0.0,8110.417971545139,1.0,-30.0,5.3864,3028.0,5.135902670966029,close_unstuck_long
3397,579704,TIA,7.730919871019131,-0.0323616,8118.116529816159,0.0,8118.116529816159,1.0,-30.0,5.3936,2998.0,5.135902670966029,close_unstuck_long
3398,579705,TIA,7.853919871019137,-0.032386200000000004,8125.938063487178,0.0,8125.938063487178,1.0,-30.0,5.3977,2968.0,5.135902670966029,close_unstuck_long
3399,579706,TIA,7.751919871019135,-0.0323658,8133.657617558197,0.0,8133.657617558197,1.0,-30.0,5.3943,2938.0,5.135902670966029,close_unstuck_long
3400,579707,TIA,7.679919871019116,-0.0323514,8141.305186029216,0.0,8141.305186029216,1.0,-30.0,5.3919,2908.0,5.135902670966029,close_unstuck_long
3401,579708,TIA,7.724919871019118,-0.0323604,8148.997745500235,0.0,8148.997745500235,1.0,-30.0,5.3934,2878.0,5.135902670966029,close_unstuck_long
3402,579709,TIA,7.811919871019128,-0.032377800000000005,8156.777287571254,0.0,8156.777287571254,1.0,-30.0,5.3963,2848.0,5.135902670966029,close_unstuck_long
3403,579710,TIA,8.267919871019132,-0.032469,8165.012738442274,0.0,8165.012738442274,1.0,-30.0,5.4115,2818.0,5.135902670966029,close_unstuck_long
3404,579711,TIA,8.186919871019134,-0.032452800000000004,8173.167205513293,0.0,8173.167205513293,1.0,-30.0,5.4088,2788.0,5.135902670966029,close_unstuck_long
3405,579712,TIA,8.510919871019125,-0.0325176,8181.645607784312,0.0,8181.645607784312,1.0,-30.0,5.4196,2758.0,5.135902670966029,close_unstuck_long
3406,583762,TIA,0.0,-0.4392005600000001,8181.206407224312,0.0,8181.206407224312,1.0,433.0,5.0716,3191.0,5.127177175344503,entry_trailing_cropped_long
3407,583763,TIA,-1.8840696110241026,-0.03243712,8179.289900493288,0.0,8179.289900493288,1.0,-32.0,5.0683,3159.0,5.127177175344503,close_unstuck_long
3408,583764,TIA,-1.7848696110241065,-0.03245696,8177.472573922264,0.0,8177.472573922264,1.0,-32.0,5.0714,3127.0,5.127177175344503,close_unstuck_long
3409,583766,TIA,-1.6632696110241056,-0.03248128,8175.7768230312395,0.0,8175.7768230312395,1.0,-32.0,5.0752,3095.0,5.127177175344503,close_unstuck_long
3410,583767,TIA,-2.0856696110240875,-0.0323968,8173.658756620215,0.0,8173.658756620215,1.0,-32.0,5.062,3063.0,5.127177175344503,close_unstuck_long
3411,583768,TIA,-2.1912696110240972,-0.032375680000000004,8171.435111329191,0.0,8171.435111329191,1.0,-32.0,5.0587,3031.0,5.127177175344503,close_unstuck_long
3412,583769,TIA,-2.3832696110241045,-0.03233728,8169.019504438167,0.0,8169.019504438167,1.0,-32.0,5.0527,2999.0,5.127177175344503,close_unstuck_long
3413,583770,TIA,-2.4856696110240932,-0.0323168,8166.501518027143,0.0,8166.501518027143,1.0,-32.0,5.0495,2967.0,5.127177175344503,close_unstuck_long
3414,583771,TIA,-2.5400696110241086,-0.03230592,8163.929142496119,0.0,8163.929142496119,1.0,-32.0,5.0478,2935.0,5.127177175344503,close_unstuck_long
3415,583772,TIA,-2.2424696110240916,-0.03236544,8161.654307445096,0.0,8161.654307445096,1.0,-32.0,5.0571,2903.0,5.127177175344503,close_unstuck_long
3416,583773,TIA,-2.4728696110240946,-0.032319360000000005,8159.149118474072,0.0,8159.149118474072,1.0,-32.0,5.0499,2871.0,5.127177175344503,close_unstuck_long
3417,583774,TIA,-2.6520696110241033,-0.03228352,8156.4647653430475,0.0,8156.4647653430475,1.0,-32.0,5.0443,2839.0,5.127177175344503,close_unstuck_long
3418,583775,TIA,-2.3544696110240864,-0.03234304,8154.077952692023,0.0,8154.077952692023,1.0,-32.0,5.0536,2807.0,5.127177175344503,close_unstuck_long
3419,583776,TIA,-2.5464696110240936,-0.03230464,8151.4991784409995,0.0,8151.4991784409995,1.0,-32.0,5.0476,2775.0,5.127177175344503,close_unstuck_long
3420,583777,TIA,-2.5464696110240936,-0.03230464,8148.920404189976,0.0,8148.920404189976,1.0,-32.0,5.0476,2743.0,5.127177175344503,close_unstuck_long
3421,585941,TIA,0.0,-0.4466280000000001,8148.473776189976,0.0,8148.473776189976,1.0,455.0,4.908,3198.0,5.095993430884919,entry_trailing_cropped_long
3422,585942,TIA,-6.401783219202318,-0.0323532,8142.039639770774,0.0,8142.039639770774,1.0,-33.0,4.902,3165.0,5.095993430884919,close_unstuck_long
3423,585943,TIA,-6.546983219202331,-0.032324160000000005,8135.460332391572,0.0,8135.460332391572,1.0,-33.0,4.8976,3132.0,5.095993430884919,close_unstuck_long
3424,585944,TIA,-6.66908321920231,-0.03229974000000001,8128.758949432369,0.0,8128.758949432369,1.0,-33.0,4.8939,3099.0,5.095993430884919,close_unstuck_long
3425,585945,TIA,-6.599783219202325,-0.0323136,8122.126852613167,0.0,8122.126852613167,1.0,-33.0,4.896,3066.0,5.095993430884919,close_unstuck_long
3426,585946,TIA,-6.672383219202332,-0.03229908,8115.422170313965,0.0,8115.422170313965,1.0,-33.0,4.8938,3033.0,5.095993430884919,close_unstuck_long
3427,585947,TIA,-6.553583219202316,-0.032322840000000005,8108.836264254763,0.0,8108.836264254763,1.0,-33.0,4.8974,3000.0,5.095993430884919,close_unstuck_long
3428,585948,TIA,-6.682283219202309,-0.0322971,8102.12168393556,0.0,8102.12168393556,1.0,-33.0,4.8935,2967.0,5.095993430884919,close_unstuck_long
3429,585949,TIA,-6.616283219202316,-0.0323103,8095.473090416358,0.0,8095.473090416358,1.0,-33.0,4.8955,2934.0,5.095993430884919,close_unstuck_long
3430,585950,TIA,-6.438083219202321,-0.032345940000000004,8089.0026612571555,0.0,8089.0026612571555,1.0,-33.0,4.9009,2901.0,5.095993430884919,close_unstuck_long
3431,585951,TIA,-6.150189788317391,-0.03138432000000001,8082.821087148838,0.0,8082.821087148838,1.0,-32.0,4.9038,2869.0,5.095993430884919,close_unstuck_long
3432,585952,TIA,-6.130989788317407,-0.03138816,8076.658709200521,0.0,8076.658709200521,1.0,-32.0,4.9044,2837.0,5.095993430884919,close_unstuck_long
3433,585953,TIA,-5.948589788317406,-0.031424640000000004,8070.678694772204,0.0,8070.678694772204,1.0,-32.0,4.9101,2805.0,5.095993430884919,close_unstuck_long
3434,585954,TIA,-6.002989788317393,-0.031413760000000006,8064.644291223886,0.0,8064.644291223886,1.0,-32.0,4.9084,2773.0,5.095993430884919,close_unstuck_long
3435,585955,TIA,-6.102189788317389,-0.031393920000000006,8058.510707515569,0.0,8058.510707515569,1.0,-32.0,4.9053,2741.0,5.095993430884919,close_unstuck_long
3436,587612,TIA,0.0,-0.4294755,8058.081232015569,0.0,8058.081232015569,1.0,435.0,4.9365,3176.0,5.074148455307167,entry_trailing_cropped_long
3437,587613,TIA,-4.686350569829358,-0.03153728,8053.36334416574,0.0,8053.36334416574,1.0,-32.0,4.9277,3144.0,5.074148455307167,close_unstuck_long
3438,587614,TIA,-4.814350569829344,-0.03151168,8048.517481915911,0.0,8048.517481915911,1.0,-32.0,4.9237,3112.0,5.074148455307167,close_unstuck_long
3439,587615,TIA,-4.92955056982936,-0.03148864,8043.556442706082,0.0,8043.556442706082,1.0,-32.0,4.9201,3080.0,5.074148455307167,close_unstuck_long
3440,587616,TIA,-4.964750569829363,-0.0314816,8038.560210536252,0.0,8038.560210536252,1.0,-32.0,4.919,3048.0,5.074148455307167,close_unstuck_long
3441,587617,TIA,-4.407950569829353,-0.03159296,8034.120667006423,0.0,8034.120667006423,1.0,-32.0,4.9364,3016.0,5.074148455307167,close_unstuck_long
3442,587618,TIA,-4.417550569829359,-0.03159104,8029.671525396594,0.0,8029.671525396594,1.0,-32.0,4.9361,2984.0,5.074148455307167,close_unstuck_long
3443,587619,TIA,-4.251150569829349,-0.031624320000000004,8025.388750506765,0.0,8025.388750506765,1.0,-32.0,4.9413,2952.0,5.074148455307167,close_unstuck_long
3444,587620,TIA,-4.759950569829357,-0.03152256,8020.597277376935,0.0,8020.597277376935,1.0,-32.0,4.9254,2920.0,5.074148455307167,close_unstuck_long
3445,587621,TIA,-4.705550569829342,-0.03153344,8015.860193367106,0.0,8015.860193367106,1.0,-32.0,4.9271,2888.0,5.074148455307167,close_unstuck_long
3446,587622,TIA,-4.8463505698293545,-0.031505280000000004,8010.982337517276,0.0,8010.982337517276,1.0,-32.0,4.9227,2856.0,5.074148455307167,close_unstuck_long
3447,587623,TIA,-4.92955056982936,-0.03148864,8006.021298307447,0.0,8006.021298307447,1.0,-32.0,4.9201,2824.0,5.074148455307167,close_unstuck_long
3448,587624,TIA,-5.009550569829344,-0.03147264,8000.980275097618,0.0,8000.980275097618,1.0,-32.0,4.9176,2792.0,5.074148455307167,close_unstuck_long
3449,587625,TIA,-4.213308293293516,-0.026557740000000003,7996.740409064324,0.0,7996.740409064324,1.0,-27.0,4.9181,2765.0,5.074148455307167,close_unstuck_long
3450,587626,TIA,-0.32889691061433446,-0.00196388,7996.409548273709,0.0,7996.409548273709,1.0,-2.0,4.9097,2763.0,5.074148455307167,close_unstuck_long
3451,588646,TIA,0.0,-0.39427908,7996.015269193709,0.0,7996.015269193709,1.0,403.0,4.8918,3166.0,5.050937328494537,entry_trailing_cropped_long
3452,594761,TIA,169.93006073283286,-0.46533606,8165.479993866542,0.0,8165.479993866542,1.0,-427.0,5.4489,2739.0,5.050937328494537,close_trailing_long
3453,595619,TIA,0.0,-0.4991886000000001,8164.980805266542,0.0,8164.980805266542,1.0,438.0,5.6985,3177.0,5.1402141462847135,entry_trailing_cropped_long
3454,595620,TIA,15.721603904028015,-0.031929519999999996,8180.67047965057,0.0,8180.67047965057,1.0,-28.0,5.7017,3149.0,5.1402141462847135,close_unstuck_long
3455,595621,TIA,15.276403904028033,-0.031840480000000004,8195.915043074598,0.0,8195.915043074598,1.0,-28.0,5.6858,3121.0,5.1402141462847135,close_unstuck_long
3456,595622,TIA,15.032803904028029,-0.03179176,8210.916055218626,0.0,8210.916055218626,1.0,-28.0,5.6771,3093.0,5.1402141462847135,close_unstuck_long
3457,595623,TIA,15.57040390402802,-0.03189928,8226.454559842654,0.0,8226.454559842654,1.0,-28.0,5.6963,3065.0,5.1402141462847135,close_unstuck_long
3458,595624,TIA,15.091603904028016,-0.03180352,8241.514360226682,0.0,8241.514360226682,1.0,-28.0,5.6792,3037.0,5.1402141462847135,close_unstuck_long
3459,595625,TIA,15.430489757743306,-0.03289934,8256.911950644426,0.0,8256.911950644426,1.0,-29.0,5.6723,3008.0,5.1402141462847135,close_unstuck_long
3460,595626,TIA,15.311589757743299,-0.03287556,8272.19066484217,0.0,8272.19066484217,1.0,-29.0,5.6682,2979.0,5.1402141462847135,close_unstuck_long
3461,595627,TIA,15.343489757743303,-0.03288194,8287.501272659913,0.0,8287.501272659913,1.0,-29.0,5.6693,2950.0,5.1402141462847135,close_unstuck_long
3462,595628,TIA,15.276789757743302,-0.0328686,8302.745193817656,0.0,8302.745193817656,1.0,-29.0,5.667,2921.0,5.1402141462847135,close_unstuck_long
3463,595629,TIA,15.044789757743303,-0.0328222,8317.757161375399,0.0,8317.757161375399,1.0,-29.0,5.659,2892.0,5.1402141462847135,close_unstuck_long
3464,595630,TIA,15.082489757743318,-0.03282974,8332.806821393142,0.0,8332.806821393142,1.0,-29.0,5.6603,2863.0,5.1402141462847135,close_unstuck_long
3465,595631,TIA,14.859189757743298,-0.03278508,8347.633226070886,0.0,8347.633226070886,1.0,-29.0,5.6526,2834.0,5.1402141462847135,close_unstuck_long
3466,595632,TIA,14.9026897577433,-0.03279378,8362.503122048629,0.0,8362.503122048629,1.0,-29.0,5.6541,2805.0,5.1402141462847135,close_unstuck_long
3467,595657,TIA,171.24768978101096,-0.48556034000000003,8533.26525148964,0.0,8533.26525148964,1.0,-439.0,5.5303,2366.0,5.1402141462847135,close_trailing_long
3468,596657,TIA,139.32166246444837,-0.48842752,8672.098486434088,0.0,8672.098486434088,1.0,-448.0,5.4512,1918.0,5.1402141462847135,close_trailing_long
3469,597681,TIA,137.90406344045527,-0.49534030000000007,8809.507209574544,0.0,8809.507209574544,1.0,-455.0,5.4433,1463.0,5.1402141462847135,close_trailing_long
3470,598114,TIA,526.6593039854647,-1.6093585200000002,9334.55715504001,0.0,9334.55715504001,1.0,-1463.0,5.5002,0.0,5.1402141462847135,close_grid_long
3471,598115,TIA,0.0,-0.05934276,9334.49781228001,0.0,9334.49781228001,1.0,54.0,5.4947,54.0,5.4947,entry_initial_normal_long
3472,598151,TIA,1.214999999999998,-0.059585759999999995,9335.65322652001,0.0,9335.65322652001,1.0,-54.0,5.5172,0.0,5.4947,close_grid_long
3473,598152,TIA,0.0,-0.059529599999999995,9335.59369692001,0.0,9335.59369692001,1.0,54.0,5.512,54.0,5.512,entry_initial_normal_long
3474,598497,TIA,1.2204000000000335,-0.05977368,9336.75432324001,0.0,9336.75432324001,1.0,-54.0,5.5346,0.0,5.512,close_grid_long
3475,598498,TIA,0.0,-0.05964084000000001,9336.69468240001,0.0,9336.69468240001,1.0,54.0,5.5223,54.0,5.5223,entry_initial_normal_long
3476,598503,TIA,1.225799999999973,-0.059886,9337.860596400009,0.0,9337.860596400009,1.0,-54.0,5.545,0.0,5.5223,close_grid_long
3477,598504,TIA,0.0,-0.05974020000000001,9337.800856200009,0.0,9337.800856200009,1.0,54.0,5.5315,54.0,5.5315,entry_initial_normal_long
3478,598514,TIA,1.2311999999999603,-0.059986439999999995,9338.972069760008,0.0,9338.972069760008,1.0,-54.0,5.5543,0.0,5.5315,close_grid_long
3479,598516,TIA,0.0,-0.05974992,9338.912319840008,0.0,9338.912319840008,1.0,54.0,5.5324,54.0,5.5324,entry_initial_normal_long
3480,598518,TIA,1.2312000000000083,-0.05999616,9340.083523680009,0.0,9340.083523680009,1.0,-54.0,5.5552,0.0,5.5324,close_grid_long
3481,598548,TIA,0.0,-0.05978772,9340.023735960009,0.0,9340.023735960009,1.0,54.0,5.5359,54.0,5.5359,entry_initial_normal_long
3482,598552,TIA,1.2312000000000083,-0.060033960000000004,9341.194902000008,0.0,9341.194902000008,1.0,-54.0,5.5587,0.0,5.5359,close_grid_long
3483,598607,TIA,0.0,-0.0598698,9341.135032200009,0.0,9341.135032200009,1.0,54.0,5.5435,54.0,5.5435,entry_initial_normal_long
3484,598611,TIA,1.2312000000000083,-0.06011604,9342.306116160009,0.0,9342.306116160009,1.0,-54.0,5.5663,0.0,5.5435,close_grid_long
3485,598620,TIA,0.0,-0.059878440000000005,9342.246237720008,0.0,9342.246237720008,1.0,54.0,5.5443,54.0,5.5443,entry_initial_normal_long
3486,598815,TIA,1.2312000000000083,-0.06012468000000001,9343.417313040009,0.0,9343.417313040009,1.0,-54.0,5.5671,0.0,5.5443,close_grid_long
3487,598842,TIA,0.0,-0.05992704,9343.357386000009,0.0,9343.357386000009,1.0,54.0,5.5488,54.0,5.5488,entry_initial_normal_long
3488,599434,TIA,1.2312000000000083,-0.06017328,9344.528412720008,0.0,9344.528412720008,1.0,-54.0,5.5716,0.0,5.5488,close_grid_long
3489,599442,TIA,0.0,-0.059765040000000005,9344.468647680009,0.0,9344.468647680009,1.0,54.0,5.5338,54.0,5.5338,entry_initial_normal_long
3490,599463,TIA,1.2312000000000083,-0.06001128,9345.639836400009,0.0,9345.639836400009,1.0,-54.0,5.5566,0.0,5.5338,close_grid_long
3491,599468,TIA,0.0,-0.05978232000000001,9345.580054080008,0.0,9345.580054080008,1.0,54.0,5.5354,54.0,5.5354,entry_initial_normal_long
3492,599563,TIA,1.2312000000000083,-0.06002856000000001,9346.751225520009,0.0,9346.751225520009,1.0,-54.0,5.5582,0.0,5.5354,close_grid_long
3493,599603,TIA,0.0,-0.05983956000000001,9346.69138596001,0.0,9346.69138596001,1.0,54.0,5.5407,54.0,5.5407,entry_initial_normal_long
3494,599632,TIA,1.2312000000000083,-0.06008580000000001,9347.86250016001,0.0,9347.86250016001,1.0,-54.0,5.5635,0.0,5.5407,close_grid_long
3495,599643,TIA,0.0,-0.059863320000000005,9347.80263684001,0.0,9347.80263684001,1.0,54.0,5.5429,54.0,5.5429,entry_initial_normal_long
3496,599670,TIA,1.2311999999999603,-0.06010956,9348.97372728001,0.0,9348.97372728001,1.0,-54.0,5.5657,0.0,5.5429,close_grid_long
3497,599712,TIA,0.0,-0.059908680000000006,9348.913818600011,0.0,9348.913818600011,1.0,54.0,5.5471,54.0,5.5471,entry_initial_normal_long
3498,600205,TIA,0.0,-0.0538434,9348.859975200012,0.0,9348.859975200012,1.0,54.0,4.9855,108.0,5.2663,entry_grid_normal_long
3499,600746,TIA,0.0,-0.07072408,9348.789251120012,0.0,9348.789251120012,1.0,76.0,4.6529,184.0,5.012939130434783,entry_grid_normal_long
3500,601531,TIA,0.0,-0.11182236000000001,9348.677428760011,0.0,9348.677428760011,1.0,129.0,4.3342,313.0,4.73320319488818,entry_grid_normal_long
3501,604757,TIA,6.634599999999828,-0.29762544,9355.01440332001,0.0,9355.01440332001,1.0,-313.0,4.7544,0.0,4.73320319488818,close_grid_long
3502,605239,TIA,0.0,-0.06020224,9354.95420108001,0.0,9354.95420108001,1.0,64.0,4.7033,64.0,4.7033,entry_initial_normal_long
3503,605478,TIA,1.2416000000000054,-0.06045056,9356.135350520011,0.0,9356.135350520011,1.0,-64.0,4.7227,0.0,4.7033,close_grid_long
3504,605550,TIA,0.0,-0.06022528,9356.075125240011,0.0,9356.075125240011,1.0,64.0,4.7051,64.0,4.7051,entry_initial_normal_long
3505,606046,TIA,1.2416000000000054,-0.0604736,9357.256251640012,0.0,9357.256251640012,1.0,-64.0,4.7245,0.0,4.7051,close_grid_long
3506,606752,TIA,0.0,-0.05954852,9357.196703120013,0.0,9357.196703120013,1.0,62.0,4.8023,62.0,4.8023,entry_initial_normal_long
3507,606894,TIA,1.2276000000000025,-0.05979404,9358.364509080013,0.0,9358.364509080013,1.0,-62.0,4.8221,0.0,4.8023,close_grid_long
3508,607520,TIA,0.0,-0.0599203,9358.304588780013,0.0,9358.304588780013,1.0,61.0,4.9115,61.0,4.9115,entry_initial_normal_long
3509,607521,TIA,1.7141000000000144,-0.06026312,9359.958425660012,0.0,9359.958425660012,1.0,-61.0,4.9396,0.0,4.9115,close_grid_long
3510,607543,TIA,0.0,-0.05993860000000001,9359.898487060012,0.0,9359.898487060012,1.0,61.0,4.913,61.0,4.913,entry_initial_normal_long
3511,607675,TIA,1.2321999999999997,-0.06018504000000001,9361.070502020013,0.0,9361.070502020013,1.0,-61.0,4.9332,0.0,4.913,close_grid_long
3512,607680,TIA,0.0,-0.05989834,9361.010603680013,0.0,9361.010603680013,1.0,61.0,4.9097,61.0,4.9097,entry_initial_normal_long
3513,607683,TIA,1.2321999999999997,-0.06014478000000001,9362.182658900014,0.0,9362.182658900014,1.0,-61.0,4.9299,0.0,4.9097,close_grid_long
3514,607789,TIA,0.0,-0.06008012,9362.122578780014,0.0,9362.122578780014,1.0,61.0,4.9246,61.0,4.9246,entry_initial_normal_long
3515,608398,TIA,0.0,-0.05334816,9362.069230620014,0.0,9362.069230620014,1.0,61.0,4.3728,122.0,4.6487,entry_grid_normal_long
3516,609399,TIA,2.3668000000000102,-0.11390164,9364.322128980015,0.0,9364.322128980015,1.0,-122.0,4.6681,0.0,4.6487,close_grid_long
3517,609484,TIA,0.0,-0.06024200000000001,9364.261886980015,0.0,9364.261886980015,1.0,65.0,4.634,65.0,4.634,entry_initial_normal_long
3518,609497,TIA,1.2414999999999932,-0.060490300000000004,9365.442896680015,0.0,9365.442896680015,1.0,-65.0,4.6531,0.0,4.634,close_grid_long
3519,609532,TIA,0.0,-0.060292700000000005,9365.382603980015,0.0,9365.382603980015,1.0,65.0,4.6379,65.0,4.6379,entry_initial_normal_long
3520,609540,TIA,1.2414999999999932,-0.060541,9366.563562980014,0.0,9366.563562980014,1.0,-65.0,4.657,0.0,4.6379,close_grid_long
3521,609575,TIA,0.0,-0.0603317,9366.503231280014,0.0,9366.503231280014,1.0,65.0,4.6409,65.0,4.6409,entry_initial_normal_long
3522,609614,TIA,1.2414999999999932,-0.06058000000000001,9367.684151280015,0.0,9367.684151280015,1.0,-65.0,4.66,0.0,4.6409,close_grid_long
3523,609622,TIA,0.0,-0.060362900000000004,9367.623788380015,0.0,9367.623788380015,1.0,65.0,4.6433,65.0,4.6433,entry_initial_normal_long
3524,609631,TIA,1.2414999999999932,-0.0606112,9368.804677180015,0.0,9368.804677180015,1.0,-65.0,4.6624,0.0,4.6433,close_grid_long
3525,609633,TIA,0.0,-0.0603694,9368.744307780014,0.0,9368.744307780014,1.0,65.0,4.6438,65.0,4.6438,entry_initial_normal_long
3526,609646,TIA,1.2414999999999932,-0.0606177,9369.925190080014,0.0,9369.925190080014,1.0,-65.0,4.6629,0.0,4.6438,close_grid_long
3527,609656,TIA,0.0,-0.06038630000000001,9369.864803780014,0.0,9369.864803780014,1.0,65.0,4.6451,65.0,4.6451,entry_initial_normal_long
3528,609679,TIA,1.2414999999999932,-0.060634600000000004,9371.045669180014,0.0,9371.045669180014,1.0,-65.0,4.6642,0.0,4.6451,close_grid_long
3529,609751,TIA,0.0,-0.05960448,9370.986064700013,0.0,9370.986064700013,1.0,64.0,4.6566,64.0,4.6566,entry_initial_normal_long
3530,609764,TIA,1.2287999999999784,-0.05985024,9372.155014460013,0.0,9372.155014460013,1.0,-64.0,4.6758,0.0,4.6566,close_grid_long
3531,609777,TIA,0.0,-0.059624960000000005,9372.095389500013,0.0,9372.095389500013,1.0,64.0,4.6582,64.0,4.6582,entry_initial_normal_long
3532,609930,TIA,1.2287999999999784,-0.059870719999999995,9373.264318780013,0.0,9373.264318780013,1.0,-64.0,4.6774,0.0,4.6582,close_grid_long
3533,609935,TIA,0.0,-0.059608320000000006,9373.204710460013,0.0,9373.204710460013,1.0,64.0,4.6569,64.0,4.6569,entry_initial_normal_long
3534,609946,TIA,1.2287999999999784,-0.059854080000000004,9374.373656380014,0.0,9374.373656380014,1.0,-64.0,4.6761,0.0,4.6569,close_grid_long
3535,609952,TIA,0.0,-0.05962112,9374.314035260013,0.0,9374.314035260013,1.0,64.0,4.6579,64.0,4.6579,entry_initial_normal_long
3536,609987,TIA,1.2288000000000352,-0.059866880000000004,9375.482968380013,0.0,9375.482968380013,1.0,-64.0,4.6771,0.0,4.6579,close_grid_long
3537,610007,TIA,0.0,-0.05966592000000001,9375.423302460013,0.0,9375.423302460013,1.0,64.0,4.6614,64.0,4.6614,entry_initial_normal_long
3538,610010,TIA,1.2287999999999784,-0.05991168,9376.592190780013,0.0,9376.592190780013,1.0,-64.0,4.6806,0.0,4.6614,close_grid_long
3539,610014,TIA,0.0,-0.05967104000000001,9376.532519740013,0.0,9376.532519740013,1.0,64.0,4.6618,64.0,4.6618,entry_initial_normal_long
3540,610026,TIA,1.2287999999999784,-0.059916800000000006,9377.701402940012,0.0,9377.701402940012,1.0,-64.0,4.681,0.0,4.6618,close_grid_long
3541,610057,TIA,0.0,-0.05971328,9377.641689660013,0.0,9377.641689660013,1.0,64.0,4.6651,64.0,4.6651,entry_initial_normal_long
3542,610061,TIA,1.2288000000000352,-0.059959040000000005,9378.810530620012,0.0,9378.810530620012,1.0,-64.0,4.6843,0.0,4.6651,close_grid_long
3543,610081,TIA,0.0,-0.05973376,9378.750796860013,0.0,9378.750796860013,1.0,64.0,4.6667,64.0,4.6667,entry_initial_normal_long
3544,610133,TIA,1.2288000000000352,-0.05997952000000001,9379.919617340012,0.0,9379.919617340012,1.0,-64.0,4.6859,0.0,4.6667,close_grid_long
3545,610140,TIA,0.0,-0.059763199999999995,9379.859854140012,0.0,9379.859854140012,1.0,64.0,4.669,64.0,4.669,entry_initial_normal_long
3546,610150,TIA,1.2288000000000352,-0.06000896000000001,9381.028645180011,0.0,9381.028645180011,1.0,-64.0,4.6882,0.0,4.669,close_grid_long
3547,610323,TIA,0.0,-0.059968,9380.968677180012,0.0,9380.968677180012,1.0,64.0,4.685,64.0,4.685,entry_initial_normal_long
3548,610337,TIA,1.2352000000000203,-0.060215040000000004,9382.143662140012,0.0,9382.143662140012,1.0,-64.0,4.7043,0.0,4.685,close_grid_long
3549,610635,TIA,0.0,-0.0603264,9382.083335740012,0.0,9382.083335740012,1.0,64.0,4.713,64.0,4.713,entry_initial_normal_long
3550,610644,TIA,1.2416000000000054,-0.060574720000000006,9383.264361020012,0.0,9383.264361020012,1.0,-64.0,4.7324,0.0,4.713,close_grid_long
3551,610710,TIA,0.0,-0.060390400000000004,9383.203970620012,0.0,9383.203970620012,1.0,64.0,4.718,64.0,4.718,entry_initial_normal_long
3552,610727,TIA,1.2416000000000054,-0.06063872000000001,9384.384931900013,0.0,9384.384931900013,1.0,-64.0,4.7374,0.0,4.718,close_grid_long
3553,610745,TIA,0.0,-0.06041088,9384.324521020013,0.0,9384.324521020013,1.0,64.0,4.7196,64.0,4.7196,entry_initial_normal_long
3554,610749,TIA,1.2416000000000054,-0.0606592,9385.505461820014,0.0,9385.505461820014,1.0,-64.0,4.739,0.0,4.7196,close_grid_long
3555,610938,TIA,0.0,-0.05964336,9385.445818460013,0.0,9385.445818460013,1.0,63.0,4.7336,63.0,4.7336,entry_initial_normal_long
3556,610961,TIA,1.2284999999999906,-0.05988906,9386.614429400013,0.0,9386.614429400013,1.0,-63.0,4.7531,0.0,4.7336,close_grid_long
3557,611137,TIA,0.0,-0.05986260000000001,9386.554566800014,0.0,9386.554566800014,1.0,63.0,4.751,63.0,4.751,entry_initial_normal_long
3558,611370,TIA,1.234799999999976,-0.06010956,9387.729257240015,0.0,9387.729257240015,1.0,-63.0,4.7706,0.0,4.751,close_grid_long
3559,612513,TIA,0.0,-0.060541199999999996,9387.668716040014,0.0,9387.668716040014,1.0,60.0,5.0451,60.0,5.0451,entry_initial_normal_long
3560,612752,TIA,1.2420000000000364,-0.06078960000000001,9388.849926440014,0.0,9388.849926440014,1.0,-60.0,5.0658,0.0,5.0451,close_grid_long
3561,612785,TIA,0.0,-0.060524400000000006,9388.789402040014,0.0,9388.789402040014,1.0,60.0,5.0437,60.0,5.0437,entry_initial_normal_long
3562,612962,TIA,1.2419999999999831,-0.060772799999999995,9389.970629240015,0.0,9389.970629240015,1.0,-60.0,5.0644,0.0,5.0437,close_grid_long
3563,612976,TIA,0.0,-0.0604752,9389.910154040015,0.0,9389.910154040015,1.0,60.0,5.0396,60.0,5.0396,entry_initial_normal_long
3564,612982,TIA,1.2419999999999831,-0.0607236,9391.091430440016,0.0,9391.091430440016,1.0,-60.0,5.0603,0.0,5.0396,close_grid_long
3565,613113,TIA,0.0,-0.06060600000000001,9391.030824440017,0.0,9391.030824440017,1.0,60.0,5.0505,60.0,5.0505,entry_initial_normal_long
3566,613131,TIA,1.2479999999999691,-0.06085560000000001,9392.217968840017,0.0,9392.217968840017,1.0,-60.0,5.0713,0.0,5.0505,close_grid_long
3567,613135,TIA,0.0,-0.05960534000000001,9392.158363500017,0.0,9392.158363500017,1.0,59.0,5.0513,59.0,5.0513,entry_initial_normal_long
3568,613188,TIA,1.2271999999999696,-0.05985078,9393.325712720018,0.0,9393.325712720018,1.0,-59.0,5.0721,0.0,5.0513,close_grid_long
3569,613218,TIA,0.0,-0.05964074,9393.266071980017,0.0,9393.266071980017,1.0,59.0,5.0543,59.0,5.0543,entry_initial_normal_long
3570,613244,TIA,1.227200000000022,-0.059886180000000004,9394.433385800017,0.0,9394.433385800017,1.0,-59.0,5.0751,0.0,5.0543,close_grid_long
3571,613248,TIA,0.0,-0.05965608,9394.373729720017,0.0,9394.373729720017,1.0,59.0,5.0556,59.0,5.0556,entry_initial_normal_long
3572,613470,TIA,1.2271999999999696,-0.05990152,9395.541028200018,0.0,9395.541028200018,1.0,-59.0,5.0764,0.0,5.0556,close_grid_long
3573,613487,TIA,0.0,-0.059644279999999994,9395.481383920018,0.0,9395.481383920018,1.0,59.0,5.0546,59.0,5.0546,entry_initial_normal_long
3574,613497,TIA,1.227200000000022,-0.05988972,9396.648694200017,0.0,9396.648694200017,1.0,-59.0,5.0754,0.0,5.0546,close_grid_long
3575,615053,TIA,0.0,-0.05986288,9396.588831320018,0.0,9396.588831320018,1.0,56.0,5.3449,56.0,5.3449,entry_initial_normal_long
3576,616661,TIA,0.0,-0.05313952000000001,9396.535691800018,0.0,9396.535691800018,1.0,56.0,4.7446,112.0,5.0447500000000005,entry_grid_normal_long
3577,617397,TIA,2.3687999999999505,-0.11347616,9398.791015640018,0.0,9398.791015640018,1.0,-112.0,5.0659,0.0,5.0447500000000005,close_grid_long
3578,617608,TIA,0.0,-0.060100860000000006,9398.730914780017,0.0,9398.730914780017,1.0,61.0,4.9263,61.0,4.9263,entry_initial_normal_long
3579,617609,TIA,2.5375999999999914,-0.06060838,9401.207906400017,0.0,9401.207906400017,1.0,-61.0,4.9679,0.0,4.9263,close_grid_long
3580,617611,TIA,0.0,-0.060104519999999995,9401.147801880017,0.0,9401.147801880017,1.0,61.0,4.9266,61.0,4.9266,entry_initial_normal_long
3581,617612,TIA,1.2383000000000397,-0.06035218,9402.325749700018,0.0,9402.325749700018,1.0,-61.0,4.9469,0.0,4.9266,close_grid_long
3582,617613,TIA,0.0,-0.060105740000000005,9402.265643960018,0.0,9402.265643960018,1.0,61.0,4.9267,61.0,4.9267,entry_initial_normal_long
3583,617614,TIA,1.2382999999999855,-0.0603534,9403.443590560018,0.0,9403.443590560018,1.0,-61.0,4.947,0.0,4.9267,close_grid_long
3584,617616,TIA,0.0,-0.06010939999999999,9403.383481160019,0.0,9403.383481160019,1.0,61.0,4.927,61.0,4.927,entry_initial_normal_long
3585,617619,TIA,1.2383000000000397,-0.060357060000000004,9404.561424100018,0.0,9404.561424100018,1.0,-61.0,4.9473,0.0,4.927,close_grid_long
3586,617620,TIA,0.0,-0.06011062000000001,9404.50131348002,0.0,9404.50131348002,1.0,61.0,4.9271,61.0,4.9271,entry_initial_normal_long
3587,618174,TIA,1.2382999999999855,-0.06035828000000001,9405.679255200019,0.0,9405.679255200019,1.0,-61.0,4.9474,0.0,4.9271,close_grid_long
3588,618432,TIA,0.0,-0.059760560000000004,9405.61949464002,0.0,9405.61949464002,1.0,62.0,4.8194,62.0,4.8194,entry_initial_normal_long
3589,618435,TIA,1.2276000000000025,-0.06000608,9406.787088560019,0.0,9406.787088560019,1.0,-62.0,4.8392,0.0,4.8194,close_grid_long
3590,618492,TIA,0.0,-0.05988704,9406.727201520018,0.0,9406.727201520018,1.0,62.0,4.8296,62.0,4.8296,entry_initial_normal_long
3591,618495,TIA,1.233799999999988,-0.0601338,9407.900867720018,0.0,9407.900867720018,1.0,-62.0,4.8495,0.0,4.8296,close_grid_long
3592,618496,TIA,0.0,-0.05989076,9407.840976960018,0.0,9407.840976960018,1.0,62.0,4.8299,62.0,4.8299,entry_initial_normal_long
3593,618599,TIA,1.233799999999988,-0.06013752000000001,9409.014639440018,0.0,9409.014639440018,1.0,-62.0,4.8498,0.0,4.8299,close_grid_long
3594,618603,TIA,0.0,-0.059896960000000006,9408.954742480018,0.0,9408.954742480018,1.0,62.0,4.8304,62.0,4.8304,entry_initial_normal_long
3595,618634,TIA,1.233799999999988,-0.06014372,9410.128398760018,0.0,9410.128398760018,1.0,-62.0,4.8503,0.0,4.8304,close_grid_long
3596,618639,TIA,0.0,-0.059913079999999994,9410.068485680018,0.0,9410.068485680018,1.0,62.0,4.8317,62.0,4.8317,entry_initial_normal_long
3597,620268,TIA,1.233800000000043,-0.06015984000000001,9411.242125840017,0.0,9411.242125840017,1.0,-62.0,4.8516,0.0,4.8317,close_grid_long
3598,621136,TIA,0.0,-0.06021812,9411.181907720018,0.0,9411.181907720018,1.0,62.0,4.8563,62.0,4.8563,entry_initial_normal_long
3599,621170,TIA,1.2399999999999736,-0.060466120000000005,9412.361441600018,0.0,9412.361441600018,1.0,-62.0,4.8763,0.0,4.8563,close_grid_long
3600,621329,TIA,0.0,-0.06038055999999999,9412.301061040018,0.0,9412.301061040018,1.0,62.0,4.8694,62.0,4.8694,entry_initial_normal_long
3601,621337,TIA,1.2400000000000286,-0.060628560000000005,9413.480432480017,0.0,9413.480432480017,1.0,-62.0,4.8894,0.0,4.8694,close_grid_long
3602,621424,TIA,0.0,-0.06045744000000001,9413.419975040017,0.0,9413.419975040017,1.0,62.0,4.8756,62.0,4.8756,entry_initial_normal_long
3603,621429,TIA,1.2461999999999591,-0.06070668,9414.605468360016,0.0,9414.605468360016,1.0,-62.0,4.8957,0.0,4.8756,close_grid_long
3604,621433,TIA,0.0,-0.060462400000000006,9414.545005960015,0.0,9414.545005960015,1.0,62.0,4.876,62.0,4.876,entry_initial_normal_long
3605,621436,TIA,1.2461999999999591,-0.060711640000000004,9415.730494320016,0.0,9415.730494320016,1.0,-62.0,4.8961,0.0,4.876,close_grid_long
3606,621451,TIA,0.0,-0.060474799999999995,9415.670019520016,0.0,9415.670019520016,1.0,62.0,4.877,62.0,4.877,entry_initial_normal_long
3607,621453,TIA,1.2462000000000142,-0.06072404000000001,9416.855495480015,0.0,9416.855495480015,1.0,-62.0,4.8971,0.0,4.877,close_grid_long
3608,621455,TIA,0.0,-0.06047852000000001,9416.795016960015,0.0,9416.795016960015,1.0,62.0,4.8773,62.0,4.8773,entry_initial_normal_long
3609,627839,TIA,0.0,-0.05380360000000001,9416.741213360016,0.0,9416.741213360016,1.0,62.0,4.339,124.0,4.60815,entry_grid_normal_long
3610,628131,TIA,0.0,-0.070122,9416.671091360016,0.0,9416.671091360016,1.0,87.0,4.03,211.0,4.369765876777251,entry_grid_normal_long
3611,634279,TIA,3.974000000000114,-0.18519892000000002,9420.459892440016,0.0,9420.459892440016,1.0,-211.0,4.3886,0.0,4.369765876777251,close_grid_long
3612,634725,TIA,0.0,-0.0605472,9420.399345240015,0.0,9420.399345240015,1.0,70.0,4.3248,70.0,4.3248,entry_initial_normal_long
3613,634727,TIA,1.2390000000000345,-0.06079500000000001,9421.577550240016,0.0,9421.577550240016,1.0,-70.0,4.3425,0.0,4.3248,close_grid_long
3614,634736,TIA,0.0,-0.060557,9421.516993240015,0.0,9421.516993240015,1.0,70.0,4.3255,70.0,4.3255,entry_initial_normal_long
3615,634755,TIA,1.2460000000000182,-0.060806200000000005,9422.702187040015,0.0,9422.702187040015,1.0,-70.0,4.3433,0.0,4.3255,close_grid_long
3616,634758,TIA,0.0,-0.060565400000000005,9422.641621640016,0.0,9422.641621640016,1.0,70.0,4.3261,70.0,4.3261,entry_initial_normal_long
3617,634770,TIA,1.245999999999956,-0.060814599999999996,9423.826807040015,0.0,9423.826807040015,1.0,-70.0,4.3439,0.0,4.3261,close_grid_long
3618,634785,TIA,0.0,-0.0605836,9423.766223440016,0.0,9423.766223440016,1.0,70.0,4.3274,70.0,4.3274,entry_initial_normal_long
3619,634795,TIA,1.2460000000000182,-0.0608328,9424.951390640015,0.0,9424.951390640015,1.0,-70.0,4.3452,0.0,4.3274,close_grid_long
3620,634800,TIA,0.0,-0.0605934,9424.890797240016,0.0,9424.890797240016,1.0,70.0,4.3281,70.0,4.3281,entry_initial_normal_long
3621,634805,TIA,1.2460000000000182,-0.06084260000000001,9426.075954640015,0.0,9426.075954640015,1.0,-70.0,4.3459,0.0,4.3281,close_grid_long
3622,634806,TIA,0.0,-0.0605976,9426.015357040014,0.0,9426.015357040014,1.0,70.0,4.3284,70.0,4.3284,entry_initial_normal_long
3623,634945,TIA,1.245999999999956,-0.0608468,9427.200510240014,0.0,9427.200510240014,1.0,-70.0,4.3462,0.0,4.3284,close_grid_long
3624,634968,TIA,0.0,-0.06062420000000001,9427.139886040015,0.0,9427.139886040015,1.0,70.0,4.3303,70.0,4.3303,entry_initial_normal_long
3625,635088,TIA,1.245999999999956,-0.060873399999999994,9428.325012640014,0.0,9428.325012640014,1.0,-70.0,4.3481,0.0,4.3303,close_grid_long
3626,635275,TIA,0.0,-0.06003828,9428.264974360014,0.0,9428.264974360014,1.0,69.0,4.3506,69.0,4.3506,entry_initial_normal_long
3627,635276,TIA,1.2351000000000019,-0.0602853,9429.439789060014,0.0,9429.439789060014,1.0,-69.0,4.3685,0.0,4.3506,close_grid_long
3628,635419,TIA,0.0,-0.06018732,9429.379601740015,0.0,9429.379601740015,1.0,69.0,4.3614,69.0,4.3614,entry_initial_normal_long
3629,636446,TIA,0.0,-0.053459820000000005,9429.326141920015,0.0,9429.326141920015,1.0,69.0,3.8739,138.0,4.117649999999999,entry_grid_normal_long
3630,637497,TIA,0.0,-0.0697721,9429.256369820016,0.0,9429.256369820016,1.0,97.0,3.5965,235.0,3.9025370212765953,entry_grid_normal_long
3631,637604,TIA,0.0,-0.109824,9429.146545820016,0.0,9429.146545820016,1.0,165.0,3.328,400.0,3.6655404999999996,entry_grid_normal_long
3632,637841,TIA,0.0,-0.136654,9429.009891820016,0.0,9429.009891820016,1.0,227.0,3.01,627.0,3.4282076555023924,entry_grid_cropped_long
3633,637906,TIA,0.0,-0.21603046,9428.793861360016,0.0,9428.793861360016,1.0,331.0,3.2633,958.0,3.3712301670146134,entry_trailing_normal_long
3634,638037,TIA,0.0,-0.27142852000000006,9428.522432840016,0.0,9428.522432840016,1.0,506.0,2.6821,1464.0,3.133047199453552,entry_trailing_normal_long
3635,638050,TIA,0.0,-0.39152450000000005,9428.130908340016,0.0,9428.130908340016,1.0,773.0,2.5325,2237.0,2.9255268663388465,entry_trailing_normal_long
3636,638058,TIA,0.0,-0.6383305,9427.492577840016,0.0,9427.492577840016,1.0,1181.0,2.7025,3418.0,2.8484657987126973,entry_trailing_normal_long
3637,638107,TIA,0.0,-0.9735466400000001,9426.519031200016,0.0,9426.519031200016,1.0,1804.0,2.6983,5222.0,2.796589295289161,entry_trailing_normal_long
3638,638247,TIA,0.0,-0.8499456000000001,9425.669085600015,0.0,9425.669085600015,1.0,1530.0,2.7776,6752.0,2.792286329976303,entry_trailing_cropped_long
3639,638692,TIA,154.53043972156422,-0.5391022,9579.660423121579,0.0,9579.660423121579,1.0,-910.0,2.9621,5842.0,2.792286329976303,close_trailing_long
3640,638794,TIA,0.0,-0.5691005,9579.091322621578,0.0,9579.091322621578,1.0,943.0,3.0175,6785.0,2.8235872129287487,entry_trailing_cropped_long
3641,638864,TIA,22.05495443720383,-0.037729320000000004,9601.108547738782,0.0,9601.108547738782,1.0,-59.0,3.1974,6726.0,2.8235872129287487,close_unstuck_long
3642,638866,TIA,22.798354437203823,-0.037878,9623.869024175987,0.0,9623.869024175987,1.0,-59.0,3.21,6667.0,2.8235872129287487,close_unstuck_long
3643,638867,TIA,22.848767224275086,-0.0384528,9646.679338600263,0.0,9646.679338600263,1.0,-60.0,3.2044,6607.0,2.8235872129287487,close_unstuck_long
3644,638871,TIA,22.338767224275074,-0.0383508,9668.979755024538,0.0,9668.979755024538,1.0,-60.0,3.1959,6547.0,2.8235872129287487,close_unstuck_long
3645,638872,TIA,22.30276722427508,-0.0383436,9691.244178648814,0.0,9691.244178648814,1.0,-60.0,3.1953,6487.0,2.8235872129287487,close_unstuck_long
3646,638882,TIA,22.89676722427508,-0.0384624,9714.102483473089,0.0,9714.102483473089,1.0,-60.0,3.2052,6427.0,2.8235872129287487,close_unstuck_long
3647,638883,TIA,22.818767224275078,-0.0384468,9736.882803897364,0.0,9736.882803897364,1.0,-60.0,3.2039,6367.0,2.8235872129287487,close_unstuck_long
3648,638885,TIA,22.65676722427508,-0.0384144,9759.501156721639,0.0,9759.501156721639,1.0,-60.0,3.2012,6307.0,2.8235872129287487,close_unstuck_long
3649,638903,TIA,22.692780011346343,-0.038986320000000005,9782.154950412985,0.0,9782.154950412985,1.0,-61.0,3.1956,6246.0,2.8235872129287487,close_unstuck_long
3650,638904,TIA,22.991680011346322,-0.0390461,9805.107584324332,0.0,9805.107584324332,1.0,-61.0,3.2005,6185.0,2.8235872129287487,close_unstuck_long
3651,638905,TIA,23.61998001134632,-0.03917176,9828.68839257568,0.0,9828.68839257568,1.0,-61.0,3.2108,6124.0,2.8235872129287487,close_unstuck_long
3652,638906,TIA,24.024767224275088,-0.038688,9852.674471799954,0.0,9852.674471799954,1.0,-60.0,3.224,6064.0,2.8235872129287487,close_unstuck_long
3653,639061,TIA,0.0,-0.51688964,9852.157582159954,0.0,9852.157582159954,1.0,773.0,3.3434,6837.0,2.8823579141728732,entry_trailing_cropped_long
3654,639062,TIA,27.053640977973366,-0.038846080000000005,9879.172377057928,0.0,9879.172377057928,1.0,-58.0,3.3488,6779.0,2.8823579141728732,close_unstuck_long
3655,639063,TIA,27.337840977973347,-0.03890292,9906.471315115901,0.0,9906.471315115901,1.0,-58.0,3.3537,6721.0,2.8823579141728732,close_unstuck_long
3656,639064,TIA,27.70904097797336,-0.038977160000000004,9934.141378933875,0.0,9934.141378933875,1.0,-58.0,3.3601,6663.0,2.8823579141728732,close_unstuck_long
3657,639065,TIA,28.115983063800492,-0.03963502000000001,9962.217726977675,0.0,9962.217726977675,1.0,-59.0,3.3589,6604.0,2.8823579141728732,close_unstuck_long
3658,639066,TIA,27.525983063800478,-0.03951702000000001,9989.704193021475,0.0,9989.704193021475,1.0,-59.0,3.3489,6545.0,2.8823579141728732,close_unstuck_long
3659,639067,TIA,26.84748306380049,-0.039381320000000004,10016.512294765274,0.0,10016.512294765274,1.0,-59.0,3.3374,6486.0,2.8823579141728732,close_unstuck_long
3660,639068,TIA,27.11052514962761,-0.0400104,10043.582809514903,0.0,10043.582809514903,1.0,-60.0,3.3342,6426.0,2.8823579141728732,close_unstuck_long
3661,639069,TIA,27.350525149627607,-0.0400584,10070.89327626453,0.0,10070.89327626453,1.0,-60.0,3.3382,6366.0,2.8823579141728732,close_unstuck_long
3662,639070,TIA,27.302525149627613,-0.0400488,10098.155752614159,0.0,10098.155752614159,1.0,-60.0,3.3374,6306.0,2.8823579141728732,close_unstuck_long
3663,639071,TIA,27.992525149627603,-0.0401868,10126.108090963786,0.0,10126.108090963786,1.0,-60.0,3.3489,6246.0,2.8823579141728732,close_unstuck_long
3664,639072,TIA,27.854525149627605,-0.0401592,10153.922456913413,0.0,10153.922456913413,1.0,-60.0,3.3466,6186.0,2.8823579141728732,close_unstuck_long
3665,639073,TIA,27.740525149627608,-0.0401364,10181.622845663042,0.0,10181.622845663042,1.0,-60.0,3.3447,6126.0,2.8823579141728732,close_unstuck_long
3666,639126,TIA,386.1712657074245,-0.6260352,10567.168076170467,0.0,10567.168076170467,1.0,-952.0,3.288,5174.0,2.8823579141728732,close_trailing_long
3667,639242,TIA,0.0,-1.24413448,10565.923941690466,0.0,10565.923941690466,1.0,1822.0,3.4142,6996.0,3.0208679599671875,entry_trailing_cropped_long
3668,639243,TIA,24.444654442001575,-0.041743520000000006,10590.326852612467,0.0,10590.326852612467,1.0,-61.0,3.4216,6935.0,3.0208679599671875,close_unstuck_long
3669,639244,TIA,24.16338648203438,-0.04229144,10614.4479476545,0.0,10614.4479476545,1.0,-62.0,3.4106,6873.0,3.0208679599671875,close_unstuck_long
3670,639245,TIA,24.944586482034378,-0.04244768,10639.350086456534,0.0,10639.350086456534,1.0,-62.0,3.4232,6811.0,3.0208679599671875,close_unstuck_long
3671,639246,TIA,25.347586482034373,-0.04252828,10664.655144658569,0.0,10664.655144658569,1.0,-62.0,3.4297,6749.0,3.0208679599671875,close_unstuck_long
3672,639247,TIA,25.798854442001563,-0.04201436,10690.411984740571,0.0,10690.411984740571,1.0,-61.0,3.4438,6688.0,3.0208679599671875,close_unstuck_long
3673,639248,TIA,26.091654442001555,-0.04207292,10716.461566262573,0.0,10716.461566262573,1.0,-61.0,3.4486,6627.0,3.0208679599671875,close_unstuck_long
3674,639249,TIA,27.08595444200157,-0.04227178,10743.505248924574,0.0,10743.505248924574,1.0,-61.0,3.4649,6566.0,3.0208679599671875,close_unstuck_long
3675,639250,TIA,27.449386482034377,-0.04294864,10770.911686766607,0.0,10770.911686766607,1.0,-62.0,3.4636,6504.0,3.0208679599671875,close_unstuck_long
3676,639252,TIA,26.723986482034388,-0.042803560000000004,10797.592869688642,0.0,10797.592869688642,1.0,-62.0,3.4519,6442.0,3.0208679599671875,close_unstuck_long
3677,639253,TIA,26.810786482034377,-0.042820920000000005,10824.360835250676,0.0,10824.360835250676,1.0,-62.0,3.4533,6380.0,3.0208679599671875,close_unstuck_long
3678,639254,TIA,25.93658648203438,-0.04264608,10850.254775652711,0.0,10850.254775652711,1.0,-62.0,3.4392,6318.0,3.0208679599671875,close_unstuck_long
3679,639255,TIA,25.460318522067176,-0.043155,10875.671939174777,0.0,10875.671939174777,1.0,-63.0,3.425,6255.0,3.0208679599671875,close_unstuck_long
3680,639378,TIA,371.44407883182805,-0.6603372000000001,11246.455680806606,0.0,11246.455680806606,1.0,-970.0,3.4038,5285.0,3.0208679599671875,close_trailing_long
3681,639496,TIA,275.5562361529108,-0.66109736,11521.350819599516,0.0,11521.350819599516,1.0,-1003.0,3.2956,4282.0,3.0208679599671875,close_trailing_long
3682,639663,TIA,221.87533715373118,-0.66546552,11742.560691233248,0.0,11742.560691233248,1.0,-1028.0,3.2367,3254.0,3.0208679599671875,close_trailing_long
3683,639993,TIA,0.0,-1.0946752400000002,11741.466015993248,0.0,11741.466015993248,1.0,1718.0,3.1859,4972.0,3.0778923052560794,entry_trailing_normal_long
3684,640240,TIA,0.0,-1.63575852,11739.830257473248,0.0,11739.830257473248,1.0,2453.0,3.3342,7425.0,3.162568773297404,entry_trailing_cropped_long
3685,640241,TIA,11.258185869181702,-0.0465276,11751.04191574243,0.0,11751.04191574243,1.0,-70.0,3.3234,7355.0,3.162568773297404,close_unstuck_long
3686,640242,TIA,10.859185869181701,-0.046447800000000004,11761.854653811612,0.0,11761.854653811612,1.0,-70.0,3.3177,7285.0,3.162568773297404,close_unstuck_long
3687,640243,TIA,10.971185869181719,-0.0464702,11772.779369480793,0.0,11772.779369480793,1.0,-70.0,3.3193,7215.0,3.162568773297404,close_unstuck_long
3688,640244,TIA,11.153185869181698,-0.0465066,11783.886048749975,0.0,11783.886048749975,1.0,-70.0,3.3219,7145.0,3.162568773297404,close_unstuck_long
3689,640245,TIA,11.05518586918171,-0.046487,11794.894747619157,0.0,11794.894747619157,1.0,-70.0,3.3205,7075.0,3.162568773297404,close_unstuck_long
3690,640246,TIA,11.223185869181723,-0.0465206,11806.07141288834,0.0,11806.07141288834,1.0,-70.0,3.3229,7005.0,3.162568773297404,close_unstuck_long
3691,640247,TIA,11.113717095884317,-0.04713122,11817.137998764223,0.0,11817.137998764223,1.0,-71.0,3.3191,6934.0,3.162568773297404,close_unstuck_long
3692,640248,TIA,9.104417095884301,-0.04672936,11826.195686500107,0.0,11826.195686500107,1.0,-71.0,3.2908,6863.0,3.162568773297404,close_unstuck_long
3693,640249,TIA,9.104417095884301,-0.04672936,11835.25337423599,0.0,11835.25337423599,1.0,-71.0,3.2908,6792.0,3.162568773297404,close_unstuck_long
3694,640250,TIA,10.261717095884315,-0.04696082,11845.468130511874,0.0,11845.468130511874,1.0,-71.0,3.3071,6721.0,3.162568773297404,close_unstuck_long
3695,640251,TIA,9.842817095884314,-0.04687704,11855.264070567759,0.0,11855.264070567759,1.0,-71.0,3.3012,6650.0,3.162568773297404,close_unstuck_long
3696,640252,TIA,9.750517095884309,-0.046858580000000004,11864.967729083643,0.0,11864.967729083643,1.0,-71.0,3.2999,6579.0,3.162568773297404,close_unstuck_long
3697,640253,TIA,10.616717095884308,-0.04703182,11875.537414359527,0.0,11875.537414359527,1.0,-71.0,3.3121,6508.0,3.162568773297404,close_unstuck_long
3698,640514,TIA,0.0,-0.63363776,11874.903776599527,0.0,11874.903776599527,1.0,938.0,3.3776,7446.0,3.1896570476255044,entry_trailing_cropped_long
3699,640515,TIA,13.28200666621469,-0.0473116,11888.138471665741,0.0,11888.138471665741,1.0,-70.0,3.3794,7376.0,3.1896570476255044,close_unstuck_long
3700,640516,TIA,14.150006666214686,-0.0474852,11902.240993131956,0.0,11902.240993131956,1.0,-70.0,3.3918,7306.0,3.1896570476255044,close_unstuck_long
3701,640517,TIA,14.7450066662147,-0.047604200000000006,11916.93839559817,0.0,11916.93839559817,1.0,-70.0,3.4003,7236.0,3.1896570476255044,close_unstuck_long
3702,640518,TIA,14.815006666214693,-0.047618200000000006,11931.705784064385,0.0,11931.705784064385,1.0,-70.0,3.4013,7166.0,3.1896570476255044,close_unstuck_long
3703,640520,TIA,13.989006666214689,-0.047453,11945.6473377306,0.0,11945.6473377306,1.0,-70.0,3.3895,7096.0,3.1896570476255044,close_unstuck_long
3704,640521,TIA,13.92600666621468,-0.0474404,11959.525903996813,0.0,11959.525903996813,1.0,-70.0,3.3886,7026.0,3.1896570476255044,close_unstuck_long
3705,640522,TIA,13.422006666214706,-0.0473396,11972.900571063028,0.0,11972.900571063028,1.0,-70.0,3.3814,6956.0,3.1896570476255044,close_unstuck_long
3706,640523,TIA,13.730006666214702,-0.047401200000000004,11986.583176529242,0.0,11986.583176529242,1.0,-70.0,3.3858,6886.0,3.1896570476255044,close_unstuck_long
3707,640524,TIA,13.604006666214685,-0.047376,12000.139807195457,0.0,12000.139807195457,1.0,-70.0,3.384,6816.0,3.1896570476255044,close_unstuck_long
3708,640525,TIA,14.311006666214684,-0.0475174,12014.403296461673,0.0,12014.403296461673,1.0,-70.0,3.3941,6746.0,3.1896570476255044,close_unstuck_long
3709,640526,TIA,14.164006666214686,-0.047488,12028.519815127887,0.0,12028.519815127887,1.0,-70.0,3.392,6676.0,3.1896570476255044,close_unstuck_long
3710,640527,TIA,14.052006666214698,-0.047465600000000004,12042.524356194102,0.0,12042.524356194102,1.0,-70.0,3.3904,6606.0,3.1896570476255044,close_unstuck_long
3711,640528,TIA,13.038649618589186,-0.04790086,12055.515104952692,0.0,12055.515104952692,1.0,-71.0,3.3733,6535.0,3.1896570476255044,close_unstuck_long
3712,640867,TIA,0.0,-0.65327484,12054.861830112692,0.0,12054.861830112692,1.0,993.0,3.2894,7528.0,3.2028138956207055,entry_trailing_cropped_long
3713,640868,TIA,5.539685619688511,-0.047869020000000005,12060.35364671238,0.0,12060.35364671238,1.0,-73.0,3.2787,7455.0,3.2028138956207055,close_unstuck_long
3714,640869,TIA,5.240385619688494,-0.047809159999999996,12065.546223172068,0.0,12065.546223172068,1.0,-73.0,3.2746,7382.0,3.2028138956207055,close_unstuck_long
3715,640870,TIA,5.298785619688488,-0.04782084,12070.797187951757,0.0,12070.797187951757,1.0,-73.0,3.2754,7309.0,3.2028138956207055,close_unstuck_long
3716,640871,TIA,5.473985619688501,-0.04785588,12076.223317691445,0.0,12076.223317691445,1.0,-73.0,3.2778,7236.0,3.2028138956207055,close_unstuck_long
3717,640872,TIA,5.035985619688485,-0.04776828,12081.211535031134,0.0,12081.211535031134,1.0,-73.0,3.2718,7163.0,3.2028138956207055,close_unstuck_long
3718,640873,TIA,5.0578856196884985,-0.04777266,12086.221647990822,0.0,12086.221647990822,1.0,-73.0,3.2721,7090.0,3.2028138956207055,close_unstuck_long
3719,640874,TIA,4.49817172406778,-0.04830128,12090.67151843489,0.0,12090.67151843489,1.0,-74.0,3.2636,7016.0,3.2028138956207055,close_unstuck_long
3720,640875,TIA,4.327971724067782,-0.04826724,12094.951222918959,0.0,12094.951222918959,1.0,-74.0,3.2613,6942.0,3.2028138956207055,close_unstuck_long
3721,640876,TIA,4.911885619688482,-0.04774346,12099.815365078646,0.0,12099.815365078646,1.0,-73.0,3.2701,6869.0,3.2028138956207055,close_unstuck_long
3722,640877,TIA,5.342585619688483,-0.0478296,12105.110121098334,0.0,12105.110121098334,1.0,-73.0,3.276,6796.0,3.2028138956207055,close_unstuck_long
3723,640879,TIA,4.527771724067777,-0.048307199999999995,12109.589585622402,0.0,12109.589585622402,1.0,-74.0,3.264,6722.0,3.2028138956207055,close_unstuck_long
3724,640880,TIA,3.8617717240677845,-0.048174,12113.403183346469,0.0,12113.403183346469,1.0,-74.0,3.255,6648.0,3.2028138956207055,close_unstuck_long
3725,640882,TIA,3.45477172406778,-0.0480926,12116.809862470536,0.0,12116.809862470536,1.0,-74.0,3.2495,6574.0,3.2028138956207055,close_unstuck_long
3726,642640,TIA,0.0,-0.6358366,12116.174025870536,0.0,12116.174025870536,1.0,1015.0,3.1322,7589.0,3.193369554593559,entry_trailing_cropped_long
3727,642641,TIA,-4.987255703704054,-0.04818044,12111.138589726832,0.0,12111.138589726832,1.0,-77.0,3.1286,7512.0,3.193369554593559,close_unstuck_long
3728,642642,TIA,-5.849655703704062,-0.04800796,12105.240926063128,0.0,12105.240926063128,1.0,-77.0,3.1174,7435.0,3.193369554593559,close_unstuck_long
3729,642643,TIA,-6.442555703704048,-0.04788938,12098.750480979425,0.0,12098.750480979425,1.0,-77.0,3.1097,7358.0,3.193369554593559,close_unstuck_long
3730,642644,TIA,-6.142255703704064,-0.04794944,12092.56027583572,0.0,12092.56027583572,1.0,-77.0,3.1136,7281.0,3.193369554593559,close_unstuck_long
3731,642645,TIA,-6.665855703704075,-0.04784472,12085.846575412015,0.0,12085.846575412015,1.0,-77.0,3.1068,7204.0,3.193369554593559,close_unstuck_long
3732,642646,TIA,-6.4271557037040505,-0.047892460000000005,12079.371527248311,0.0,12079.371527248311,1.0,-77.0,3.1099,7127.0,3.193369554593559,close_unstuck_long
3733,642647,TIA,-6.034455703704042,-0.04797100000000001,12073.289100544607,0.0,12073.289100544607,1.0,-77.0,3.115,7050.0,3.193369554593559,close_unstuck_long
3734,642648,TIA,-6.565755703704069,-0.04786474,12066.675480100903,0.0,12066.675480100903,1.0,-77.0,3.1081,6973.0,3.193369554593559,close_unstuck_long
3735,642649,TIA,-6.604255703704048,-0.04785704,12060.023367357198,0.0,12060.023367357198,1.0,-77.0,3.1076,6896.0,3.193369554593559,close_unstuck_long
3736,642650,TIA,-6.242355703704071,-0.04792942,12053.733082233493,0.0,12053.733082233493,1.0,-77.0,3.1123,6819.0,3.193369554593559,close_unstuck_long
3737,642651,TIA,-6.658155703704059,-0.04784626,12047.027080269789,0.0,12047.027080269789,1.0,-77.0,3.1069,6742.0,3.193369554593559,close_unstuck_long
3738,642652,TIA,-6.7120557037040705,-0.04783548,12040.267189086084,0.0,12040.267189086084,1.0,-77.0,3.1062,6665.0,3.193369554593559,close_unstuck_long
3739,642653,TIA,-6.49645570370406,-0.0478786,12033.72285478238,0.0,12033.72285478238,1.0,-77.0,3.109,6588.0,3.193369554593559,close_unstuck_long
3740,642654,TIA,-6.565755703704069,-0.04786474,12027.109234338675,0.0,12027.109234338675,1.0,-77.0,3.1081,6511.0,3.193369554593559,close_unstuck_long
3741,643264,TIA,0.0,-0.6521424000000001,12026.457091938675,0.0,12026.457091938675,1.0,1092.0,2.986,7603.0,3.1635855806863953,entry_trailing_cropped_long
3742,643793,TIA,-14.734846454911619,-0.0476704,12011.674575083764,0.0,12011.674575083764,1.0,-80.0,2.9794,7523.0,3.1635855806863953,close_unstuck_long
3743,643794,TIA,-13.782846454911635,-0.047860799999999995,11997.843867828851,0.0,11997.843867828851,1.0,-80.0,2.9913,7443.0,3.1635855806863953,close_unstuck_long
3744,643795,TIA,-13.382846454911608,-0.047940800000000006,11984.413080573939,0.0,11984.413080573939,1.0,-80.0,2.9963,7363.0,3.1635855806863953,close_unstuck_long
3745,643796,TIA,-14.17484645491161,-0.0477824,11970.190451719027,0.0,11970.190451719027,1.0,-80.0,2.9864,7283.0,3.1635855806863953,close_unstuck_long
3746,643798,TIA,-14.606846454911633,-0.047696,11955.535909264116,0.0,11955.535909264116,1.0,-80.0,2.981,7203.0,3.1635855806863953,close_unstuck_long
3747,643802,TIA,-14.334846454911627,-0.047750400000000005,11941.153312409204,0.0,11941.153312409204,1.0,-80.0,2.9844,7123.0,3.1635855806863953,close_unstuck_long
3748,644207,TIA,-16.246846454911612,-0.047368,11924.859097954291,0.0,11924.859097954291,1.0,-80.0,2.9605,7043.0,3.1635855806863953,close_unstuck_long
3749,644208,TIA,-15.830846454911622,-0.0474512,11908.98080029938,0.0,11908.98080029938,1.0,-80.0,2.9657,6963.0,3.1635855806863953,close_unstuck_long
3750,644209,TIA,-16.47884645491164,-0.0473216,11892.454632244468,0.0,11892.454632244468,1.0,-80.0,2.9576,6883.0,3.1635855806863953,close_unstuck_long
3751,644210,TIA,-16.630846454911605,-0.047291200000000005,11875.776494589556,0.0,11875.776494589556,1.0,-80.0,2.9557,6803.0,3.1635855806863953,close_unstuck_long
3752,644211,TIA,-16.686846454911617,-0.04728,11859.042368134644,0.0,11859.042368134644,1.0,-80.0,2.955,6723.0,3.1635855806863953,close_unstuck_long
3753,644212,TIA,-14.75987622873405,-0.041970940000000005,11844.24052096591,0.0,11844.24052096591,1.0,-71.0,2.9557,6652.0,3.1635855806863953,close_unstuck_long
3754,644213,TIA,-0.4207711613727909,-0.00118128,11843.818568524537,0.0,11843.818568524537,1.0,-2.0,2.9532,6650.0,3.1635855806863953,close_unstuck_long
3755,644537,TIA,0.0,-0.5297292,11843.288839324538,0.0,11843.288839324538,1.0,858.0,3.087,7508.0,3.154833525781104,entry_trailing_cropped_long
3756,650038,TIA,305.7924719095226,-0.6996968,12148.38161443406,0.0,12148.38161443406,1.0,-1012.0,3.457,6496.0,3.154833525781104,close_trailing_long
3757,650232,TIA,234.03420023921416,-0.7017502800000001,12381.714064393274,0.0,12381.714064393274,1.0,-1038.0,3.3803,5458.0,3.154833525781104,close_trailing_long
3758,650524,TIA,140.89012972359177,-0.6957407999999999,12521.908453316866,0.0,12521.908453316866,1.0,-1058.0,3.288,4400.0,3.154833525781104,close_trailing_long
3759,651891,TIA,0.0,-1.45075996,12520.457693356866,0.0,12520.457693356866,1.0,2323.0,3.1226,6723.0,3.1436958669398862,entry_trailing_normal_long
3760,652233,TIA,0.0,-0.78115752,12519.676535836867,0.0,12519.676535836867,1.0,1188.0,3.2877,7911.0,3.165321060983043,entry_trailing_cropped_long
3761,652234,TIA,9.498399365288707,-0.05001256,12529.124922642155,0.0,12529.124922642155,1.0,-76.0,3.2903,7835.0,3.165321060983043,close_unstuck_long
3762,652235,TIA,7.69719936528872,-0.04965232,12536.772469687443,0.0,12536.772469687443,1.0,-76.0,3.2666,7759.0,3.165321060983043,close_unstuck_long
3763,652236,TIA,7.925199365288728,-0.04969792,12544.647971132732,0.0,12544.647971132732,1.0,-76.0,3.2696,7683.0,3.165321060983043,close_unstuck_long
3764,652237,TIA,9.711199365288717,-0.05005512,12554.30911537802,0.0,12554.30911537802,1.0,-76.0,3.2931,7607.0,3.165321060983043,close_unstuck_long
3765,652238,TIA,10.55092042627177,-0.04959000000000001,12564.810445804293,0.0,12564.810445804293,1.0,-75.0,3.306,7532.0,3.165321060983043,close_unstuck_long
3766,652239,TIA,9.528799365288737,-0.05001864000000001,12574.289226529581,0.0,12574.289226529581,1.0,-76.0,3.2907,7456.0,3.165321060983043,close_unstuck_long
3767,652240,TIA,9.369199365288738,-0.049986720000000005,12583.60843917487,0.0,12583.60843917487,1.0,-76.0,3.2886,7380.0,3.165321060983043,close_unstuck_long
3768,652241,TIA,10.410399365288708,-0.05019496,12593.96864358016,0.0,12593.96864358016,1.0,-76.0,3.3023,7304.0,3.165321060983043,close_unstuck_long
3769,652244,TIA,8.09239936528871,-0.049731359999999995,12602.011311585447,0.0,12602.011311585447,1.0,-76.0,3.2718,7228.0,3.165321060983043,close_unstuck_long
3770,652245,TIA,9.239999365288735,-0.049960880000000006,12611.201350070736,0.0,12611.201350070736,1.0,-76.0,3.2869,7152.0,3.165321060983043,close_unstuck_long
3771,652246,TIA,9.034799365288707,-0.04991984,12620.186229596025,0.0,12620.186229596025,1.0,-76.0,3.2842,7076.0,3.165321060983043,close_unstuck_long
3772,652247,TIA,10.022799365288733,-0.05011744,12630.158911521314,0.0,12630.158911521314,1.0,-76.0,3.2972,7000.0,3.165321060983043,close_unstuck_long
3773,652249,TIA,6.98997830430568,-0.05014394,12637.09874588562,0.0,12637.09874588562,1.0,-77.0,3.2561,6923.0,3.165321060983043,close_unstuck_long
3774,653990,TIA,0.0,-0.67204482,12636.42670106562,0.0,12636.42670106562,1.0,1083.0,3.1027,8006.0,3.1568500880821393,entry_trailing_cropped_long
3775,653991,TIA,-4.126957134653274,-0.050315580000000006,12632.249428350968,0.0,12632.249428350968,1.0,-81.0,3.1059,7925.0,3.1568500880821393,close_unstuck_long
3776,653992,TIA,-4.515757134653267,-0.05023782000000001,12627.683433396314,0.0,12627.683433396314,1.0,-81.0,3.1011,7844.0,3.1568500880821393,close_unstuck_long
3777,653993,TIA,-4.572457134653279,-0.05022648,12623.060749781662,0.0,12623.060749781662,1.0,-81.0,3.1004,7763.0,3.1568500880821393,close_unstuck_long
3778,653994,TIA,-4.3699571346532835,-0.05026698,12618.640525667008,0.0,12618.640525667008,1.0,-81.0,3.1029,7682.0,3.1568500880821393,close_unstuck_long
3779,653995,TIA,-4.313257134653272,-0.05027832,12614.276990212355,0.0,12614.276990212355,1.0,-81.0,3.1036,7601.0,3.1568500880821393,close_unstuck_long
3780,653998,TIA,-4.191757134653267,-0.050302620000000006,12610.034930457701,0.0,12610.034930457701,1.0,-81.0,3.1051,7520.0,3.1568500880821393,close_unstuck_long
3781,653999,TIA,-4.288957134653293,-0.050283180000000004,12605.695690143048,0.0,12605.695690143048,1.0,-81.0,3.1039,7439.0,3.1568500880821393,close_unstuck_long
3782,654000,TIA,-4.183657134653286,-0.05030424,12601.461728768394,0.0,12601.461728768394,1.0,-81.0,3.1052,7358.0,3.1568500880821393,close_unstuck_long
3783,654001,TIA,-4.515757134653267,-0.05023782000000001,12596.89573381374,0.0,12596.89573381374,1.0,-81.0,3.1011,7277.0,3.1568500880821393,close_unstuck_long
3784,654002,TIA,-4.734457134653297,-0.05019408,12592.111082599087,0.0,12592.111082599087,1.0,-81.0,3.0984,7196.0,3.1568500880821393,close_unstuck_long
3785,654003,TIA,-4.596757134653295,-0.05022162,12587.464103844433,0.0,12587.464103844433,1.0,-81.0,3.1001,7115.0,3.1568500880821393,close_unstuck_long
3786,654004,TIA,-3.8520070465711598,-0.0497392,12583.562357597863,0.0,12583.562357597863,1.0,-80.0,3.1087,7035.0,3.1568500880821393,close_unstuck_long
3787,654005,TIA,-3.6760070465711436,-0.0497744,12579.83657615129,0.0,12579.83657615129,1.0,-80.0,3.1109,6955.0,3.1568500880821393,close_unstuck_long
3788,654008,TIA,-4.288957134653293,-0.050283180000000004,12575.497335836637,0.0,12575.497335836637,1.0,-81.0,3.1039,6874.0,3.1568500880821393,close_unstuck_long
3789,654654,TIA,0.0,-0.6903232000000001,12574.807012636637,0.0,12574.807012636637,1.0,1064.0,3.244,7938.0,3.1685315577571966,entry_trailing_cropped_long
3790,654655,TIA,4.825470052695847,-0.049760479999999996,12579.582722209332,0.0,12579.582722209332,1.0,-77.0,3.2312,7861.0,3.1685315577571966,close_unstuck_long
3791,654656,TIA,4.887070052695875,-0.049772800000000006,12584.420019462028,0.0,12584.420019462028,1.0,-77.0,3.232,7784.0,3.1685315577571966,close_unstuck_long
3792,654657,TIA,4.763870052695854,-0.04974816000000001,12589.134141354723,0.0,12589.134141354723,1.0,-77.0,3.2304,7707.0,3.1685315577571966,close_unstuck_long
3793,654658,TIA,4.295338494938647,-0.05028816,12593.379191689663,0.0,12593.379191689663,1.0,-78.0,3.2236,7629.0,3.1685315577571966,close_unstuck_long
3794,654659,TIA,4.396738494938653,-0.050308439999999996,12597.725621744601,0.0,12597.725621744601,1.0,-78.0,3.2249,7551.0,3.1685315577571966,close_unstuck_long
3795,654660,TIA,4.786738494938679,-0.050386440000000005,12602.46197379954,0.0,12602.46197379954,1.0,-78.0,3.2299,7473.0,3.1685315577571966,close_unstuck_long
3796,654661,TIA,4.154938494938662,-0.05026008,12606.566652214478,0.0,12606.566652214478,1.0,-78.0,3.2218,7395.0,3.1685315577571966,close_unstuck_long
3797,654662,TIA,3.7181384949386755,-0.050172720000000004,12610.234617989418,0.0,12610.234617989418,1.0,-78.0,3.2162,7317.0,3.1685315577571966,close_unstuck_long
3798,654663,TIA,4.459138494938646,-0.05032092,12614.643435564356,0.0,12614.643435564356,1.0,-78.0,3.2257,7239.0,3.1685315577571966,close_unstuck_long
3799,654664,TIA,3.7259384949386574,-0.05017428,12618.319199779295,0.0,12618.319199779295,1.0,-78.0,3.2163,7161.0,3.1685315577571966,close_unstuck_long
3800,654665,TIA,3.351538494938664,-0.0500994,12621.620638874234,0.0,12621.620638874234,1.0,-78.0,3.2115,7083.0,3.1685315577571966,close_unstuck_long
3801,654666,TIA,3.7025384949386773,-0.0501696,12625.273007769172,0.0,12625.273007769172,1.0,-78.0,3.216,7005.0,3.1685315577571966,close_unstuck_long
3802,654667,TIA,4.053538494938656,-0.0502398,12629.276306464111,0.0,12629.276306464111,1.0,-78.0,3.2205,6927.0,3.1685315577571966,close_unstuck_long
3803,658230,TIA,0.0,-0.66230208,12628.614004384111,0.0,12628.614004384111,1.0,1056.0,3.1359,7983.0,3.164215019489428,entry_trailing_cropped_long
3804,658231,TIA,-2.6892015591542417,-0.0500896,12625.874713224957,0.0,12625.874713224957,1.0,-80.0,3.1306,7903.0,3.164215019489428,close_unstuck_long
3805,658232,TIA,-2.7532015591542347,-0.0500768,12623.071434865804,0.0,12623.071434865804,1.0,-80.0,3.1298,7823.0,3.164215019489428,close_unstuck_long
3806,658233,TIA,-2.569201559154237,-0.0501136,12620.45211970665,0.0,12620.45211970665,1.0,-80.0,3.1321,7743.0,3.164215019489428,close_unstuck_long
3807,658234,TIA,-2.8252015591542445,-0.0500624,12617.576855747495,0.0,12617.576855747495,1.0,-80.0,3.1289,7663.0,3.164215019489428,close_unstuck_long
3808,658235,TIA,-3.153201559154226,-0.0499968,12614.37365738834,0.0,12614.37365738834,1.0,-80.0,3.1248,7583.0,3.164215019489428,close_unstuck_long
3809,658236,TIA,-2.769201559154233,-0.0500736,12611.554382229186,0.0,12611.554382229186,1.0,-80.0,3.1296,7503.0,3.164215019489428,close_unstuck_long
3810,658237,TIA,-3.1212015591542297,-0.0500032,12608.383177470032,0.0,12608.383177470032,1.0,-80.0,3.1252,7423.0,3.164215019489428,close_unstuck_long
3811,658238,TIA,-3.281201559154212,-0.04997120000000001,12605.052004710878,0.0,12605.052004710878,1.0,-80.0,3.1232,7343.0,3.164215019489428,close_unstuck_long
3812,658239,TIA,-3.2972015591542103,-0.049968000000000005,12601.704835151724,0.0,12601.704835151724,1.0,-80.0,3.123,7263.0,3.164215019489428,close_unstuck_long
3813,658240,TIA,-3.2412015591542342,-0.0499792,12598.41365439257,0.0,12598.41365439257,1.0,-80.0,3.1237,7183.0,3.164215019489428,close_unstuck_long
3814,658242,TIA,-3.265201559154214,-0.0499744,12595.098478433416,0.0,12595.098478433416,1.0,-80.0,3.1234,7103.0,3.164215019489428,close_unstuck_long
3815,658243,TIA,-3.2412015591542342,-0.0499792,12591.807297674262,0.0,12591.807297674262,1.0,-80.0,3.1237,7023.0,3.164215019489428,close_unstuck_long
3816,658244,TIA,-3.3932015591542353,-0.0499488,12588.364147315107,0.0,12588.364147315107,1.0,-80.0,3.1218,6943.0,3.164215019489428,close_unstuck_long
3817,658245,TIA,-3.6092015591542292,-0.0499056,12584.705040155954,0.0,12584.705040155954,1.0,-80.0,3.1191,6863.0,3.164215019489428,close_unstuck_long
3818,658673,TIA,0.0,-0.6907698,12584.014270355954,0.0,12584.014270355954,1.0,1095.0,3.1542,7958.0,3.1628369789841595,entry_trailing_cropped_long
3819,658674,TIA,-0.7692213397486167,-0.04981898,12583.195230036206,0.0,12583.195230036206,1.0,-79.0,3.1531,7879.0,3.1628369789841595,close_unstuck_long
3820,658675,TIA,-0.33472133974861196,-0.04990588,12582.810602816458,0.0,12582.810602816458,1.0,-79.0,3.1586,7800.0,3.1628369789841595,close_unstuck_long
3821,658676,TIA,-0.5243213397485911,-0.04986796,12582.23641351671,0.0,12582.23641351671,1.0,-79.0,3.1562,7721.0,3.1628369789841595,close_unstuck_long
3822,658677,TIA,-0.2873213397486172,-0.04991536,12581.899176816962,0.0,12581.899176816962,1.0,-79.0,3.1592,7642.0,3.1628369789841595,close_unstuck_long
3823,658678,TIA,0.21037866025141572,-0.05001490000000001,12582.059540577213,0.0,12582.059540577213,1.0,-79.0,3.1655,7563.0,3.1628369789841595,close_unstuck_long
3824,658679,TIA,-0.18462133974861095,-0.0499359,12581.824983337465,0.0,12581.824983337465,1.0,-79.0,3.1605,7484.0,3.1628369789841595,close_unstuck_long
3825,658680,TIA,-0.050321339748608196,-0.04996276,12581.724699237717,0.0,12581.724699237717,1.0,-79.0,3.1622,7405.0,3.1628369789841595,close_unstuck_long
3826,658681,TIA,0.044478660251416446,-0.04998172000000001,12581.719196177968,0.0,12581.719196177968,1.0,-79.0,3.1634,7326.0,3.1628369789841595,close_unstuck_long
3827,658682,TIA,-0.23202133974860573,-0.049926420000000006,12581.43724841822,0.0,12581.43724841822,1.0,-79.0,3.1599,7247.0,3.1628369789841595,close_unstuck_long
3828,658683,TIA,0.8028786602514031,-0.0501334,12582.189993678472,0.0,12582.189993678472,1.0,-79.0,3.173,7168.0,3.1628369789841595,close_unstuck_long
3829,658684,TIA,1.3795786602513922,-0.05024874,12583.519323598723,0.0,12583.519323598723,1.0,-79.0,3.1803,7089.0,3.1628369789841595,close_unstuck_long
3830,658685,TIA,1.1662786602513981,-0.05020608,12584.635396178974,0.0,12584.635396178974,1.0,-79.0,3.1776,7010.0,3.1628369789841595,close_unstuck_long
3831,658686,TIA,1.3242786602514158,-0.05023768000000001,12585.909437159225,0.0,12585.909437159225,1.0,-79.0,3.1796,6931.0,3.1628369789841595,close_unstuck_long
3832,658687,TIA,1.2847786602514026,-0.05022978,12587.143986039477,0.0,12587.143986039477,1.0,-79.0,3.1791,6852.0,3.1628369789841595,close_unstuck_long
3833,659367,TIA,0.0,-0.7007327400000001,12586.443253299476,0.0,12586.443253299476,1.0,1109.0,3.1593,7961.0,3.1623442632834395,entry_trailing_cropped_long
3834,659368,TIA,0.15450320060826783,-0.049995939999999996,12586.547760560084,0.0,12586.547760560084,1.0,-79.0,3.1643,7882.0,3.1623442632834395,close_unstuck_long
3835,659369,TIA,0.22560320060827754,-0.050010160000000005,12586.723353600693,0.0,12586.723353600693,1.0,-79.0,3.1652,7803.0,3.1623442632834395,close_unstuck_long
3836,659370,TIA,0.3915032006082768,-0.050043340000000006,12587.064813461302,0.0,12587.064813461302,1.0,-79.0,3.1673,7724.0,3.1623442632834395,close_unstuck_long
3837,659371,TIA,0.42310320060827333,-0.05004966,12587.43786700191,0.0,12587.43786700191,1.0,-79.0,3.1677,7645.0,3.1623442632834395,close_unstuck_long
3838,659372,TIA,1.0077032006082791,-0.05016658,12588.395403622519,0.0,12588.395403622519,1.0,-79.0,3.1751,7566.0,3.1623442632834395,close_unstuck_long
3839,659373,TIA,0.5732032006082743,-0.05007968,12588.918527143127,0.0,12588.918527143127,1.0,-79.0,3.1696,7487.0,3.1623442632834395,close_unstuck_long
3840,659374,TIA,0.29670320060828725,-0.05002438000000001,12589.165205963734,0.0,12589.165205963734,1.0,-79.0,3.1661,7408.0,3.1623442632834395,close_unstuck_long
3841,659375,TIA,0.38360320060826014,-0.050041760000000005,12589.498767404342,0.0,12589.498767404342,1.0,-79.0,3.1672,7329.0,3.1623442632834395,close_unstuck_long
3842,659376,TIA,-0.0034967993917147666,-0.04996434000000001,12589.44530626495,0.0,12589.44530626495,1.0,-79.0,3.1623,7250.0,3.1623442632834395,close_unstuck_long
3843,659377,TIA,0.34410320060828203,-0.05003386,12589.739375605559,0.0,12589.739375605559,1.0,-79.0,3.1667,7171.0,3.1623442632834395,close_unstuck_long
3844,659378,TIA,0.06760320060825986,-0.04997856,12589.757000246167,0.0,12589.757000246167,1.0,-79.0,3.1632,7092.0,3.1623442632834395,close_unstuck_long
3845,659379,TIA,0.4705032006082681,-0.05005914,12590.177444306775,0.0,12590.177444306775,1.0,-79.0,3.1683,7013.0,3.1623442632834395,close_unstuck_long
3846,659380,TIA,0.13080320060828798,-0.049991200000000006,12590.258256307383,0.0,12590.258256307383,1.0,-79.0,3.164,6934.0,3.1623442632834395,close_unstuck_long
3847,659381,TIA,0.2019032006082626,-0.05000542,12590.410154087991,0.0,12590.410154087991,1.0,-79.0,3.1649,6855.0,3.1623442632834395,close_unstuck_long
3848,660372,TIA,0.0,-0.70072254,12589.709431547992,0.0,12589.709431547992,1.0,1113.0,3.1479,7968.0,3.1603266346395555,entry_trailing_cropped_long
3849,660373,TIA,-0.49190413652487797,-0.04983478,12589.167692631467,0.0,12589.167692631467,1.0,-79.0,3.1541,7889.0,3.1603266346395555,close_unstuck_long
3850,660374,TIA,-0.555104136524871,-0.04982214,12588.562766354942,0.0,12588.562766354942,1.0,-79.0,3.1533,7810.0,3.1603266346395555,close_unstuck_long
3851,660375,TIA,-1.029104136524889,-0.04972734,12587.483934878417,0.0,12587.483934878417,1.0,-79.0,3.1473,7731.0,3.1603266346395555,close_unstuck_long
3852,660377,TIA,-1.4181307711644564,-0.0502816,12586.015522507252,0.0,12586.015522507252,1.0,-80.0,3.1426,7651.0,3.1603266346395555,close_unstuck_long
3853,660378,TIA,-1.029104136524889,-0.04972734,12584.936691030727,0.0,12584.936691030727,1.0,-79.0,3.1473,7572.0,3.1603266346395555,close_unstuck_long
3854,660379,TIA,-1.594130771164437,-0.050246400000000004,12583.292313859563,0.0,12583.292313859563,1.0,-80.0,3.1404,7492.0,3.1603266346395555,close_unstuck_long
3855,660380,TIA,-0.8948041365248862,-0.049754200000000005,12582.347755523038,0.0,12582.347755523038,1.0,-79.0,3.149,7413.0,3.1603266346395555,close_unstuck_long
3856,660381,TIA,-0.1680041365248961,-0.04989956,12582.129851826514,0.0,12582.129851826514,1.0,-79.0,3.1582,7334.0,3.1603266346395555,close_unstuck_long
3857,660382,TIA,0.15589586347512085,-0.04996434000000001,12582.235783349988,0.0,12582.235783349988,1.0,-79.0,3.1623,7255.0,3.1603266346395555,close_unstuck_long
3858,660383,TIA,0.029495863475099693,-0.04993906,12582.215340153463,0.0,12582.215340153463,1.0,-79.0,3.1607,7176.0,3.1603266346395555,close_unstuck_long
3859,660384,TIA,0.20329586347511563,-0.04997382,12582.36866219694,0.0,12582.36866219694,1.0,-79.0,3.1629,7097.0,3.1603266346395555,close_unstuck_long
3860,660385,TIA,1.2223958634751262,-0.05017764,12583.540880420414,0.0,12583.540880420414,1.0,-79.0,3.1758,7018.0,3.1603266346395555,close_unstuck_long
3861,660386,TIA,1.7674958634751188,-0.050286660000000004,12585.258089623889,0.0,12585.258089623889,1.0,-79.0,3.1827,6939.0,3.1603266346395555,close_unstuck_long
3862,660387,TIA,0.7404958634751266,-0.05008126,12585.948504227365,0.0,12585.948504227365,1.0,-79.0,3.1697,6860.0,3.1603266346395555,close_unstuck_long
3863,661639,TIA,0.0,-0.69839088,12585.250113347365,0.0,12585.250113347365,1.0,1137.0,3.0712,7997.0,3.147654759738321,entry_trailing_cropped_long
3864,661640,TIA,-6.281935538803987,-0.04973562,12578.918442188562,0.0,12578.918442188562,1.0,-81.0,3.0701,7916.0,3.147654759738321,close_unstuck_long
3865,661641,TIA,-5.885035538803976,-0.049815000000000005,12572.983591649758,0.0,12572.983591649758,1.0,-81.0,3.075,7835.0,3.147654759738321,close_unstuck_long
3866,661642,TIA,-5.390935538803976,-0.049913820000000005,12567.542742290954,0.0,12567.542742290954,1.0,-81.0,3.0811,7754.0,3.147654759738321,close_unstuck_long
3867,661644,TIA,-5.6744355388039995,-0.04985712,12561.81844963215,0.0,12561.81844963215,1.0,-81.0,3.0776,7673.0,3.147654759738321,close_unstuck_long
3868,661645,TIA,-5.682535538803981,-0.049855500000000004,12556.086058593346,0.0,12556.086058593346,1.0,-81.0,3.0775,7592.0,3.147654759738321,close_unstuck_long
3869,661646,TIA,-5.739235538803992,-0.04984416,12550.296978894543,0.0,12550.296978894543,1.0,-81.0,3.0768,7511.0,3.147654759738321,close_unstuck_long
3870,661647,TIA,-5.901235538803975,-0.049811760000000004,12544.345931595739,0.0,12544.345931595739,1.0,-81.0,3.0748,7430.0,3.147654759738321,close_unstuck_long
3871,661649,TIA,-5.990335538803983,-0.04979394000000001,12538.305802116935,0.0,12538.305802116935,1.0,-81.0,3.0737,7349.0,3.147654759738321,close_unstuck_long
3872,661650,TIA,-5.844535538803999,-0.0498231,12532.411443478131,0.0,12532.411443478131,1.0,-81.0,3.0755,7268.0,3.147654759738321,close_unstuck_long
3873,661651,TIA,-6.217135538803994,-0.04974858,12526.144559359327,0.0,12526.144559359327,1.0,-81.0,3.0709,7187.0,3.147654759738321,close_unstuck_long
3874,661654,TIA,-6.565435538803973,-0.04967892000000001,12519.529444900523,0.0,12519.529444900523,1.0,-81.0,3.0666,7106.0,3.147654759738321,close_unstuck_long
3875,661655,TIA,-6.630235538804002,-0.049665959999999995,12512.849543401719,0.0,12512.849543401719,1.0,-81.0,3.0658,7025.0,3.147654759738321,close_unstuck_long
3876,661656,TIA,-6.549235538803975,-0.04968216000000001,12506.250625702914,0.0,12506.250625702914,1.0,-81.0,3.0668,6944.0,3.147654759738321,close_unstuck_long
3877,661657,TIA,-5.860735538803997,-0.04981986,12500.34007030411,0.0,12500.34007030411,1.0,-81.0,3.0753,6863.0,3.147654759738321,close_unstuck_long
3878,662126,TIA,0.0,-0.67991364,12499.66015666411,0.0,12499.66015666411,1.0,1071.0,3.1742,7934.0,3.1512380660554697,entry_trailing_cropped_long
3879,662127,TIA,2.1420308476733663,-0.04958772,12501.752599791782,0.0,12501.752599791782,1.0,-78.0,3.1787,7856.0,3.1512380660554697,close_unstuck_long
3880,662128,TIA,1.8066308476733512,-0.04952064,12503.509709999455,0.0,12503.509709999455,1.0,-78.0,3.1744,7778.0,3.1512380660554697,close_unstuck_long
3881,662129,TIA,1.2840308476733568,-0.04941612,12504.744324727128,0.0,12504.744324727128,1.0,-78.0,3.1677,7700.0,3.1512380660554697,close_unstuck_long
3882,662130,TIA,0.6447927816179067,-0.04991852,12505.339198988746,0.0,12505.339198988746,1.0,-79.0,3.1594,7621.0,3.1512380660554697,close_unstuck_long
3883,662132,TIA,0.399892781617881,-0.049869540000000004,12505.689222230363,0.0,12505.689222230363,1.0,-79.0,3.1563,7542.0,3.1512380660554697,close_unstuck_long
3884,662133,TIA,0.9133927816178771,-0.04997224,12506.552642771981,0.0,12506.552642771981,1.0,-79.0,3.1628,7463.0,3.1512380660554697,close_unstuck_long
3885,662134,TIA,0.9765927816179052,-0.04998488000000001,12507.4792506736,0.0,12507.4792506736,1.0,-79.0,3.1636,7384.0,3.1512380660554697,close_unstuck_long
3886,662135,TIA,0.49469278161790564,-0.04988850000000001,12507.924054955218,0.0,12507.924054955218,1.0,-79.0,3.1575,7305.0,3.1512380660554697,close_unstuck_long
3887,662136,TIA,0.549992781617882,-0.04989956,12508.424148176835,0.0,12508.424148176835,1.0,-79.0,3.1582,7226.0,3.1512380660554697,close_unstuck_long
3888,662137,TIA,-0.16100721838210985,-0.04975736,12508.213383598453,0.0,12508.213383598453,1.0,-79.0,3.1492,7147.0,3.1512380660554697,close_unstuck_long
3889,662138,TIA,0.3682927816178845,-0.04986322000000001,12508.53181316007,0.0,12508.53181316007,1.0,-79.0,3.1559,7068.0,3.1512380660554697,close_unstuck_long
3890,662139,TIA,-0.04250721838210536,-0.04978106,12508.439524881689,0.0,12508.439524881689,1.0,-79.0,3.1507,6989.0,3.1512380660554697,close_unstuck_long
3891,662140,TIA,0.399892781617881,-0.049869540000000004,12508.789548123306,0.0,12508.789548123306,1.0,-79.0,3.1563,6910.0,3.1512380660554697,close_unstuck_long
3892,662141,TIA,0.5104927816179039,-0.049891660000000004,12509.250149244925,0.0,12509.250149244925,1.0,-79.0,3.1577,6831.0,3.1512380660554697,close_unstuck_long
3893,662660,TIA,0.0,-0.69815634,12508.551992904924,0.0,12508.551992904924,1.0,1059.0,3.2963,7890.0,3.170708356048785,entry_trailing_cropped_long
3894,662661,TIA,9.419373296341128,-0.0494445,12517.921921701265,0.0,12517.921921701265,1.0,-75.0,3.2963,7815.0,3.170708356048785,close_unstuck_long
3895,662662,TIA,10.139373296341114,-0.0495885,12528.011706497606,0.0,12528.011706497606,1.0,-75.0,3.3059,7740.0,3.170708356048785,close_unstuck_long
3896,662663,TIA,9.951873296341118,-0.049551000000000005,12537.914028793946,0.0,12537.914028793946,1.0,-75.0,3.3034,7665.0,3.170708356048785,close_unstuck_long
3897,662664,TIA,9.659373296341133,-0.0494925,12547.523909590287,0.0,12547.523909590287,1.0,-75.0,3.2995,7590.0,3.170708356048785,close_unstuck_long
3898,662665,TIA,9.689364940292343,-0.05013264,12557.16314189058,0.0,12557.16314189058,1.0,-76.0,3.2982,7514.0,3.170708356048785,close_unstuck_long
3899,662666,TIA,9.50696494029233,-0.05009616,12566.620010670873,0.0,12566.620010670873,1.0,-76.0,3.2958,7438.0,3.170708356048785,close_unstuck_long
3900,662667,TIA,9.271364940292338,-0.05004904,12575.841326571166,0.0,12575.841326571166,1.0,-76.0,3.2927,7362.0,3.170708356048785,close_unstuck_long
3901,662668,TIA,9.126964940292337,-0.05002016,12584.918271351458,0.0,12584.918271351458,1.0,-76.0,3.2908,7286.0,3.170708356048785,close_unstuck_long
3902,662669,TIA,9.088964940292325,-0.05001256,12593.95722373175,0.0,12593.95722373175,1.0,-76.0,3.2903,7210.0,3.170708356048785,close_unstuck_long
3903,662671,TIA,8.009764940292342,-0.04979672,12601.917191952041,0.0,12601.917191952041,1.0,-76.0,3.2761,7134.0,3.170708356048785,close_unstuck_long
3904,662672,TIA,7.910964940292336,-0.04977696,12609.778379932333,0.0,12609.778379932333,1.0,-76.0,3.2748,7058.0,3.170708356048785,close_unstuck_long
3905,662673,TIA,8.070564940292336,-0.04980888,12617.799135992625,0.0,12617.799135992625,1.0,-76.0,3.2769,6982.0,3.170708356048785,close_unstuck_long
3906,662674,TIA,8.061256584243546,-0.05044116,12625.80995141687,0.0,12625.80995141687,1.0,-77.0,3.2754,6905.0,3.170708356048785,close_unstuck_long
3907,662917,TIA,0.0,-0.6717422399999999,12625.13820917687,0.0,12625.13820917687,1.0,996.0,3.3722,7901.0,3.196108391155153,entry_trailing_cropped_long
3908,662918,TIA,13.215779054518674,-0.04994556,12638.304042671389,0.0,12638.304042671389,1.0,-74.0,3.3747,7827.0,3.196108391155153,close_unstuck_long
3909,662919,TIA,12.606870663363523,-0.050463,12650.860450334752,0.0,12650.860450334752,1.0,-75.0,3.3642,7752.0,3.196108391155153,close_unstuck_long
3910,662920,TIA,11.466870663363549,-0.050235,12662.277085998116,0.0,12662.277085998116,1.0,-75.0,3.349,7677.0,3.196108391155153,close_unstuck_long
3911,662921,TIA,11.069370663363543,-0.050155500000000006,12673.29630116148,0.0,12673.29630116148,1.0,-75.0,3.3437,7602.0,3.196108391155153,close_unstuck_long
3912,662922,TIA,11.481870663363548,-0.050238000000000005,12684.727933824843,0.0,12684.727933824843,1.0,-75.0,3.3492,7527.0,3.196108391155153,close_unstuck_long
3913,662923,TIA,10.949370663363522,-0.0501315,12695.627172988206,0.0,12695.627172988206,1.0,-75.0,3.3421,7452.0,3.196108391155153,close_unstuck_long
3914,662924,TIA,10.866870663363548,-0.05011500000000001,12706.44392865157,0.0,12706.44392865157,1.0,-75.0,3.341,7377.0,3.196108391155153,close_unstuck_long
3915,662925,TIA,10.988962272208381,-0.05077864000000001,12717.382112283778,0.0,12717.382112283778,1.0,-76.0,3.3407,7301.0,3.196108391155153,close_unstuck_long
3916,662926,TIA,11.186562272208393,-0.05081816,12728.517856395987,0.0,12728.517856395987,1.0,-76.0,3.3433,7225.0,3.196108391155153,close_unstuck_long
3917,662928,TIA,10.411362272208377,-0.05066312,12738.878555548195,0.0,12738.878555548195,1.0,-76.0,3.3331,7149.0,3.196108391155153,close_unstuck_long
3918,662929,TIA,9.826162272208391,-0.05054608,12748.654171740403,0.0,12748.654171740403,1.0,-76.0,3.3254,7073.0,3.196108391155153,close_unstuck_long
3919,662930,TIA,9.37776227220839,-0.050456400000000005,12757.981477612611,0.0,12757.981477612611,1.0,-76.0,3.3195,6997.0,3.196108391155153,close_unstuck_long
3920,662931,TIA,8.754253881053234,-0.05097092,12766.684760573664,0.0,12766.684760573664,1.0,-77.0,3.3098,6920.0,3.196108391155153,close_unstuck_long
3921,663044,TIA,0.0,-0.68336772,12766.001392853665,0.0,12766.001392853665,1.0,978.0,3.4937,7898.0,3.23295880815316,entry_trailing_cropped_long
3922,663045,TIA,18.311407004819323,-0.05086348,12784.261936378483,0.0,12784.261936378483,1.0,-73.0,3.4838,7825.0,3.23295880815316,close_unstuck_long
3923,663046,TIA,20.96216581297247,-0.05074704,12805.173355151455,0.0,12805.173355151455,1.0,-72.0,3.5241,7753.0,3.23295880815316,close_unstuck_long
3924,663047,TIA,19.406407004819332,-0.051082480000000006,12824.528679676274,0.0,12824.528679676274,1.0,-73.0,3.4988,7680.0,3.23295880815316,close_unstuck_long
3925,663048,TIA,19.114407004819334,-0.051024080000000006,12843.592062601094,0.0,12843.592062601094,1.0,-73.0,3.4948,7607.0,3.23295880815316,close_unstuck_long
3926,663049,TIA,20.720407004819318,-0.05134528000000001,12864.261124325913,0.0,12864.261124325913,1.0,-73.0,3.5168,7534.0,3.23295880815316,close_unstuck_long
3927,663050,TIA,20.245907004819323,-0.05125038,12884.455780950731,0.0,12884.455780950731,1.0,-73.0,3.5103,7461.0,3.23295880815316,close_unstuck_long
3928,663051,TIA,21.28980700481932,-0.05145916,12905.69412879555,0.0,12905.69412879555,1.0,-73.0,3.5246,7388.0,3.23295880815316,close_unstuck_long
3929,663052,TIA,21.59640700481932,-0.05152048,12927.23901532037,0.0,12927.23901532037,1.0,-73.0,3.5288,7315.0,3.23295880815316,close_unstuck_long
3930,663053,TIA,21.260607004819324,-0.05145332,12948.44816900519,0.0,12948.44816900519,1.0,-73.0,3.5242,7242.0,3.23295880815316,close_unstuck_long
3931,663054,TIA,21.611007004819317,-0.051523400000000004,12970.00765261001,0.0,12970.00765261001,1.0,-73.0,3.529,7169.0,3.23295880815316,close_unstuck_long
3932,663055,TIA,21.932207004819315,-0.051587640000000004,12991.888271974829,0.0,12991.888271974829,1.0,-73.0,3.5334,7096.0,3.23295880815316,close_unstuck_long
3933,663056,TIA,22.822807004819314,-0.05176576,13014.659313219649,0.0,13014.659313219649,1.0,-73.0,3.5456,7023.0,3.23295880815316,close_unstuck_long
3934,663057,TIA,23.443307004819328,-0.05188986,13038.050730364468,0.0,13038.050730364468,1.0,-73.0,3.5541,6950.0,3.23295880815316,close_unstuck_long
3935,663185,TIA,322.23157553751497,-0.76729156,13359.515014341983,0.0,13359.515014341983,1.0,-1087.0,3.5294,5863.0,3.23295880815316,close_trailing_long
3936,663338,TIA,283.30434652553276,-0.7763175,13642.043043367516,0.0,13642.043043367516,1.0,-1113.0,3.4875,4750.0,3.23295880815316,close_trailing_long
3937,663656,TIA,423.5793351298573,-0.8198907000000002,14064.802487797373,0.0,14064.802487797373,1.0,-1137.0,3.6055,3613.0,3.23295880815316,close_trailing_long
3938,663656,TIA,0.0,-1.8085188000000003,14062.993968997373,0.0,14062.993968997373,1.0,2508.0,3.6055,6121.0,3.3856027077041935,entry_trailing_normal_long
3939,663695,TIA,0.0,-1.4807182600000002,14061.513250737373,0.0,14061.513250737373,1.0,1967.0,3.7639,8088.0,3.477604534354274,entry_trailing_cropped_long
3940,663696,TIA,20.771464457783733,-0.055622840000000014,14082.229092355157,0.0,14082.229092355157,1.0,-74.0,3.7583,8014.0,3.477604534354274,close_unstuck_long
3941,663697,TIA,19.19215992342943,-0.056002500000000004,14101.365249778586,0.0,14101.365249778586,1.0,-75.0,3.7335,7939.0,3.477604534354274,close_unstuck_long
3942,663698,TIA,18.367159923429455,-0.055837500000000005,14119.676572202015,0.0,14119.676572202015,1.0,-75.0,3.7225,7864.0,3.477604534354274,close_unstuck_long
3943,663699,TIA,16.65885538907518,-0.05619136,14136.27923623109,0.0,14136.27923623109,1.0,-76.0,3.6968,7788.0,3.477604534354274,close_unstuck_long
3944,663700,TIA,14.994455389075174,-0.05585848,14151.217833140165,0.0,14151.217833140165,1.0,-76.0,3.6749,7712.0,3.477604534354274,close_unstuck_long
3945,663701,TIA,15.154055389075173,-0.0558904,14166.31599812924,0.0,14166.31599812924,1.0,-76.0,3.677,7636.0,3.477604534354274,close_unstuck_long
3946,663702,TIA,14.837550854720906,-0.05652262000000001,14181.09702636396,0.0,14181.09702636396,1.0,-77.0,3.6703,7559.0,3.477604534354274,close_unstuck_long
3947,663703,TIA,13.782650854720902,-0.05631164,14194.82336557868,0.0,14194.82336557868,1.0,-77.0,3.6566,7482.0,3.477604534354274,close_unstuck_long
3948,663704,TIA,10.209846320366609,-0.0562926,14204.976919299048,0.0,14204.976919299048,1.0,-78.0,3.6085,7404.0,3.477604534354274,close_unstuck_long
3949,663705,TIA,10.638846320366612,-0.0563784,14215.559387219415,0.0,14215.559387219415,1.0,-78.0,3.614,7326.0,3.477604534354274,close_unstuck_long
3950,663706,TIA,10.709046320366621,-0.05639244,14226.212041099781,0.0,14226.212041099781,1.0,-78.0,3.6149,7248.0,3.477604534354274,close_unstuck_long
3951,663707,TIA,10.311246320366614,-0.056312879999999996,14236.466974540148,0.0,14236.466974540148,1.0,-78.0,3.6098,7170.0,3.477604534354274,close_unstuck_long
3952,663708,TIA,10.116246320366617,-0.05627388,14246.526946980515,0.0,14246.526946980515,1.0,-78.0,3.6073,7092.0,3.477604534354274,close_unstuck_long
3953,663852,TIA,0.0,-0.7659384,14245.761008580515,0.0,14245.761008580515,1.0,1020.0,3.7546,8112.0,3.512433845862982,entry_trailing_cropped_long
3954,663853,TIA,17.78142771441336,-0.05694528000000001,14263.485491014928,0.0,14263.485491014928,1.0,-76.0,3.7464,8036.0,3.512433845862982,close_unstuck_long
3955,663854,TIA,18.11746156027635,-0.056310000000000006,14281.546642575204,0.0,14281.546642575204,1.0,-75.0,3.754,7961.0,3.512433845862982,close_unstuck_long
3956,663855,TIA,18.161427714413357,-0.05702128000000001,14299.651049009617,0.0,14299.651049009617,1.0,-76.0,3.7514,7885.0,3.512433845862982,close_unstuck_long
3957,663856,TIA,18.594627714413356,-0.057107920000000006,14318.188568804031,0.0,14318.188568804031,1.0,-76.0,3.7571,7809.0,3.512433845862982,close_unstuck_long
3958,663857,TIA,17.675027714413375,-0.056924,14335.806672518445,0.0,14335.806672518445,1.0,-76.0,3.745,7733.0,3.512433845862982,close_unstuck_long
3959,663858,TIA,17.074627714413356,-0.056803919999999994,14352.824496312858,0.0,14352.824496312858,1.0,-76.0,3.7371,7657.0,3.512433845862982,close_unstuck_long
3960,663859,TIA,18.19182771441335,-0.05702736,14370.959296667272,0.0,14370.959296667272,1.0,-76.0,3.7518,7581.0,3.512433845862982,close_unstuck_long
3961,663860,TIA,16.770627714413358,-0.05674312,14387.673181261685,0.0,14387.673181261685,1.0,-76.0,3.7331,7505.0,3.512433845862982,close_unstuck_long
3962,663861,TIA,17.553427714413353,-0.05689968,14405.169709296099,0.0,14405.169709296099,1.0,-76.0,3.7434,7429.0,3.512433845862982,close_unstuck_long
3963,663862,TIA,16.629393868550398,-0.05741736000000001,14421.741685804649,0.0,14421.741685804649,1.0,-77.0,3.7284,7352.0,3.512433845862982,close_unstuck_long
3964,663863,TIA,16.31369386855038,-0.05735422,14437.9980254532,0.0,14437.9980254532,1.0,-77.0,3.7243,7275.0,3.512433845862982,close_unstuck_long
3965,663864,TIA,17.953793868550388,-0.05768224,14455.89413708175,0.0,14455.89413708175,1.0,-77.0,3.7456,7198.0,3.512433845862982,close_unstuck_long
3966,663865,TIA,17.65349386855037,-0.057622179999999995,14473.4900087703,0.0,14473.4900087703,1.0,-77.0,3.7417,7121.0,3.512433845862982,close_unstuck_long
3967,664043,TIA,164.5754310920898,-0.8126754,14637.252764462391,0.0,14637.252764462391,1.0,-1110.0,3.6607,6011.0,3.512433845862982,close_trailing_long
3968,664164,TIA,176.38529109587142,-0.8241697,14812.813885858262,0.0,14812.813885858262,1.0,-1123.0,3.6695,4888.0,3.512433845862982,close_trailing_long
3969,664773,TIA,168.8847510996522,-0.83180192,14980.866835037914,0.0,14980.866835037914,1.0,-1136.0,3.6611,3752.0,3.512433845862982,close_trailing_long
3970,664867,TIA,0.0,-1.4711698400000002,14979.395665197913,0.0,14979.395665197913,1.0,1981.0,3.7132,5733.0,3.581807254435358,entry_trailing_normal_long
3971,665343,TIA,0.0,-1.88521472,14977.510450477914,0.0,14977.510450477914,1.0,2593.0,3.6352,8326.0,3.5984355740665275,entry_trailing_cropped_long
3972,665344,TIA,4.006882926544746,-0.05981572,14981.45751768446,0.0,14981.45751768446,1.0,-82.0,3.6473,8244.0,3.5984355740665275,close_unstuck_long
3973,665345,TIA,3.0638829265447587,-0.059627120000000006,14984.461773491004,0.0,14984.461773491004,1.0,-82.0,3.6358,8162.0,3.5984355740665275,close_unstuck_long
3974,665346,TIA,2.940882926544754,-0.059602520000000006,14987.34305389755,0.0,14987.34305389755,1.0,-82.0,3.6343,8080.0,3.5984355740665275,close_unstuck_long
3975,665347,TIA,3.6214829265447337,-0.05973864,14990.904798184094,0.0,14990.904798184094,1.0,-82.0,3.6426,7998.0,3.5984355740665275,close_unstuck_long
3976,665348,TIA,2.670282926544729,-0.059548399999999994,14993.515532710639,0.0,14993.515532710639,1.0,-82.0,3.631,7916.0,3.5984355740665275,close_unstuck_long
3977,665349,TIA,3.1294829265447515,-0.05964024000000001,14996.585375397184,0.0,14996.585375397184,1.0,-82.0,3.6366,7834.0,3.5984355740665275,close_unstuck_long
3978,665350,TIA,2.8506829265447458,-0.05958448,14999.37647384373,0.0,14999.37647384373,1.0,-82.0,3.6332,7752.0,3.5984355740665275,close_unstuck_long
3979,665351,TIA,2.407882926544758,-0.05949592,15001.724860850274,0.0,15001.724860850274,1.0,-82.0,3.6278,7670.0,3.5984355740665275,close_unstuck_long
3980,665352,TIA,2.670282926544729,-0.059548399999999994,15004.335595376819,0.0,15004.335595376819,1.0,-82.0,3.631,7588.0,3.5984355740665275,close_unstuck_long
3981,665353,TIA,2.6784829265447465,-0.059550040000000005,15006.954528263363,0.0,15006.954528263363,1.0,-82.0,3.6311,7506.0,3.5984355740665275,close_unstuck_long
3982,665354,TIA,2.785082926544753,-0.059571360000000004,15009.680039829907,0.0,15009.680039829907,1.0,-82.0,3.6324,7424.0,3.5984355740665275,close_unstuck_long
3983,665355,TIA,2.8178829265447494,-0.059577920000000006,15012.438344836452,0.0,15012.438344836452,1.0,-82.0,3.6328,7342.0,3.5984355740665275,close_unstuck_long
3984,665357,TIA,1.5878829265447392,-0.05933192,15013.966895842996,0.0,15013.966895842996,1.0,-82.0,3.6178,7260.0,3.5984355740665275,close_unstuck_long
3985,665358,TIA,1.3831473524782179,-0.06001066,15015.290032535473,0.0,15015.290032535473,1.0,-83.0,3.6151,7177.0,3.5984355740665275,close_unstuck_long
3986,665783,TIA,0.0,-0.84107304,15014.448959495474,0.0,15014.448959495474,1.0,1138.0,3.6954,8315.0,3.6117062315183968,entry_trailing_cropped_long
3987,665784,TIA,6.090695247009868,-0.05972778,15020.479926962484,0.0,15020.479926962484,1.0,-81.0,3.6869,8234.0,3.6117062315183968,close_unstuck_long
3988,665785,TIA,6.090695247009868,-0.05972778,15026.510894429493,0.0,15026.510894429493,1.0,-81.0,3.6869,8153.0,3.6117062315183968,close_unstuck_long
3989,665786,TIA,6.333695247009877,-0.05977638000000001,15032.784813296503,0.0,15032.784813296503,1.0,-81.0,3.6899,8072.0,3.6117062315183968,close_unstuck_long
3990,665787,TIA,6.503795247009876,-0.05981040000000001,15039.228798143513,0.0,15039.228798143513,1.0,-81.0,3.692,7991.0,3.6117062315183968,close_unstuck_long
3991,665788,TIA,6.973595247009861,-0.05990436,15046.142489030522,0.0,15046.142489030522,1.0,-81.0,3.6978,7910.0,3.6117062315183968,close_unstuck_long
3992,665789,TIA,7.184195247009873,-0.059946479999999996,15053.266737797532,0.0,15053.266737797532,1.0,-81.0,3.7004,7829.0,3.6117062315183968,close_unstuck_long
3993,665790,TIA,6.827795247009877,-0.05987520000000001,15060.034657844542,0.0,15060.034657844542,1.0,-81.0,3.696,7748.0,3.6117062315183968,close_unstuck_long
3994,665791,TIA,7.3056952470098775,-0.05997078000000001,15067.280382311552,0.0,15067.280382311552,1.0,-81.0,3.7019,7667.0,3.6117062315183968,close_unstuck_long
3995,665792,TIA,7.248995247009866,-0.059959439999999996,15074.469418118562,0.0,15074.469418118562,1.0,-81.0,3.7012,7586.0,3.6117062315183968,close_unstuck_long
3996,665793,TIA,7.402895247009868,-0.059990220000000004,15081.812323145572,0.0,15081.812323145572,1.0,-81.0,3.7031,7505.0,3.6117062315183968,close_unstuck_long
3997,665794,TIA,7.921295247009846,-0.0600939,15089.673524492582,0.0,15089.673524492582,1.0,-81.0,3.7095,7424.0,3.6117062315183968,close_unstuck_long
3998,665795,TIA,8.60979524700986,-0.0602316,15098.223088139592,0.0,15098.223088139592,1.0,-81.0,3.718,7343.0,3.6117062315183968,close_unstuck_long
3999,665796,TIA,8.107595247009879,-0.06013116,15106.270552226602,0.0,15106.270552226602,1.0,-81.0,3.7118,7262.0,3.6117062315183968,close_unstuck_long
4000,665997,TIA,0.0,-0.7968103200000001,15105.473741906602,0.0,15105.473741906602,1.0,1038.0,3.8382,8300.0,3.640031596781518,entry_trailing_cropped_long
4001,665998,TIA,15.558535451041607,-0.059896200000000004,15120.972381157644,0.0,15120.972381157644,1.0,-78.0,3.8395,8222.0,3.640031596781518,close_unstuck_long
4002,665999,TIA,14.8331354510416,-0.059751120000000005,15135.745765488686,0.0,15135.745765488686,1.0,-78.0,3.8302,8144.0,3.640031596781518,close_unstuck_long
4003,666000,TIA,15.098335451041606,-0.05980416,15150.784296779728,0.0,15150.784296779728,1.0,-78.0,3.8336,8066.0,3.640031596781518,close_unstuck_long
4004,666001,TIA,14.391303854260082,-0.06039076,15165.115209873988,0.0,15165.115209873988,1.0,-79.0,3.8222,7987.0,3.640031596781518,close_unstuck_long
4005,666002,TIA,14.667803854260068,-0.06044606,15179.722567668248,0.0,15179.722567668248,1.0,-79.0,3.8257,7908.0,3.640031596781518,close_unstuck_long
4006,666003,TIA,15.623703854260086,-0.06063724,15195.285634282509,0.0,15195.285634282509,1.0,-79.0,3.8378,7829.0,3.640031596781518,close_unstuck_long
4007,666004,TIA,16.145103854260064,-0.06074152000000001,15211.36999661677,0.0,15211.36999661677,1.0,-79.0,3.8444,7750.0,3.640031596781518,close_unstuck_long
4008,666005,TIA,14.225403854260083,-0.06035758,15225.53504289103,0.0,15225.53504289103,1.0,-79.0,3.8201,7671.0,3.640031596781518,close_unstuck_long
4009,666006,TIA,14.083203854260063,-0.060329139999999996,15239.557917605289,0.0,15239.557917605289,1.0,-79.0,3.8183,7592.0,3.640031596781518,close_unstuck_long
4010,666007,TIA,13.51440385426009,-0.060215380000000006,15253.012106079548,0.0,15253.012106079548,1.0,-79.0,3.8111,7513.0,3.640031596781518,close_unstuck_long
4011,666008,TIA,13.693472257478554,-0.060979200000000004,15266.644599137027,0.0,15266.644599137027,1.0,-80.0,3.8112,7433.0,3.640031596781518,close_unstuck_long
4012,666009,TIA,14.029472257478552,-0.061046399999999994,15280.613024994505,0.0,15280.613024994505,1.0,-80.0,3.8154,7353.0,3.640031596781518,close_unstuck_long
4013,666010,TIA,14.383403854260065,-0.06038918,15294.936039668766,0.0,15294.936039668766,1.0,-79.0,3.8221,7274.0,3.640031596781518,close_unstuck_long
4014,666091,TIA,270.62543244332187,-0.87822824,15564.683243872088,0.0,15564.683243872088,1.0,-1132.0,3.8791,6142.0,3.640031596781518,close_trailing_long
4015,666240,TIA,177.0260005076911,-0.8740684799999999,15740.83517589978,0.0,15740.83517589978,1.0,-1152.0,3.7937,4990.0,3.640031596781518,close_trailing_long
4016,670113,TIA,0.0,-1.67237928,15739.16279661978,0.0,15739.16279661978,1.0,2634.0,3.1746,7624.0,3.4792305965293515,entry_trailing_normal_long
4017,670328,TIA,0.0,-0.9907779000000001,15738.172018719779,0.0,15738.172018719779,1.0,1533.0,3.2315,9157.0,3.4377572969247328,entry_trailing_cropped_long
4018,670537,TIA,-15.35590050477434,-0.06293376,15722.753184455005,0.0,15722.753184455005,1.0,-96.0,3.2778,9061.0,3.4377572969247328,close_unstuck_long
4019,670538,TIA,-13.64744320784963,-0.0625879,15709.043153347155,0.0,15709.043153347155,1.0,-95.0,3.2941,8966.0,3.4377572969247328,close_unstuck_long
4020,670539,TIA,-12.982443207849618,-0.0627209,15695.997989239306,0.0,15695.997989239306,1.0,-95.0,3.3011,8871.0,3.4377572969247328,close_unstuck_long
4021,670540,TIA,-11.050385910924895,-0.06241976,15684.885183568382,0.0,15684.885183568382,1.0,-94.0,3.3202,8777.0,3.4377572969247328,close_unstuck_long
4022,670541,TIA,-9.988185910924866,-0.0626322,15674.834365457456,0.0,15674.834365457456,1.0,-94.0,3.3315,8683.0,3.4377572969247328,close_unstuck_long
4023,670543,TIA,-11.031585910924898,-0.062423519999999996,15663.740356026532,0.0,15663.740356026532,1.0,-94.0,3.3204,8589.0,3.4377572969247328,close_unstuck_long
4024,670544,TIA,-10.176185910924888,-0.0625946,15653.501575515607,0.0,15653.501575515607,1.0,-94.0,3.3295,8495.0,3.4377572969247328,close_unstuck_long
4025,670545,TIA,-10.270185910924877,-0.0625758,15643.168813804683,0.0,15643.168813804683,1.0,-94.0,3.3285,8401.0,3.4377572969247328,close_unstuck_long
4026,670546,TIA,-5.828871317075407,-0.06208896,15637.277853527608,0.0,15637.277853527608,1.0,-92.0,3.3744,8309.0,3.4377572969247328,close_unstuck_long
4027,670547,TIA,-5.184871317075396,-0.062217760000000004,15632.030764450534,0.0,15632.030764450534,1.0,-92.0,3.3814,8217.0,3.4377572969247328,close_unstuck_long
4028,670548,TIA,-4.651271317075414,-0.062324479999999995,15627.317168653459,0.0,15627.317168653459,1.0,-92.0,3.3872,8125.0,3.4377572969247328,close_unstuck_long
4029,670549,TIA,-6.491271317075416,-0.06195648,15620.763940856383,0.0,15620.763940856383,1.0,-92.0,3.3672,8033.0,3.4377572969247328,close_unstuck_long
4030,670550,TIA,-6.252071317075401,-0.06200432000000001,15614.449865219307,0.0,15614.449865219307,1.0,-92.0,3.3698,7941.0,3.4377572969247328,close_unstuck_long
4031,670551,TIA,-6.104871317075418,-0.06203376,15608.28296014223,0.0,15608.28296014223,1.0,-92.0,3.3714,7849.0,3.4377572969247328,close_unstuck_long
4032,670603,TIA,0.0,-0.8466329400000001,15607.436327202231,0.0,15607.436327202231,1.0,1201.0,3.5247,9050.0,3.4492952180731744,entry_trailing_cropped_long
4033,670604,TIA,8.20202080956065,-0.06234800000000001,15615.576000011792,0.0,15615.576000011792,1.0,-88.0,3.5425,8962.0,3.4492952180731744,close_unstuck_long
4034,670605,TIA,9.239816027633816,-0.061865699999999996,15624.753950339426,0.0,15624.753950339426,1.0,-87.0,3.5555,8875.0,3.4492952180731744,close_unstuck_long
4035,670606,TIA,8.158020809560636,-0.0623392,15632.849631948986,0.0,15632.849631948986,1.0,-88.0,3.542,8787.0,3.4492952180731744,close_unstuck_long
4036,670608,TIA,8.554020809560651,-0.0624184,15641.341234358546,0.0,15641.341234358546,1.0,-88.0,3.5465,8699.0,3.4492952180731744,close_unstuck_long
4037,670609,TIA,7.075620809560657,-0.062122720000000006,15648.354732448106,0.0,15648.354732448106,1.0,-88.0,3.5297,8611.0,3.4492952180731744,close_unstuck_long
4038,670610,TIA,7.533220809560646,-0.06221424,15655.825739017666,0.0,15655.825739017666,1.0,-88.0,3.5349,8523.0,3.4492952180731744,close_unstuck_long
4039,670611,TIA,7.894020809560665,-0.062286400000000006,15663.657473427227,0.0,15663.657473427227,1.0,-88.0,3.539,8435.0,3.4492952180731744,close_unstuck_long
4040,670612,TIA,10.214216027633825,-0.062060580000000004,15673.80962887486,0.0,15673.80962887486,1.0,-87.0,3.5667,8348.0,3.4492952180731744,close_unstuck_long
4041,670613,TIA,9.45162080956067,-0.06259792,15683.19865176442,0.0,15683.19865176442,1.0,-88.0,3.5567,8260.0,3.4492952180731744,close_unstuck_long
4042,670614,TIA,8.527620809560634,-0.062413119999999996,15691.66385945398,0.0,15691.66385945398,1.0,-88.0,3.5462,8172.0,3.4492952180731744,close_unstuck_long
4043,670615,TIA,7.946820809560659,-0.062296960000000005,15699.548383303541,0.0,15699.548383303541,1.0,-88.0,3.5396,8084.0,3.4492952180731744,close_unstuck_long
4044,670616,TIA,8.193220809560671,-0.062346240000000004,15707.679257873102,0.0,15707.679257873102,1.0,-88.0,3.5424,7996.0,3.4492952180731744,close_unstuck_long
4045,670617,TIA,7.67402080956067,-0.0622424,15715.291036282662,0.0,15715.291036282662,1.0,-88.0,3.5365,7908.0,3.4492952180731744,close_unstuck_long
4046,670797,TIA,0.0,-0.8310047199999999,15714.460031562663,0.0,15714.460031562663,1.0,1127.0,3.6868,9035.0,3.4789208837324477,entry_trailing_cropped_long
4047,670798,TIA,15.833724882741949,-0.0623084,15730.231448045404,0.0,15730.231448045404,1.0,-85.0,3.6652,8950.0,3.4789208837324477,close_unstuck_long
4048,670799,TIA,16.81972488274195,-0.06250560000000001,15746.988667328145,0.0,15746.988667328145,1.0,-85.0,3.6768,8865.0,3.4789208837324477,close_unstuck_long
4049,670800,TIA,16.73472488274196,-0.06248860000000001,15763.660903610888,0.0,15763.660903610888,1.0,-85.0,3.6758,8780.0,3.4789208837324477,close_unstuck_long
4050,670801,TIA,17.066224882741945,-0.0625549,15780.664573593629,0.0,15780.664573593629,1.0,-85.0,3.6797,8695.0,3.4789208837324477,close_unstuck_long
4051,670802,TIA,16.415603999009495,-0.06312056,15797.017057032639,0.0,15797.017057032639,1.0,-86.0,3.6698,8609.0,3.4789208837324477,close_unstuck_long
4052,670803,TIA,16.0200039990095,-0.06304144,15812.97401959165,0.0,15812.97401959165,1.0,-86.0,3.6652,8523.0,3.4789208837324477,close_unstuck_long
4053,670804,TIA,17.80572488274196,-0.0627028,15830.717041674392,0.0,15830.717041674392,1.0,-85.0,3.6884,8438.0,3.4789208837324477,close_unstuck_long
4054,670805,TIA,19.09772488274193,-0.0629612,15849.751805357135,0.0,15849.751805357135,1.0,-85.0,3.7036,8353.0,3.4789208837324477,close_unstuck_long
4055,670806,TIA,18.706724882741934,-0.062883,15868.395647239877,0.0,15868.395647239877,1.0,-85.0,3.699,8268.0,3.4789208837324477,close_unstuck_long
4056,670808,TIA,19.84572488274196,-0.06311080000000001,15888.178261322619,0.0,15888.178261322619,1.0,-85.0,3.7124,8183.0,3.4789208837324477,close_unstuck_long
4057,670809,TIA,19.658724882741943,-0.0630734,15907.77391280536,0.0,15907.77391280536,1.0,-85.0,3.7102,8098.0,3.4789208837324477,close_unstuck_long
4058,670810,TIA,18.74922488274195,-0.0628915,15926.460246188102,0.0,15926.460246188102,1.0,-85.0,3.6995,8013.0,3.4789208837324477,close_unstuck_long
4059,670811,TIA,19.06440399900951,-0.06365032,15945.460999867111,0.0,15945.460999867111,1.0,-86.0,3.7006,7927.0,3.4789208837324477,close_unstuck_long
4060,670853,TIA,259.2007085904272,-0.9111336,16203.750574857539,0.0,16203.750574857539,1.0,-1235.0,3.6888,6692.0,3.4789208837324477,close_trailing_long
4061,671261,TIA,0.0,-1.82496132,16201.925613537538,0.0,16201.925613537538,1.0,2418.0,3.7737,9110.0,3.557161926886667,entry_trailing_cropped_long
4062,671262,TIA,18.6522362146333,-0.06420220000000001,16220.513647552172,0.0,16220.513647552172,1.0,-85.0,3.7766,9025.0,3.557161926886667,close_unstuck_long
4063,671263,TIA,17.151674287746633,-0.06461352000000001,16237.600708319918,0.0,16237.600708319918,1.0,-86.0,3.7566,8939.0,3.557161926886667,close_unstuck_long
4064,671264,TIA,17.90847428774663,-0.06476488000000001,16255.444417727665,0.0,16255.444417727665,1.0,-86.0,3.7654,8853.0,3.557161926886667,close_unstuck_long
4065,671266,TIA,17.512874287746634,-0.06468576000000001,16272.892606255413,0.0,16272.892606255413,1.0,-86.0,3.7608,8767.0,3.557161926886667,close_unstuck_long
4066,671267,TIA,18.527674287746635,-0.06488872,16291.35539182316,0.0,16291.35539182316,1.0,-86.0,3.7726,8681.0,3.557161926886667,close_unstuck_long
4067,671268,TIA,18.699674287746618,-0.06492312,16309.990142990906,0.0,16309.990142990906,1.0,-86.0,3.7746,8595.0,3.557161926886667,close_unstuck_long
4068,671269,TIA,19.0006742877466,-0.06498332,16328.925833958652,0.0,16328.925833958652,1.0,-86.0,3.7781,8509.0,3.557161926886667,close_unstuck_long
4069,671270,TIA,18.837274287746602,-0.06495064,16347.698157606399,0.0,16347.698157606399,1.0,-86.0,3.7762,8423.0,3.557161926886667,close_unstuck_long
4070,671271,TIA,17.63327428774662,-0.06470984,16365.266722054146,0.0,16365.266722054146,1.0,-86.0,3.7622,8337.0,3.557161926886667,close_unstuck_long
4071,671272,TIA,17.490312360859953,-0.06539268,16382.691641735006,0.0,16382.691641735006,1.0,-87.0,3.7582,8250.0,3.557161926886667,close_unstuck_long
4072,671273,TIA,18.055812360859946,-0.06550578000000001,16400.681948315865,0.0,16400.681948315865,1.0,-87.0,3.7647,8163.0,3.557161926886667,close_unstuck_long
4073,671274,TIA,15.75031236085995,-0.06504468,16416.367215996725,0.0,16416.367215996725,1.0,-87.0,3.7382,8076.0,3.557161926886667,close_unstuck_long
4074,671275,TIA,14.79615043397327,-0.06556528,16431.0978011507,0.0,16431.0978011507,1.0,-88.0,3.7253,7988.0,3.557161926886667,close_unstuck_long
4075,671343,TIA,186.92190102609936,-0.9231177,16617.0965844768,0.0,16617.0965844768,1.0,-1245.0,3.7073,6743.0,3.557161926886667,close_trailing_long
4076,671469,TIA,0.0,-1.84972264,16615.2468618368,0.0,16615.2468618368,1.0,2386.0,3.8762,9129.0,3.6405472749476173,entry_trailing_cropped_long
4077,671470,TIA,20.183481629452537,-0.065926,16635.36441746625,0.0,16635.36441746625,1.0,-85.0,3.878,9044.0,3.6405472749476173,close_unstuck_long
4078,671471,TIA,20.32798162945254,-0.0659549,16655.626444195703,0.0,16655.626444195703,1.0,-85.0,3.8797,8959.0,3.6405472749476173,close_unstuck_long
4079,671472,TIA,19.500734354504928,-0.06651756,16675.060660990206,0.0,16675.060660990206,1.0,-86.0,3.8673,8873.0,3.6405472749476173,close_unstuck_long
4080,671473,TIA,21.679481629452525,-0.0662252,16696.67391741966,0.0,16696.67391741966,1.0,-85.0,3.8956,8788.0,3.6405472749476173,close_unstuck_long
4081,671474,TIA,22.16398162945253,-0.06632210000000001,16718.77157694911,0.0,16718.77157694911,1.0,-85.0,3.9013,8703.0,3.6405472749476173,close_unstuck_long
4082,671475,TIA,23.013981629452548,-0.06649210000000001,16741.719066478563,0.0,16741.719066478563,1.0,-85.0,3.9113,8618.0,3.6405472749476173,close_unstuck_long
4083,671477,TIA,22.32548162945253,-0.06635440000000001,16763.978193708015,0.0,16763.978193708015,1.0,-85.0,3.9032,8533.0,3.6405472749476173,close_unstuck_long
4084,671478,TIA,21.065934354504908,-0.0668306,16784.97729746252,0.0,16784.97729746252,1.0,-86.0,3.8855,8447.0,3.6405472749476173,close_unstuck_long
4085,671479,TIA,21.73673435450491,-0.06696476,16806.647067057023,0.0,16806.647067057023,1.0,-86.0,3.8933,8361.0,3.6405472749476173,close_unstuck_long
4086,671480,TIA,22.66553435450492,-0.06715052,16829.24545089153,0.0,16829.24545089153,1.0,-86.0,3.9041,8275.0,3.6405472749476173,close_unstuck_long
4087,671481,TIA,22.880534354504917,-0.06719352,16852.058791726035,0.0,16852.058791726035,1.0,-86.0,3.9066,8189.0,3.6405472749476173,close_unstuck_long
4088,671482,TIA,22.41613435450489,-0.06710064,16874.40782544054,0.0,16874.40782544054,1.0,-86.0,3.9012,8103.0,3.6405472749476173,close_unstuck_long
4089,671483,TIA,23.336334354504924,-0.06728468,16897.676875115045,0.0,16897.676875115045,1.0,-86.0,3.9119,8017.0,3.6405472749476173,close_unstuck_long
4090,671735,TIA,194.84665904053074,-0.94983426,17091.573699895576,0.0,17091.573699895576,1.0,-1251.0,3.7963,6766.0,3.6405472749476173,close_trailing_long
4091,671944,TIA,0.0,-1.9104102,17089.663289695578,0.0,17089.663289695578,1.0,2466.0,3.8735,9232.0,3.7027722987755176,entry_trailing_cropped_long
4092,671945,TIA,14.020837707754438,-0.06797296,17103.61615444333,0.0,17103.61615444333,1.0,-88.0,3.8621,9144.0,3.7027722987755176,close_unstuck_long
4093,671946,TIA,14.302437707754446,-0.06802928,17117.850562871085,0.0,17117.850562871085,1.0,-88.0,3.8653,9056.0,3.7027722987755176,close_unstuck_long
4094,671947,TIA,13.818437707754441,-0.06793248,17131.60106809884,0.0,17131.60106809884,1.0,-88.0,3.8598,8968.0,3.7027722987755176,close_unstuck_long
4095,671948,TIA,14.777637707754433,-0.06812432,17146.310581486596,0.0,17146.310581486596,1.0,-88.0,3.8707,8880.0,3.7027722987755176,close_unstuck_long
4096,671949,TIA,16.05363770775447,-0.06837952,17162.29583967435,0.0,17162.29583967435,1.0,-88.0,3.8852,8792.0,3.7027722987755176,close_unstuck_long
4097,671950,TIA,17.271910006529968,-0.06788262,17179.49986706088,0.0,17179.49986706088,1.0,-87.0,3.9013,8705.0,3.7027722987755176,close_unstuck_long
4098,671951,TIA,18.31591000652997,-0.06809142000000001,17197.74768564741,0.0,17197.74768564741,1.0,-87.0,3.9133,8618.0,3.7027722987755176,close_unstuck_long
4099,671952,TIA,18.507310006529984,-0.0681297,17216.18686595394,0.0,17216.18686595394,1.0,-87.0,3.9155,8531.0,3.7027722987755176,close_unstuck_long
4100,671953,TIA,17.82243770775445,-0.06873328000000001,17233.940570381696,0.0,17233.940570381696,1.0,-88.0,3.9053,8443.0,3.7027722987755176,close_unstuck_long
4101,671954,TIA,17.004037707754442,-0.06856960000000001,17250.87603848945,0.0,17250.87603848945,1.0,-88.0,3.896,8355.0,3.7027722987755176,close_unstuck_long
4102,671955,TIA,17.831237707754468,-0.06873504000000001,17268.638541157205,0.0,17268.638541157205,1.0,-88.0,3.9054,8267.0,3.7027722987755176,close_unstuck_long
4103,671956,TIA,17.80483770775445,-0.06872976,17286.37464910496,0.0,17286.37464910496,1.0,-88.0,3.9051,8179.0,3.7027722987755176,close_unstuck_long
4104,671957,TIA,18.200837707754467,-0.06880896,17304.506677852714,0.0,17304.506677852714,1.0,-88.0,3.9096,8091.0,3.7027722987755176,close_unstuck_long
4105,672055,TIA,196.81657584162357,-0.9717213800000002,17500.351532314337,0.0,17500.351532314337,1.0,-1259.0,3.8591,6832.0,3.7027722987755176,close_trailing_long
4106,672161,TIA,0.0,-1.9405910000000002,17498.410941314338,0.0,17498.410941314338,1.0,2458.0,3.9475,9290.0,3.7675237185397563,entry_trailing_cropped_long
4107,672162,TIA,12.982989049961706,-0.06965852,17511.3242718443,0.0,17511.3242718443,1.0,-89.0,3.9134,9201.0,3.7675237185397563,close_unstuck_long
4108,672163,TIA,10.410865331421931,-0.0698976,17521.665239575723,0.0,17521.665239575723,1.0,-90.0,3.8832,9111.0,3.7675237185397563,close_unstuck_long
4109,672164,TIA,9.33086533142193,-0.06968160000000001,17530.926423307144,0.0,17530.926423307144,1.0,-90.0,3.8712,9021.0,3.7675237185397563,close_unstuck_long
4110,672165,TIA,9.483865331421931,-0.0697122,17540.340576438568,0.0,17540.340576438568,1.0,-90.0,3.8729,8931.0,3.7675237185397563,close_unstuck_long
4111,672166,TIA,13.427989049961697,-0.06974752000000001,17553.69881796853,0.0,17553.69881796853,1.0,-89.0,3.9184,8842.0,3.7675237185397563,close_unstuck_long
4112,672167,TIA,15.394889049961698,-0.0701409,17569.02356611849,0.0,17569.02356611849,1.0,-89.0,3.9405,8753.0,3.7675237185397563,close_unstuck_long
4113,672168,TIA,13.338989049961707,-0.06972972000000001,17582.29282544845,0.0,17582.29282544845,1.0,-89.0,3.9174,8664.0,3.7675237185397563,close_unstuck_long
4114,672170,TIA,14.74518904996167,-0.07001096,17596.96800353841,0.0,17596.96800353841,1.0,-89.0,3.9332,8575.0,3.7675237185397563,close_unstuck_long
4115,672171,TIA,12.822789049961685,-0.06962648,17609.721166108375,0.0,17609.721166108375,1.0,-89.0,3.9116,8486.0,3.7675237185397563,close_unstuck_long
4116,672172,TIA,10.302865331421941,-0.06987600000000001,17619.9541554398,0.0,17619.9541554398,1.0,-90.0,3.882,8396.0,3.7675237185397563,close_unstuck_long
4117,672173,TIA,10.032865331421931,-0.06982200000000001,17629.91719877122,0.0,17629.91719877122,1.0,-90.0,3.879,8306.0,3.7675237185397563,close_unstuck_long
4118,672174,TIA,8.934041612882167,-0.07035574,17638.780884644104,0.0,17638.780884644104,1.0,-91.0,3.8657,8215.0,3.7675237185397563,close_unstuck_long
4119,672175,TIA,7.4416416128821705,-0.07005726,17646.152468996985,0.0,17646.152468996985,1.0,-91.0,3.8493,8124.0,3.7675237185397563,close_unstuck_long
4120,672289,TIA,0.0,-0.9368294399999999,17645.215639556984,0.0,17645.215639556984,1.0,1168.0,4.0104,9292.0,3.798053152111169,entry_trailing_cropped_long
4121,672290,TIA,19.03967576632828,-0.06989406,17664.18542126331,0.0,17664.18542126331,1.0,-87.0,4.0169,9205.0,3.798053152111169,close_unstuck_long
4122,672291,TIA,20.17067576632827,-0.07012026,17684.28597676964,0.0,17684.28597676964,1.0,-87.0,4.0299,9118.0,3.798053152111169,close_unstuck_long
4123,672292,TIA,23.14607576632829,-0.07071534,17707.36133719597,0.0,17707.36133719597,1.0,-87.0,4.0641,9031.0,3.798053152111169,close_unstuck_long
4124,672293,TIA,21.884575766328293,-0.07046304,17729.1754499223,0.0,17729.1754499223,1.0,-87.0,4.0496,8944.0,3.798053152111169,close_unstuck_long
4125,672294,TIA,22.241275766328314,-0.07053438000000001,17751.34619130863,0.0,17751.34619130863,1.0,-87.0,4.0537,8857.0,3.798053152111169,close_unstuck_long
4126,672295,TIA,21.85847576632828,-0.07045781999999999,17773.134209254957,0.0,17773.134209254957,1.0,-87.0,4.0493,8770.0,3.798053152111169,close_unstuck_long
4127,672296,TIA,22.423975766328272,-0.07057092,17795.487614101286,0.0,17795.487614101286,1.0,-87.0,4.0558,8683.0,3.798053152111169,close_unstuck_long
4128,672297,TIA,21.168122614217115,-0.07107936,17816.584657355503,0.0,17816.584657355503,1.0,-88.0,4.0386,8595.0,3.798053152111169,close_unstuck_long
4129,672298,TIA,21.599322614217126,-0.0711656,17838.11281436972,0.0,17838.11281436972,1.0,-88.0,4.0435,8507.0,3.798053152111169,close_unstuck_long
4130,672299,TIA,21.39692261421713,-0.07112512,17859.438611863938,0.0,17859.438611863938,1.0,-88.0,4.0412,8419.0,3.798053152111169,close_unstuck_long
4131,672300,TIA,21.01852261421715,-0.07104944,17880.386085038153,0.0,17880.386085038153,1.0,-88.0,4.0369,8331.0,3.798053152111169,close_unstuck_long
4132,672301,TIA,19.38836946210599,-0.07148302000000001,17899.70297148026,0.0,17899.70297148026,1.0,-89.0,4.0159,8242.0,3.798053152111169,close_unstuck_long
4133,672302,TIA,17.261269462105968,-0.07105760000000001,17916.893183342367,0.0,17916.893183342367,1.0,-89.0,3.992,8153.0,3.798053152111169,close_unstuck_long
4134,674761,TIA,0.0,-0.9733910400000001,17915.919792302368,0.0,17915.919792302368,1.0,1356.0,3.5892,9509.0,3.7682703280221226,entry_trailing_cropped_long
4135,674762,TIA,-18.104162474190144,-0.07099092,17897.744638908178,0.0,17897.744638908178,1.0,-99.0,3.5854,9410.0,3.7682703280221226,close_unstuck_long
4136,674763,TIA,-19.417032802212255,-0.071482,17878.256124105967,0.0,17878.256124105967,1.0,-100.0,3.5741,9310.0,3.7682703280221226,close_unstuck_long
4137,674764,TIA,-20.17703280221226,-0.07133,17858.007761303754,0.0,17858.007761303754,1.0,-100.0,3.5665,9210.0,3.7682703280221226,close_unstuck_long
4138,674765,TIA,-19.311962474190143,-0.07074936000000001,17838.625049469563,0.0,17838.625049469563,1.0,-99.0,3.5732,9111.0,3.7682703280221226,close_unstuck_long
4139,674766,TIA,-18.153662474190117,-0.07098102,17820.40040597537,0.0,17820.40040597537,1.0,-99.0,3.5849,9012.0,3.7682703280221226,close_unstuck_long
4140,674767,TIA,-17.51016247419012,-0.07110972,17802.81913378118,0.0,17802.81913378118,1.0,-99.0,3.5914,8913.0,3.7682703280221226,close_unstuck_long
4141,674768,TIA,-15.667292146168009,-0.07072464,17787.081116995014,0.0,17787.081116995014,1.0,-98.0,3.6084,8815.0,3.7682703280221226,close_unstuck_long
4142,674769,TIA,-16.63749214616801,-0.07053060000000001,17770.373094248847,0.0,17770.373094248847,1.0,-98.0,3.5985,8717.0,3.7682703280221226,close_unstuck_long
4143,674770,TIA,-15.843692146168031,-0.07068936,17754.45871274268,0.0,17754.45871274268,1.0,-98.0,3.6066,8619.0,3.7682703280221226,close_unstuck_long
4144,674771,TIA,-16.84329214616801,-0.07048944,17737.54493115651,0.0,17737.54493115651,1.0,-98.0,3.5964,8521.0,3.7682703280221226,close_unstuck_long
4145,674772,TIA,-18.559562474190137,-0.07089983999999999,17718.91446884232,0.0,17718.91446884232,1.0,-99.0,3.5808,8422.0,3.7682703280221226,close_unstuck_long
4146,674773,TIA,-18.44069214616803,-0.07016995999999999,17700.403606736152,0.0,17700.403606736152,1.0,-98.0,3.5801,8324.0,3.7682703280221226,close_unstuck_long
4147,674774,TIA,-20.133662474190118,-0.07058502000000001,17680.19935924196,0.0,17680.19935924196,1.0,-99.0,3.5649,8225.0,3.7682703280221226,close_unstuck_long
4148,674775,TIA,-20.09406247419012,-0.07059294,17660.03470382777,0.0,17660.03470382777,1.0,-99.0,3.5653,8126.0,3.7682703280221226,close_unstuck_long
4149,674899,TIA,0.0,-0.9395565200000001,17659.09514730777,0.0,17659.09514730777,1.0,1267.0,3.7078,9393.0,3.7601136256262926,entry_trailing_cropped_long
4150,674900,TIA,-5.492294434497782,-0.07034370000000001,17653.53250917327,0.0,17653.53250917327,1.0,-95.0,3.7023,9298.0,3.7601136256262926,close_unstuck_long
4151,674901,TIA,-4.0150808088715,-0.06988712000000001,17649.447541244397,0.0,17649.447541244397,1.0,-94.0,3.7174,9204.0,3.7601136256262926,close_unstuck_long
4152,674902,TIA,-3.573280808871486,-0.06997548,17645.804284955524,0.0,17645.804284955524,1.0,-94.0,3.7221,9110.0,3.7601136256262926,close_unstuck_long
4153,674903,TIA,-3.8552808088714965,-0.06991908,17641.879085066652,0.0,17641.879085066652,1.0,-94.0,3.7191,9016.0,3.7601136256262926,close_unstuck_long
4154,674904,TIA,-3.8834808088715143,-0.06991344000000001,17637.92569081778,0.0,17637.92569081778,1.0,-94.0,3.7188,8922.0,3.7601136256262926,close_unstuck_long
4155,674905,TIA,-3.3946808088714846,-0.07001120000000001,17634.46099880891,0.0,17634.46099880891,1.0,-94.0,3.724,8828.0,3.7601136256262926,close_unstuck_long
4156,674906,TIA,-2.9716808088715103,-0.0700958,17631.41922220004,0.0,17631.41922220004,1.0,-94.0,3.7285,8734.0,3.7601136256262926,close_unstuck_long
4157,674907,TIA,-3.4040808088715044,-0.07000932,17627.945132071167,0.0,17627.945132071167,1.0,-94.0,3.7239,8640.0,3.7601136256262926,close_unstuck_long
4158,674908,TIA,-4.532080808871505,-0.06978372,17623.343267542296,0.0,17623.343267542296,1.0,-94.0,3.7119,8546.0,3.7601136256262926,close_unstuck_long
4159,674909,TIA,-4.922294434497802,-0.0704577,17618.350515407798,0.0,17618.350515407798,1.0,-95.0,3.7083,8451.0,3.7601136256262926,close_unstuck_long
4160,674910,TIA,-5.663294434497805,-0.07030950000000001,17612.6169114733,0.0,17612.6169114733,1.0,-95.0,3.7005,8356.0,3.7601136256262926,close_unstuck_long
4161,674911,TIA,-6.014794434497787,-0.07023920000000002,17606.5318778388,0.0,17606.5318778388,1.0,-95.0,3.6968,8261.0,3.7601136256262926,close_unstuck_long
4162,674912,TIA,-6.4802944344978,-0.0701461,17599.9814373043,0.0,17599.9814373043,1.0,-95.0,3.6919,8166.0,3.7601136256262926,close_unstuck_long
4163,674913,TIA,-5.454294434497786,-0.0703513,17594.456791569803,0.0,17594.456791569803,1.0,-95.0,3.7027,8071.0,3.7601136256262926,close_unstuck_long
4164,675047,TIA,0.0,-0.96789316,17593.488898409803,0.0,17593.488898409803,1.0,1238.0,3.9091,9309.0,3.7799272609764536,entry_trailing_cropped_long
4165,675048,TIA,11.292546512119195,-0.0702972,17604.711147721922,0.0,17604.711147721922,1.0,-90.0,3.9054,9219.0,3.7799272609764536,close_unstuck_long
4166,675049,TIA,12.706773773095616,-0.06982406000000001,17617.348097435017,0.0,17617.348097435017,1.0,-89.0,3.9227,9130.0,3.7799272609764536,close_unstuck_long
4167,675050,TIA,12.920373773095633,-0.06986678,17630.19860442811,0.0,17630.19860442811,1.0,-89.0,3.9251,9041.0,3.7799272609764536,close_unstuck_long
4168,675051,TIA,12.183546512119158,-0.0704754,17642.31167554023,0.0,17642.31167554023,1.0,-90.0,3.9153,8951.0,3.7799272609764536,close_unstuck_long
4169,675052,TIA,13.31197377309563,-0.06994510000000001,17655.553704213326,0.0,17655.553704213326,1.0,-89.0,3.9295,8862.0,3.7799272609764536,close_unstuck_long
4170,675053,TIA,15.901873773095641,-0.07046308000000001,17671.38511490642,0.0,17671.38511490642,1.0,-89.0,3.9586,8773.0,3.7799272609764536,close_unstuck_long
4171,675054,TIA,14.540173773095614,-0.07019074,17685.85509793952,0.0,17685.85509793952,1.0,-89.0,3.9433,8684.0,3.7799272609764536,close_unstuck_long
4172,675055,TIA,14.228673773095627,-0.07012844,17700.013643272614,0.0,17700.013643272614,1.0,-89.0,3.9398,8595.0,3.7799272609764536,close_unstuck_long
4173,675056,TIA,14.11297377309562,-0.07010530000000001,17714.056511745708,0.0,17714.056511745708,1.0,-89.0,3.9385,8506.0,3.7799272609764536,close_unstuck_long
4174,675057,TIA,13.560546512119185,-0.0707508,17727.546307457826,0.0,17727.546307457826,1.0,-90.0,3.9306,8416.0,3.7799272609764536,close_unstuck_long
4175,675058,TIA,12.678546512119162,-0.0705744,17740.154279569946,0.0,17740.154279569946,1.0,-90.0,3.9208,8326.0,3.7799272609764536,close_unstuck_long
4176,675059,TIA,12.68754651211918,-0.0705762,17752.771249882066,0.0,17752.771249882066,1.0,-90.0,3.9209,8236.0,3.7799272609764536,close_unstuck_long
4177,675060,TIA,13.803546512119178,-0.07079940000000001,17766.503996994186,0.0,17766.503996994186,1.0,-90.0,3.9333,8146.0,3.7799272609764536,close_unstuck_long
4178,675321,TIA,0.0,-0.9480829000000002,17765.555914094188,0.0,17765.555914094188,1.0,1145.0,4.1401,9291.0,3.8243140639236026,entry_trailing_cropped_long
4179,675322,TIA,27.190304566493747,-0.0704514,17792.67576726068,0.0,17792.67576726068,1.0,-85.0,4.1442,9206.0,3.8243140639236026,close_unstuck_long
4180,675323,TIA,27.51330456649375,-0.070516,17820.118555827175,0.0,17820.118555827175,1.0,-85.0,4.148,9121.0,3.8243140639236026,close_unstuck_long
4181,675324,TIA,26.42659050257015,-0.07106351999999999,17846.474082809746,0.0,17846.474082809746,1.0,-86.0,4.1316,9035.0,3.8243140639236026,close_unstuck_long
4182,675325,TIA,25.90199050257015,-0.0709586,17872.305114712315,0.0,17872.305114712315,1.0,-86.0,4.1255,8949.0,3.8243140639236026,close_unstuck_long
4183,675326,TIA,25.514990502570214,-0.07088120000000002,17897.749224014886,0.0,17897.749224014886,1.0,-86.0,4.121,8863.0,3.8243140639236026,close_unstuck_long
4184,675327,TIA,25.072176438646558,-0.0715575,17922.749842953534,0.0,17922.749842953534,1.0,-87.0,4.1125,8776.0,3.8243140639236026,close_unstuck_long
4185,675328,TIA,25.672476438646548,-0.07167756,17948.35064183218,0.0,17948.35064183218,1.0,-87.0,4.1194,8689.0,3.8243140639236026,close_unstuck_long
4186,675329,TIA,25.524576438646584,-0.07164798000000001,17973.803570290827,0.0,17973.803570290827,1.0,-87.0,4.1177,8602.0,3.8243140639236026,close_unstuck_long
4187,675330,TIA,25.959576438646575,-0.07173498,17999.691411749474,0.0,17999.691411749474,1.0,-87.0,4.1227,8515.0,3.8243140639236026,close_unstuck_long
4188,675331,TIA,25.428876438646576,-0.07162884,18025.048659348122,0.0,18025.048659348122,1.0,-87.0,4.1166,8428.0,3.8243140639236026,close_unstuck_long
4189,675332,TIA,26.812176438646595,-0.07190550000000001,18051.78893028677,0.0,18051.78893028677,1.0,-87.0,4.1325,8341.0,3.8243140639236026,close_unstuck_long
4190,675333,TIA,27.621276438646564,-0.07206732,18079.338139405416,0.0,18079.338139405416,1.0,-87.0,4.1418,8254.0,3.8243140639236026,close_unstuck_long
4191,675334,TIA,26.664276438646553,-0.07187592,18105.930539924062,0.0,18105.930539924062,1.0,-87.0,4.1308,8167.0,3.8243140639236026,close_unstuck_long
4192,675372,TIA,0.0,-0.99605994,18104.934479984062,0.0,18104.934479984062,1.0,1203.0,4.1399,9370.0,3.8648316606258337,entry_trailing_cropped_long
4193,675373,TIA,23.904845525552442,-0.07202904,18128.767296469614,0.0,18128.767296469614,1.0,-87.0,4.1396,9283.0,3.8648316606258337,close_unstuck_long
4194,675374,TIA,24.052745525552485,-0.07205862000000002,18152.747983375168,0.0,18152.747983375168,1.0,-87.0,4.1413,9196.0,3.8648316606258337,close_unstuck_long
4195,675375,TIA,25.731845525552433,-0.07239444,18178.40743446072,0.0,18178.40743446072,1.0,-87.0,4.1606,9109.0,3.8648316606258337,close_unstuck_long
4196,675376,TIA,27.289145525552435,-0.0727059,18205.623874086275,0.0,18205.623874086275,1.0,-87.0,4.1785,9022.0,3.8648316606258337,close_unstuck_long
4197,675378,TIA,26.897645525552498,-0.07262760000000001,18232.448892011827,0.0,18232.448892011827,1.0,-87.0,4.174,8935.0,3.8648316606258337,close_unstuck_long
4198,675379,TIA,25.60134552555243,-0.07236833999999999,18257.97786919738,0.0,18257.97786919738,1.0,-87.0,4.1591,8848.0,3.8648316606258337,close_unstuck_long
4199,675380,TIA,24.59321386492666,-0.07293968,18282.49814338231,0.0,18282.49814338231,1.0,-88.0,4.1443,8760.0,3.8648316606258337,close_unstuck_long
4200,675381,TIA,24.07401386492662,-0.07283584,18306.499321407235,0.0,18306.499321407235,1.0,-88.0,4.1384,8672.0,3.8648316606258337,close_unstuck_long
4201,675382,TIA,24.223613864926662,-0.07286576,18330.65006951216,0.0,18330.65006951216,1.0,-88.0,4.1401,8584.0,3.8648316606258337,close_unstuck_long
4202,675383,TIA,23.871613864926623,-0.07279536,18354.448888017087,0.0,18354.448888017087,1.0,-88.0,4.1361,8496.0,3.8648316606258337,close_unstuck_long
4203,675384,TIA,24.012413864926607,-0.07282352,18378.388478362012,0.0,18378.388478362012,1.0,-88.0,4.1377,8408.0,3.8648316606258337,close_unstuck_long
4204,675385,TIA,23.493213864926645,-0.07271968000000001,18401.80897254694,0.0,18401.80897254694,1.0,-88.0,4.1318,8320.0,3.8648316606258337,close_unstuck_long
4205,675386,TIA,25.094813864926664,-0.07304000000000001,18426.830746411866,0.0,18426.830746411866,1.0,-88.0,4.15,8232.0,3.8648316606258337,close_unstuck_long
4206,675509,TIA,398.69481609580316,-1.0730007,18824.45256180767,0.0,18824.45256180767,1.0,-1285.0,4.1751,6947.0,3.8648316606258337,close_trailing_long
4207,675966,TIA,346.5888612589056,-1.0834496,19169.957973466575,0.0,19169.957973466575,1.0,-1312.0,4.129,5635.0,3.8648316606258337,close_trailing_long
4208,676187,TIA,293.74410140388585,-1.09143184,19462.61064303046,0.0,19462.61064303046,1.0,-1336.0,4.0847,4299.0,3.8648316606258337,close_trailing_long
4209,677746,TIA,1259.0409909695416,-3.5747904600000004,20718.076843540002,0.0,20718.076843540002,1.0,-4299.0,4.1577,0.0,3.8648316606258337,close_grid_long
4210,677747,TIA,0.0,-0.1321952,20717.944648340002,0.0,20717.944648340002,1.0,160.0,4.1311,160.0,4.1311,entry_initial_normal_long
4211,677748,TIA,2.7200000000000557,-0.1327392,20720.53190914,0.0,20720.53190914,1.0,-160.0,4.1481,0.0,4.1311,close_grid_long
4212,677749,TIA,0.0,-0.1322432,20720.39966594,0.0,20720.39966594,1.0,160.0,4.1326,160.0,4.1326,entry_initial_normal_long
4213,677763,TIA,2.7200000000000557,-0.13278720000000002,20722.98687874,0.0,20722.98687874,1.0,-160.0,4.1496,0.0,4.1326,close_grid_long
4214,677764,TIA,0.0,-0.13271039999999998,20722.85416834,0.0,20722.85416834,1.0,160.0,4.1472,160.0,4.1472,entry_initial_normal_long
4215,677775,TIA,2.7200000000000557,-0.13325440000000002,20725.44091394,0.0,20725.44091394,1.0,-160.0,4.1642,0.0,4.1472,close_grid_long
4216,677776,TIA,0.0,-0.13232934000000002,20725.308584600003,0.0,20725.308584600003,1.0,159.0,4.1613,159.0,4.1613,entry_initial_normal_long
4217,677777,TIA,2.7189000000000183,-0.13287312,20727.894611480002,0.0,20727.894611480002,1.0,-159.0,4.1784,0.0,4.1613,close_grid_long
4218,678069,TIA,0.0,-0.13270104,20727.761910440004,0.0,20727.761910440004,1.0,158.0,4.1994,158.0,4.1994,entry_initial_normal_long
4219,678072,TIA,2.7175999999999814,-0.13324456,20730.346265880005,0.0,20730.346265880005,1.0,-158.0,4.2166,0.0,4.1994,close_grid_long
4220,678113,TIA,0.0,-0.13278636,20730.213479520004,0.0,20730.213479520004,1.0,158.0,4.2021,158.0,4.2021,entry_initial_normal_long
4221,678116,TIA,2.733400000000085,-0.13333304,20732.813546480003,0.0,20732.813546480003,1.0,-158.0,4.2194,0.0,4.2021,close_grid_long
4222,678121,TIA,0.0,-0.13279584,20732.680750640004,0.0,20732.680750640004,1.0,158.0,4.2024,158.0,4.2024,entry_initial_normal_long
4223,678134,TIA,2.7333999999999445,-0.13334252,20735.280808120002,0.0,20735.280808120002,1.0,-158.0,4.2197,0.0,4.2024,close_grid_long
4224,678136,TIA,0.0,-0.13281164,20735.147996480002,0.0,20735.147996480002,1.0,158.0,4.2029,158.0,4.2029,entry_initial_normal_long
4225,679346,TIA,0.0,-0.11508088000000001,20735.0329156,0.0,20735.0329156,1.0,158.0,3.6418,316.0,3.92235,entry_grid_normal_long
4226,679556,TIA,0.0,-0.1475396,20734.885376000002,0.0,20734.885376000002,1.0,221.0,3.338,537.0,3.681863314711359,entry_grid_normal_long
4227,680834,TIA,8.450600000000172,-0.39712224,20742.938853760003,0.0,20742.938853760003,1.0,-537.0,3.6976,0.0,3.681863314711359,close_grid_long
4228,680850,TIA,0.0,-0.1326304,20742.806223360003,0.0,20742.806223360003,1.0,191.0,3.472,191.0,3.472,entry_initial_normal_long
4229,680857,TIA,2.731299999999996,-0.13317666,20745.404346700005,0.0,20745.404346700005,1.0,-191.0,3.4863,0.0,3.472,close_grid_long
4230,680890,TIA,0.0,-0.1327259,20745.271620800006,0.0,20745.271620800006,1.0,191.0,3.4745,191.0,3.4745,entry_initial_normal_long
4231,680895,TIA,2.731299999999996,-0.13327216,20747.869648640004,0.0,20747.869648640004,1.0,-191.0,3.4888,0.0,3.4745,close_grid_long
4232,680910,TIA,0.0,-0.13276792,20747.736880720004,0.0,20747.736880720004,1.0,191.0,3.4756,191.0,3.4756,entry_initial_normal_long
4233,680963,TIA,2.7504000000000364,-0.13331800000000002,20750.353962720004,0.0,20750.353962720004,1.0,-191.0,3.49,0.0,3.4756,close_grid_long
4234,680993,TIA,0.0,-0.13286342,20750.221099300004,0.0,20750.221099300004,1.0,191.0,3.4781,191.0,3.4781,entry_initial_normal_long
4235,681754,TIA,2.7504000000000364,-0.13341350000000002,20752.838085800006,0.0,20752.838085800006,1.0,-191.0,3.4925,0.0,3.4781,close_grid_long
4236,681773,TIA,0.0,-0.13286892,20752.705216880004,0.0,20752.705216880004,1.0,193.0,3.4422,193.0,3.4422,entry_initial_normal_long
4237,682812,TIA,2.7405999999999553,-0.13341704000000001,20755.312399840004,0.0,20755.312399840004,1.0,-193.0,3.4564,0.0,3.4422,close_grid_long
4238,682940,TIA,0.0,-0.1329861,20755.179413740003,0.0,20755.179413740003,1.0,195.0,3.4099,195.0,3.4099,entry_initial_normal_long
4239,682960,TIA,2.7495000000000003,-0.133536,20757.795377740003,0.0,20757.795377740003,1.0,-195.0,3.424,0.0,3.4099,close_grid_long
4240,682989,TIA,0.0,-0.1331187,20757.662259040004,0.0,20757.662259040004,1.0,195.0,3.4133,195.0,3.4133,entry_initial_normal_long
4241,682995,TIA,2.7495000000000003,-0.1336686,20760.278090440002,0.0,20760.278090440002,1.0,-195.0,3.4274,0.0,3.4133,close_grid_long
4242,683017,TIA,0.0,-0.1331733,20760.14491714,0.0,20760.14491714,1.0,195.0,3.4147,195.0,3.4147,entry_initial_normal_long
4243,688828,TIA,0.0,-0.1169298,20760.027987340003,0.0,20760.027987340003,1.0,195.0,2.9982,390.0,3.2064500000000002,entry_grid_normal_long
4244,689459,TIA,0.0,-0.15029196000000003,20759.877695380004,0.0,20759.877695380004,1.0,273.0,2.7526,663.0,3.019570588235294,entry_grid_normal_long
4245,690752,TIA,8.638499999999976,-0.40212276,20768.114072620003,0.0,20768.114072620003,1.0,-663.0,3.0326,0.0,3.019570588235294,close_grid_long
4246,690816,TIA,0.0,-0.13302360000000002,20767.981049020003,0.0,20767.981049020003,1.0,226.0,2.943,226.0,2.943,entry_initial_normal_long
4247,690818,TIA,2.7345999999999497,-0.13357052,20770.582078500003,0.0,20770.582078500003,1.0,-226.0,2.9551,0.0,2.943,close_grid_long
4248,693367,TIA,0.0,-0.1329912,20770.449087300003,0.0,20770.449087300003,1.0,188.0,3.537,188.0,3.537,entry_initial_normal_long
4249,693372,TIA,2.7448000000000317,-0.13354016000000002,20773.060347140003,0.0,20773.060347140003,1.0,-188.0,3.5516,0.0,3.537,close_grid_long
4250,693397,TIA,0.0,-0.13305136,20772.927295780002,0.0,20772.927295780002,1.0,188.0,3.5386,188.0,3.5386,entry_initial_normal_long
4251,693420,TIA,2.744799999999948,-0.13360032,20775.53849546,0.0,20775.53849546,1.0,-188.0,3.5532,0.0,3.5386,close_grid_long
4252,693456,TIA,0.0,-0.1331416,20775.405353860002,0.0,20775.405353860002,1.0,188.0,3.541,188.0,3.541,entry_initial_normal_long
4253,693462,TIA,2.7448000000000317,-0.13369056,20778.016463300002,0.0,20778.016463300002,1.0,-188.0,3.5556,0.0,3.541,close_grid_long
4254,693469,TIA,0.0,-0.13315664,20777.883306660002,0.0,20777.883306660002,1.0,188.0,3.5414,188.0,3.5414,entry_initial_normal_long
4255,693492,TIA,2.7448000000000317,-0.1337056,20780.49440106,0.0,20780.49440106,1.0,-188.0,3.556,0.0,3.5414,close_grid_long
4256,693501,TIA,0.0,-0.13319048,20780.361210580002,0.0,20780.361210580002,1.0,188.0,3.5423,188.0,3.5423,entry_initial_normal_long
4257,693568,TIA,2.7448000000000317,-0.13373944000000001,20782.972271140003,0.0,20782.972271140003,1.0,-188.0,3.5569,0.0,3.5423,close_grid_long
4258,693575,TIA,0.0,-0.13326944000000002,20782.839001700002,0.0,20782.839001700002,1.0,188.0,3.5444,188.0,3.5444,entry_initial_normal_long
4259,693594,TIA,2.7448000000000317,-0.1338184,20785.4499833,0.0,20785.4499833,1.0,-188.0,3.559,0.0,3.5444,close_grid_long
4260,693603,TIA,0.0,-0.13330704000000002,20785.31667626,0.0,20785.31667626,1.0,188.0,3.5454,188.0,3.5454,entry_initial_normal_long
4261,693857,TIA,2.7448000000000317,-0.133856,20787.92762026,0.0,20787.92762026,1.0,-188.0,3.56,0.0,3.5454,close_grid_long
4262,693884,TIA,0.0,-0.13313408,20787.794486180002,0.0,20787.794486180002,1.0,188.0,3.5408,188.0,3.5408,entry_initial_normal_long
4263,693908,TIA,2.7448000000000317,-0.13368304,20790.405603140003,0.0,20790.405603140003,1.0,-188.0,3.5554,0.0,3.5408,close_grid_long
4264,694460,TIA,0.0,-0.13277080000000002,20790.272832340004,0.0,20790.272832340004,1.0,185.0,3.5884,185.0,3.5884,entry_initial_normal_long
4265,694571,TIA,2.738000000000027,-0.1333184,20792.877513940006,0.0,20792.877513940006,1.0,-185.0,3.6032,0.0,3.5884,close_grid_long
4266,694687,TIA,0.0,-0.1331445,20792.744369440006,0.0,20792.744369440006,1.0,185.0,3.5985,185.0,3.5985,entry_initial_normal_long
4267,694865,TIA,2.738000000000027,-0.1336921,20795.348677340007,0.0,20795.348677340007,1.0,-185.0,3.6133,0.0,3.5985,close_grid_long
4268,694871,TIA,0.0,-0.1332518,20795.215425540006,0.0,20795.215425540006,1.0,185.0,3.6014,185.0,3.6014,entry_initial_normal_long
4269,694878,TIA,2.756499999999984,-0.1338031,20797.838122440007,0.0,20797.838122440007,1.0,-185.0,3.6163,0.0,3.6014,close_grid_long
4270,694920,TIA,0.0,-0.1333554,20797.704767040006,0.0,20797.704767040006,1.0,185.0,3.6042,185.0,3.6042,entry_initial_normal_long
4271,694921,TIA,3.348500000000001,-0.1340251,20800.919241940006,0.0,20800.919241940006,1.0,-185.0,3.6223,0.0,3.6042,close_grid_long
4272,694937,TIA,0.0,-0.13339610000000002,20800.785845840008,0.0,20800.785845840008,1.0,185.0,3.6053,185.0,3.6053,entry_initial_normal_long
4273,694945,TIA,2.756499999999984,-0.1339474,20803.40839844001,0.0,20803.40839844001,1.0,-185.0,3.6202,0.0,3.6053,close_grid_long
4274,694946,TIA,0.0,-0.1334072,20803.27499124001,0.0,20803.27499124001,1.0,185.0,3.6056,185.0,3.6056,entry_initial_normal_long
4275,694960,TIA,2.756499999999984,-0.1339585,20805.89753274001,0.0,20805.89753274001,1.0,-185.0,3.6205,0.0,3.6056,close_grid_long
4276,694966,TIA,0.0,-0.1334257,20805.76410704001,0.0,20805.76410704001,1.0,185.0,3.6061,185.0,3.6061,entry_initial_normal_long
4277,694972,TIA,2.756499999999984,-0.133977,20808.386630040008,0.0,20808.386630040008,1.0,-185.0,3.621,0.0,3.6061,close_grid_long
4278,695027,TIA,0.0,-0.13287744,20808.25375260001,0.0,20808.25375260001,1.0,184.0,3.6108,184.0,3.6108,entry_initial_normal_long
4279,695031,TIA,2.7416000000000658,-0.13342576000000003,20810.861926840007,0.0,20810.861926840007,1.0,-184.0,3.6257,0.0,3.6108,close_grid_long
4280,695033,TIA,0.0,-0.13288480000000003,20810.729042040006,0.0,20810.729042040006,1.0,184.0,3.611,184.0,3.611,entry_initial_normal_long
4281,695058,TIA,2.741599999999984,-0.13343312000000002,20813.337208920006,0.0,20813.337208920006,1.0,-184.0,3.6259,0.0,3.611,close_grid_long
4282,695103,TIA,0.0,-0.13299888,20813.204210040007,0.0,20813.204210040007,1.0,184.0,3.6141,184.0,3.6141,entry_initial_normal_long
4283,696021,TIA,2.741599999999984,-0.1335472,20815.812262840005,0.0,20815.812262840005,1.0,-184.0,3.629,0.0,3.6141,close_grid_long
4284,696409,TIA,0.0,-0.1334184,20815.678844440004,0.0,20815.678844440004,1.0,184.0,3.6255,184.0,3.6255,entry_initial_normal_long
4285,696423,TIA,2.759999999999941,-0.1339704,20818.304874040005,0.0,20818.304874040005,1.0,-184.0,3.6405,0.0,3.6255,close_grid_long
4286,696584,TIA,0.0,-0.13298976,20818.171884280004,0.0,20818.171884280004,1.0,183.0,3.6336,183.0,3.6336,entry_initial_normal_long
4287,696613,TIA,2.7450000000000228,-0.13353876,20820.783345520005,0.0,20820.783345520005,1.0,-183.0,3.6486,0.0,3.6336,close_grid_long
4288,696697,TIA,0.0,-0.13322034,20820.650125180004,0.0,20820.650125180004,1.0,183.0,3.6399,183.0,3.6399,entry_initial_normal_long
4289,696726,TIA,2.7450000000000228,-0.13376934000000001,20823.261355840004,0.0,20823.261355840004,1.0,-183.0,3.6549,0.0,3.6399,close_grid_long
4290,696794,TIA,0.0,-0.13340334,20823.127952500003,0.0,20823.127952500003,1.0,183.0,3.6449,183.0,3.6449,entry_initial_normal_long
4291,696804,TIA,2.7450000000000228,-0.13395234,20825.739000160003,0.0,20825.739000160003,1.0,-183.0,3.6599,0.0,3.6449,close_grid_long
4292,696843,TIA,0.0,-0.1334802,20825.605519960005,0.0,20825.605519960005,1.0,183.0,3.647,183.0,3.647,entry_initial_normal_long
4293,697277,TIA,2.7450000000000228,-0.1340292,20828.216490760005,0.0,20828.216490760005,1.0,-183.0,3.662,0.0,3.647,close_grid_long
4294,697297,TIA,0.0,-0.13359366,20828.082897100005,0.0,20828.082897100005,1.0,183.0,3.6501,183.0,3.6501,entry_initial_normal_long
4295,697307,TIA,2.76329999999998,-0.13414631999999999,20830.712050780006,0.0,20830.712050780006,1.0,-183.0,3.6652,0.0,3.6501,close_grid_long
4296,697368,TIA,0.0,-0.13297284,20830.579077940005,0.0,20830.579077940005,1.0,182.0,3.6531,182.0,3.6531,entry_initial_normal_long
4297,700551,TIA,0.0,-0.11821264,20830.460865300003,0.0,20830.460865300003,1.0,182.0,3.2476,364.0,3.45035,entry_grid_normal_long
4298,706638,TIA,5.259800000000027,-0.25223744,20835.468427860003,0.0,20835.468427860003,1.0,-364.0,3.4648,0.0,3.45035,close_grid_long
4299,706862,TIA,0.0,-0.1330368,20835.33539106,0.0,20835.33539106,1.0,195.0,3.4112,195.0,3.4112,entry_initial_normal_long
4300,707524,TIA,2.7495000000000003,-0.1335867,20837.95130436,0.0,20837.95130436,1.0,-195.0,3.4253,0.0,3.4112,close_grid_long
4301,707585,TIA,0.0,-0.13346424,20837.817840120002,0.0,20837.817840120002,1.0,196.0,3.4047,196.0,3.4047,entry_initial_normal_long
4302,707614,TIA,2.7636000000000003,-0.13401696,20840.447423160003,0.0,20840.447423160003,1.0,-196.0,3.4188,0.0,3.4047,close_grid_long
4303,708118,TIA,0.0,-0.1334914,20840.313931760003,0.0,20840.313931760003,1.0,194.0,3.4405,194.0,3.4405,entry_initial_normal_long
4304,708119,TIA,2.754799999999955,-0.13404236,20842.934689400005,0.0,20842.934689400005,1.0,-194.0,3.4547,0.0,3.4405,close_grid_long
4305,709866,TIA,0.0,-0.1331976,20842.801491800004,0.0,20842.801491800004,1.0,184.0,3.6195,184.0,3.6195,entry_initial_normal_long
4306,709890,TIA,2.741599999999984,-0.13374592000000002,20845.409345880005,0.0,20845.409345880005,1.0,-184.0,3.6344,0.0,3.6195,close_grid_long
4307,710036,TIA,0.0,-0.13357296000000002,20845.275772920006,0.0,20845.275772920006,1.0,184.0,3.6297,184.0,3.6297,entry_initial_normal_long
4308,710056,TIA,2.759999999999941,-0.13412496,20847.901647960007,0.0,20847.901647960007,1.0,-184.0,3.6447,0.0,3.6297,close_grid_long
4309,710104,TIA,0.0,-0.13367968000000002,20847.767968280008,0.0,20847.767968280008,1.0,184.0,3.6326,184.0,3.6326,entry_initial_normal_long
4310,710107,TIA,2.760000000000023,-0.13423168000000002,20850.393736600006,0.0,20850.393736600006,1.0,-184.0,3.6476,0.0,3.6326,close_grid_long
4311,710118,TIA,0.0,-0.13370176,20850.260034840005,0.0,20850.260034840005,1.0,184.0,3.6332,184.0,3.6332,entry_initial_normal_long
4312,710132,TIA,2.760000000000023,-0.13425376000000003,20852.885781080004,0.0,20852.885781080004,1.0,-184.0,3.6482,0.0,3.6332,close_grid_long
4313,710138,TIA,0.0,-0.13372752000000002,20852.752053560005,0.0,20852.752053560005,1.0,184.0,3.6339,184.0,3.6339,entry_initial_normal_long
4314,710164,TIA,2.759999999999941,-0.13427952,20855.377774040004,0.0,20855.377774040004,1.0,-184.0,3.6489,0.0,3.6339,close_grid_long
4315,710189,TIA,0.0,-0.13379008,20855.243983960005,0.0,20855.243983960005,1.0,184.0,3.6356,184.0,3.6356,entry_initial_normal_long
4316,710221,TIA,2.759999999999941,-0.13434208,20857.869641880006,0.0,20857.869641880006,1.0,-184.0,3.6506,0.0,3.6356,close_grid_long
4317,710493,TIA,0.0,-0.13378031999999998,20857.735861560006,0.0,20857.735861560006,1.0,183.0,3.6552,183.0,3.6552,entry_initial_normal_long
4318,710508,TIA,2.7633000000000614,-0.13433298,20860.364828580005,0.0,20860.364828580005,1.0,-183.0,3.6703,0.0,3.6552,close_grid_long
4319,710523,TIA,0.0,-0.13382424,20860.231004340003,0.0,20860.231004340003,1.0,183.0,3.6564,183.0,3.6564,entry_initial_normal_long
4320,710630,TIA,2.76329999999998,-0.1343769,20862.859927440004,0.0,20862.859927440004,1.0,-183.0,3.6715,0.0,3.6564,close_grid_long
4321,710646,TIA,0.0,-0.13319488,20862.726732560004,0.0,20862.726732560004,1.0,182.0,3.6592,182.0,3.6592,entry_initial_normal_long
4322,710650,TIA,2.748200000000061,-0.13374452,20865.341188040005,0.0,20865.341188040005,1.0,-182.0,3.6743,0.0,3.6592,close_grid_long
4323,710661,TIA,0.0,-0.13322036,20865.207967680006,0.0,20865.207967680006,1.0,182.0,3.6599,182.0,3.6599,entry_initial_normal_long
4324,710667,TIA,2.74819999999998,-0.13377,20867.822397680007,0.0,20867.822397680007,1.0,-182.0,3.675,0.0,3.6599,close_grid_long
4325,710672,TIA,0.0,-0.13323128000000004,20867.689166400007,0.0,20867.689166400007,1.0,182.0,3.6602,182.0,3.6602,entry_initial_normal_long
4326,710718,TIA,2.74819999999998,-0.13378092,20870.303585480007,0.0,20870.303585480007,1.0,-182.0,3.6753,0.0,3.6602,close_grid_long
4327,710743,TIA,0.0,-0.13329316000000002,20870.170292320006,0.0,20870.170292320006,1.0,182.0,3.6619,182.0,3.6619,entry_initial_normal_long
4328,710791,TIA,2.74819999999998,-0.1338428,20872.784649520006,0.0,20872.784649520006,1.0,-182.0,3.677,0.0,3.6619,close_grid_long
4329,710817,TIA,0.0,-0.13335504,20872.651294480005,0.0,20872.651294480005,1.0,182.0,3.6636,182.0,3.6636,entry_initial_normal_long
4330,710984,TIA,2.74819999999998,-0.13390468000000003,20875.265589800005,0.0,20875.265589800005,1.0,-182.0,3.6787,0.0,3.6636,close_grid_long
4331,710986,TIA,0.0,-0.13339508,20875.132194720005,0.0,20875.132194720005,1.0,182.0,3.6647,182.0,3.6647,entry_initial_normal_long
4332,710989,TIA,2.748200000000061,-0.13394472000000002,20877.746450000006,0.0,20877.746450000006,1.0,-182.0,3.6798,0.0,3.6647,close_grid_long
4333,710990,TIA,0.0,-0.13340236,20877.613047640007,0.0,20877.613047640007,1.0,182.0,3.6649,182.0,3.6649,entry_initial_normal_long
4334,711001,TIA,2.748200000000061,-0.13395200000000002,20880.22729564001,0.0,20880.22729564001,1.0,-182.0,3.68,0.0,3.6649,close_grid_long
4335,711012,TIA,0.0,-0.13343148000000002,20880.093864160008,0.0,20880.093864160008,1.0,182.0,3.6657,182.0,3.6657,entry_initial_normal_long
4336,711083,TIA,2.74819999999998,-0.13398112,20882.70808304001,0.0,20882.70808304001,1.0,-182.0,3.6808,0.0,3.6657,close_grid_long
4337,711214,TIA,0.0,-0.1337154,20882.57436764001,0.0,20882.57436764001,1.0,182.0,3.6735,182.0,3.6735,entry_initial_normal_long
4338,711289,TIA,2.74819999999998,-0.13426504,20885.18830260001,0.0,20885.18830260001,1.0,-182.0,3.6886,0.0,3.6735,close_grid_long
4339,711303,TIA,0.0,-0.13377728,20885.05452532001,0.0,20885.05452532001,1.0,182.0,3.6752,182.0,3.6752,entry_initial_normal_long
4340,711315,TIA,2.7664000000000186,-0.13433056,20887.68659476001,0.0,20887.68659476001,1.0,-182.0,3.6904,0.0,3.6752,close_grid_long
4341,711361,TIA,0.0,-0.13386464,20887.55273012001,0.0,20887.55273012001,1.0,182.0,3.6776,182.0,3.6776,entry_initial_normal_long
4342,711412,TIA,2.7664000000000186,-0.13441792,20890.18471220001,0.0,20890.18471220001,1.0,-182.0,3.6928,0.0,3.6776,close_grid_long
4343,711495,TIA,0.0,-0.13333546000000002,20890.05137674001,0.0,20890.05137674001,1.0,181.0,3.6833,181.0,3.6833,entry_initial_normal_long
4344,711834,TIA,2.7512000000000185,-0.1338857,20892.668691040013,0.0,20892.668691040013,1.0,-181.0,3.6985,0.0,3.6833,close_grid_long
4345,711880,TIA,0.0,-0.13397748,20892.534713560013,0.0,20892.534713560013,1.0,182.0,3.6807,182.0,3.6807,entry_initial_normal_long
4346,712035,TIA,2.7664000000000186,-0.13453076000000003,20895.166582800015,0.0,20895.166582800015,1.0,-182.0,3.6959,0.0,3.6807,close_grid_long
4347,712048,TIA,0.0,-0.13406848000000002,20895.032514320013,0.0,20895.032514320013,1.0,182.0,3.6832,182.0,3.6832,entry_initial_normal_long
4348,712957,TIA,2.7664000000000186,-0.13462176,20897.664292560014,0.0,20897.664292560014,1.0,-182.0,3.6984,0.0,3.6832,close_grid_long
4349,713454,TIA,0.0,-0.13384643999999998,20897.530446120014,0.0,20897.530446120014,1.0,182.0,3.6771,182.0,3.6771,entry_initial_normal_long
4350,713461,TIA,2.7664000000000186,-0.13439972,20900.162446400012,0.0,20900.162446400012,1.0,-182.0,3.6923,0.0,3.6771,close_grid_long
4351,713474,TIA,0.0,-0.1338792,20900.028567200014,0.0,20900.028567200014,1.0,182.0,3.678,182.0,3.678,entry_initial_normal_long
4352,713551,TIA,2.7664000000000186,-0.13443248000000002,20902.660534720013,0.0,20902.660534720013,1.0,-182.0,3.6932,0.0,3.678,close_grid_long
4353,713552,TIA,0.0,-0.13393744000000002,20902.52659728001,0.0,20902.52659728001,1.0,182.0,3.6796,182.0,3.6796,entry_initial_normal_long
4354,713637,TIA,2.766399999999938,-0.13449071999999998,20905.158506560012,0.0,20905.158506560012,1.0,-182.0,3.6948,0.0,3.6796,close_grid_long
4355,713648,TIA,0.0,-0.13401024,20905.024496320013,0.0,20905.024496320013,1.0,182.0,3.6816,182.0,3.6816,entry_initial_normal_long
4356,713653,TIA,2.7664000000000186,-0.13456352,20907.656332800012,0.0,20907.656332800012,1.0,-182.0,3.6968,0.0,3.6816,close_grid_long
4357,713850,TIA,0.0,-0.13399068,20907.522342120013,0.0,20907.522342120013,1.0,181.0,3.7014,181.0,3.7014,entry_initial_normal_long
4358,713870,TIA,2.7692999999999763,-0.13454454000000002,20910.157097580013,0.0,20910.157097580013,1.0,-181.0,3.7167,0.0,3.7014,close_grid_long
4359,713873,TIA,0.0,-0.1340124,20910.02308518001,0.0,20910.02308518001,1.0,181.0,3.702,181.0,3.702,entry_initial_normal_long
4360,713915,TIA,2.7692999999999763,-0.13456626,20912.65781892001,0.0,20912.65781892001,1.0,-181.0,3.7173,0.0,3.702,close_grid_long
4361,713930,TIA,0.0,-0.13405222000000003,20912.52376670001,0.0,20912.52376670001,1.0,181.0,3.7031,181.0,3.7031,entry_initial_normal_long
4362,714093,TIA,2.7692999999999763,-0.13460608000000002,20915.158460620012,0.0,20915.158460620012,1.0,-181.0,3.7184,0.0,3.7031,close_grid_long
4363,714098,TIA,0.0,-0.13413186,20915.024328760013,0.0,20915.024328760013,1.0,181.0,3.7053,181.0,3.7053,entry_initial_normal_long
4364,714107,TIA,2.7693000000000567,-0.13468572,20917.658943040013,0.0,20917.658943040013,1.0,-181.0,3.7206,0.0,3.7053,close_grid_long
4365,714135,TIA,0.0,-0.13418616,20917.52475688001,0.0,20917.52475688001,1.0,181.0,3.7068,181.0,3.7068,entry_initial_normal_long
4366,714297,TIA,2.7693000000000567,-0.13474002000000002,20920.159316860012,0.0,20920.159316860012,1.0,-181.0,3.7221,0.0,3.7068,close_grid_long
4367,714309,TIA,0.0,-0.13425856000000003,20920.025058300012,0.0,20920.025058300012,1.0,181.0,3.7088,181.0,3.7088,entry_initial_normal_long
4368,714322,TIA,2.7692999999999763,-0.13481242000000002,20922.65954588001,0.0,20922.65954588001,1.0,-181.0,3.7241,0.0,3.7088,close_grid_long
4369,714501,TIA,0.0,-0.1340712,20922.525474680013,0.0,20922.525474680013,1.0,180.0,3.7242,180.0,3.7242,entry_initial_normal_long
4370,716053,TIA,0.0,-0.1205856,20922.40488908001,0.0,20922.40488908001,1.0,180.0,3.3496,360.0,3.5369,entry_grid_normal_long
4371,716715,TIA,0.0,-0.1580292,20922.24685988001,0.0,20922.24685988001,1.0,252.0,3.1355,612.0,3.371617647058824,entry_grid_normal_long
4372,722776,TIA,0.0,-0.24915591999999998,20921.997703960013,0.0,20921.997703960013,1.0,428.0,2.9107,1040.0,3.181932307692308,entry_grid_normal_long
4373,725006,TIA,0.0,-0.29154512,20921.706158840014,0.0,20921.706158840014,1.0,551.0,2.6456,1591.0,2.996188057825267,entry_grid_cropped_long
4374,725223,TIA,0.0,-0.46512480000000006,20921.241034040013,0.0,20921.241034040013,1.0,840.0,2.7686,2431.0,2.9175480049362403,entry_trailing_normal_long
4375,728722,TIA,0.0,-0.62171614,20920.61931790001,0.0,20920.61931790001,1.0,1283.0,2.4229,3714.0,2.7466720247711365,entry_trailing_normal_long
4376,729080,TIA,0.0,-0.8837834800000001,20919.73553442001,0.0,20919.73553442001,1.0,1961.0,2.2534,5675.0,2.5762215506607933,entry_trailing_normal_long
4377,729162,TIA,0.0,-1.38499088,20918.35054354001,0.0,20918.35054354001,1.0,2996.0,2.3114,8671.0,2.48472052819744,entry_trailing_normal_long
4378,729391,TIA,0.0,-2.2072369199999997,20916.14330662001,0.0,20916.14330662001,1.0,4578.0,2.4107,13249.0,2.4591438070797795,entry_trailing_normal_long
4379,729478,TIA,0.0,-1.85006822,20914.293238400012,0.0,20914.293238400012,1.0,3751.0,2.4661,17000.0,2.4606786705882353,entry_trailing_cropped_long
4380,729479,TIA,1.7443046705882477,-0.0835198,20915.954023270602,0.0,20915.954023270602,1.0,-169.0,2.471,16831.0,2.4606786705882353,close_unstuck_long
4381,729480,TIA,0.5782046705882635,-0.08328658000000001,20916.448941361192,0.0,20916.448941361192,1.0,-169.0,2.4641,16662.0,2.4606786705882353,close_unstuck_long
4382,729481,TIA,3.262783341176501,-0.08333136000000001,20919.62839334237,0.0,20919.62839334237,1.0,-168.0,2.4801,16494.0,2.4606786705882353,close_unstuck_long
4383,729482,TIA,-0.5913740000000312,-0.0835448,20918.95347454237,0.0,20918.95347454237,1.0,-170.0,2.4572,16324.0,2.4606786705882353,close_unstuck_long
4384,729483,TIA,-2.7836526705882534,-0.08359848,20916.086223391783,0.0,20916.086223391783,1.0,-171.0,2.4444,16153.0,2.4606786705882353,close_unstuck_long
4385,729484,TIA,-1.7473739999999793,-0.08331360000000002,20914.255535791784,0.0,20914.255535791784,1.0,-170.0,2.4504,15983.0,2.4606786705882353,close_unstuck_long
4386,729485,TIA,-2.0873740000000174,-0.0832456,20912.084916191783,0.0,20912.084916191783,1.0,-170.0,2.4484,15813.0,2.4606786705882353,close_unstuck_long
4387,729486,TIA,0.4092046705882071,-0.08325278,20912.41086808237,0.0,20912.41086808237,1.0,-169.0,2.4631,15644.0,2.4606786705882353,close_unstuck_long
4388,729487,TIA,0.9162046705882263,-0.08335418,20913.243718572958,0.0,20913.243718572958,1.0,-169.0,2.4661,15475.0,2.4606786705882353,close_unstuck_long
4389,729488,TIA,-0.6253740000000274,-0.083538,20912.53480657296,0.0,20912.53480657296,1.0,-170.0,2.457,15305.0,2.4606786705882353,close_unstuck_long
4390,729489,TIA,1.1021046705882434,-0.08339136,20913.553519883546,0.0,20913.553519883546,1.0,-169.0,2.4672,15136.0,2.4606786705882353,close_unstuck_long
4391,729490,TIA,0.8148046705882375,-0.08333390000000002,20914.284990654134,0.0,20914.284990654134,1.0,-169.0,2.4655,14967.0,2.4606786705882353,close_unstuck_long
4392,729491,TIA,4.169983341176476,-0.08351280000000001,20918.37146119531,0.0,20918.37146119531,1.0,-168.0,2.4855,14799.0,2.4606786705882353,close_unstuck_long
4393,729492,TIA,7.050962011764687,-0.08359686,20925.338826347077,0.0,20925.338826347077,1.0,-167.0,2.5029,14632.0,2.4606786705882353,close_unstuck_long
4394,729698,TIA,0.0,-1.1693462600000002,20924.169480087075,0.0,20924.169480087075,1.0,2333.0,2.5061,16965.0,2.4669249400558244,entry_trailing_cropped_long
4395,729699,TIA,6.71885995073316,-0.08324568,20930.80509435781,0.0,20930.80509435781,1.0,-166.0,2.5074,16799.0,2.4669249400558244,close_unstuck_long
4396,729700,TIA,7.714859950733124,-0.08344488,20938.436509428542,0.0,20938.436509428542,1.0,-166.0,2.5134,16633.0,2.4669249400558244,close_unstuck_long
4397,729701,TIA,6.62573501067735,-0.08372044000000001,20944.97852399922,0.0,20944.97852399922,1.0,-167.0,2.5066,16466.0,2.4669249400558244,close_unstuck_long
4398,729702,TIA,7.349659950733164,-0.08337184000000002,20952.24481210995,0.0,20952.24481210995,1.0,-166.0,2.5112,16300.0,2.4669249400558244,close_unstuck_long
4399,729703,TIA,7.449259950733153,-0.08339176000000001,20959.610680300684,0.0,20959.610680300684,1.0,-166.0,2.5118,16134.0,2.4669249400558244,close_unstuck_long
4400,729704,TIA,8.594659950733138,-0.08362084,20968.121719411418,0.0,20968.121719411418,1.0,-166.0,2.5187,15968.0,2.4669249400558244,close_unstuck_long
4401,729705,TIA,8.345659950733129,-0.08357104,20976.383808322153,0.0,20976.383808322153,1.0,-166.0,2.5172,15802.0,2.4669249400558244,close_unstuck_long
4402,729706,TIA,8.993059950733167,-0.08370052000000001,20985.293167752887,0.0,20985.293167752887,1.0,-166.0,2.5211,15636.0,2.4669249400558244,close_unstuck_long
4403,729707,TIA,8.843659950733148,-0.08367064,20994.05315706362,0.0,20994.05315706362,1.0,-166.0,2.5202,15470.0,2.4669249400558244,close_unstuck_long
4404,729708,TIA,7.377235010677305,-0.08387074,21001.346521334297,0.0,21001.346521334297,1.0,-167.0,2.5111,15303.0,2.4669249400558244,close_unstuck_long
4405,729709,TIA,7.076635010677338,-0.08381062000000002,21008.339345724973,0.0,21008.339345724973,1.0,-167.0,2.5093,15136.0,2.4669249400558244,close_unstuck_long
4406,729710,TIA,6.892935010677321,-0.08377388,21015.14850685565,0.0,21015.14850685565,1.0,-167.0,2.5082,14969.0,2.4669249400558244,close_unstuck_long
4407,729711,TIA,6.776035010677297,-0.0837505,21021.84079136633,0.0,21021.84079136633,1.0,-167.0,2.5075,14802.0,2.4669249400558244,close_unstuck_long
4408,731943,TIA,0.0,-1.1054944800000002,21020.735296886327,0.0,21020.735296886327,1.0,2337.0,2.3652,17139.0,2.4530541666787045,entry_trailing_cropped_long
4409,731944,TIA,-14.665187502130674,-0.08390508,21005.986204304198,0.0,21005.986204304198,1.0,-177.0,2.3702,16962.0,2.4530541666787045,close_unstuck_long
4410,731945,TIA,-15.072287502130669,-0.08382366000000001,20990.830093142067,0.0,20990.830093142067,1.0,-177.0,2.3679,16785.0,2.4530541666787045,close_unstuck_long
4411,731946,TIA,-14.594387502130683,-0.08391924,20976.151786399936,0.0,20976.151786399936,1.0,-177.0,2.3706,16608.0,2.4530541666787045,close_unstuck_long
4412,731947,TIA,-14.58233333545197,-0.08343104000000001,20961.486022024485,0.0,20961.486022024485,1.0,-176.0,2.3702,16432.0,2.4530541666787045,close_unstuck_long
4413,731973,TIA,-15.196187502130694,-0.08379888,20946.206035642354,0.0,20946.206035642354,1.0,-177.0,2.3672,16255.0,2.4530541666787045,close_unstuck_long
4414,732001,TIA,-14.617533335451967,-0.083424,20931.505078306902,0.0,20931.505078306902,1.0,-176.0,2.37,16079.0,2.4530541666787045,close_unstuck_long
4415,732002,TIA,-14.670333335452,-0.08341343999999999,20916.75133153145,0.0,20916.75133153145,1.0,-176.0,2.3697,15903.0,2.4530541666787045,close_unstuck_long
4416,732024,TIA,-15.145533335451987,-0.0833184,20901.522479795996,0.0,20901.522479795996,1.0,-176.0,2.367,15727.0,2.4530541666787045,close_unstuck_long
4417,732025,TIA,-14.58233333545197,-0.08343104000000001,20886.856715420545,0.0,20886.856715420545,1.0,-176.0,2.3702,15551.0,2.4530541666787045,close_unstuck_long
4418,732026,TIA,-14.05433333545195,-0.08353664000000001,20872.71884544509,0.0,20872.71884544509,1.0,-176.0,2.3732,15375.0,2.4530541666787045,close_unstuck_long
4419,732027,TIA,-14.353533335451957,-0.0834768,20858.28183530964,0.0,20858.28183530964,1.0,-176.0,2.3715,15199.0,2.4530541666787045,close_unstuck_long
4420,732028,TIA,-15.163133335452024,-0.08331488,20843.035387094187,0.0,20843.035387094187,1.0,-176.0,2.3669,15023.0,2.4530541666787045,close_unstuck_long
4421,732495,TIA,-20.444041668809383,-0.08323992000000001,20822.508105505378,0.0,20822.508105505378,1.0,-178.0,2.3382,14845.0,2.4530541666787045,close_unstuck_long
4422,732496,TIA,-19.922087502130687,-0.0828537,20802.50316430325,0.0,20802.50316430325,1.0,-177.0,2.3405,14668.0,2.4530541666787045,close_unstuck_long
4423,732565,TIA,0.0,-1.12449024,20801.37867406325,0.0,20801.37867406325,1.0,2304.0,2.4403,16972.0,2.4513227502264456,entry_trailing_cropped_long
4424,732566,TIA,-0.4432447882692956,-0.08276606,20800.85266321498,0.0,20800.85266321498,1.0,-169.0,2.4487,16803.0,2.4513227502264456,close_unstuck_long
4425,732567,TIA,1.263655211730704,-0.08310744000000002,20802.033210986712,0.0,20802.033210986712,1.0,-169.0,2.4588,16634.0,2.4513227502264456,close_unstuck_long
4426,732568,TIA,1.8945779619571539,-0.08274336000000002,20803.84504558867,0.0,20803.84504558867,1.0,-168.0,2.4626,16466.0,2.4513227502264456,close_unstuck_long
4427,732569,TIA,0.5031552117306752,-0.08295534,20804.2652454604,0.0,20804.2652454604,1.0,-169.0,2.4543,16297.0,2.4513227502264456,close_unstuck_long
4428,732570,TIA,0.9087552117307056,-0.08303646,20805.09096421213,0.0,20805.09096421213,1.0,-169.0,2.4567,16128.0,2.4513227502264456,close_unstuck_long
4429,732571,TIA,2.868977961957121,-0.08293824,20807.877003934085,0.0,20807.877003934085,1.0,-168.0,2.4684,15960.0,2.4513227502264456,close_unstuck_long
4430,732572,TIA,4.229777961957158,-0.0832104,20812.023571496044,0.0,20812.023571496044,1.0,-168.0,2.4765,15792.0,2.4513227502264456,close_unstuck_long
4431,732573,TIA,4.313777961957111,-0.0832272,20816.254122258,0.0,20816.254122258,1.0,-168.0,2.477,15624.0,2.4513227502264456,close_unstuck_long
4432,732574,TIA,3.8937779619571202,-0.0831432,20820.064757019958,0.0,20820.064757019958,1.0,-168.0,2.4745,15456.0,2.4513227502264456,close_unstuck_long
4433,732575,TIA,5.807800712183575,-0.08303574,20825.78952199214,0.0,20825.78952199214,1.0,-167.0,2.4861,15289.0,2.4513227502264456,close_unstuck_long
4434,732576,TIA,7.416423462410024,-0.0828672,20833.12307825455,0.0,20833.12307825455,1.0,-166.0,2.496,15123.0,2.4513227502264456,close_unstuck_long
4435,732577,TIA,3.6417779619571107,-0.08309280000000001,20836.681763416505,0.0,20836.681763416505,1.0,-168.0,2.473,14955.0,2.4513227502264456,close_unstuck_long
4436,732578,TIA,5.039600712183585,-0.0828821,20841.638482028688,0.0,20841.638482028688,1.0,-167.0,2.4815,14788.0,2.4513227502264456,close_unstuck_long
4437,732579,TIA,4.061777961957102,-0.0831768,20845.617083190646,0.0,20845.617083190646,1.0,-168.0,2.4755,14620.0,2.4513227502264456,close_unstuck_long
4438,732891,TIA,0.0,-1.1703636000000002,20844.446719590647,0.0,20844.446719590647,1.0,2260.0,2.5893,16880.0,2.469796007601341,entry_trailing_cropped_long
4439,732892,TIA,18.67664277618408,-0.08326275999999999,20863.04009960683,0.0,20863.04009960683,1.0,-161.0,2.5858,16719.0,2.469796007601341,close_unstuck_long
4440,732893,TIA,18.515642776184098,-0.08323056000000001,20881.472511823016,0.0,20881.472511823016,1.0,-161.0,2.5848,16558.0,2.469796007601341,close_unstuck_long
4441,732894,TIA,18.58004277618409,-0.08324344,20899.9693111592,0.0,20899.9693111592,1.0,-161.0,2.5852,16397.0,2.469796007601341,close_unstuck_long
4442,732895,TIA,18.67664277618408,-0.08326275999999999,20918.562691175382,0.0,20918.562691175382,1.0,-161.0,2.5858,16236.0,2.469796007601341,close_unstuck_long
4443,732896,TIA,18.499542776184136,-0.08322734000000001,20936.979006611567,0.0,20936.979006611567,1.0,-161.0,2.5847,16075.0,2.469796007601341,close_unstuck_long
4444,732897,TIA,18.805442776184066,-0.08328852,20955.701160867753,0.0,20955.701160867753,1.0,-161.0,2.5866,15914.0,2.469796007601341,close_unstuck_long
4445,732898,TIA,18.468646768582776,-0.08371512,20974.086092516336,0.0,20974.086092516336,1.0,-162.0,2.5838,15752.0,2.469796007601341,close_unstuck_long
4446,732900,TIA,18.614446768582795,-0.08374428,20992.61679500492,0.0,20992.61679500492,1.0,-162.0,2.5847,15590.0,2.469796007601341,close_unstuck_long
4447,732901,TIA,18.468646768582776,-0.08371512,21011.001726653503,0.0,21011.001726653503,1.0,-162.0,2.5838,15428.0,2.469796007601341,close_unstuck_long
4448,732903,TIA,16.65925076098143,-0.0838472,21027.577130214486,0.0,21027.577130214486,1.0,-163.0,2.572,15265.0,2.469796007601341,close_unstuck_long
4449,732904,TIA,16.610350760981397,-0.08383742,21044.103643555467,0.0,21044.103643555467,1.0,-163.0,2.5717,15102.0,2.469796007601341,close_unstuck_long
4450,732905,TIA,16.17025076098141,-0.0837494,21060.190144916447,0.0,21060.190144916447,1.0,-163.0,2.569,14939.0,2.469796007601341,close_unstuck_long
4451,732906,TIA,16.67555076098139,-0.08385046,21076.78184521743,0.0,21076.78184521743,1.0,-163.0,2.5721,14776.0,2.469796007601341,close_unstuck_long
4452,735461,TIA,0.0,-1.1321708,21075.64967441743,0.0,21075.64967441743,1.0,2213.0,2.558,16989.0,2.4812855264181186,entry_trailing_cropped_long
4453,735463,TIA,11.370888141010395,-0.0841566,21086.93640595844,0.0,21086.93640595844,1.0,-165.0,2.5502,16824.0,2.4812855264181186,close_unstuck_long
4454,735464,TIA,11.964888141010404,-0.0842754,21098.81701869945,0.0,21098.81701869945,1.0,-165.0,2.5538,16659.0,2.4812855264181186,close_unstuck_long
4455,735465,TIA,12.761573667428536,-0.08393848,21111.49465388688,0.0,21111.49465388688,1.0,-164.0,2.5591,16495.0,2.4812855264181186,close_unstuck_long
4456,735466,TIA,12.360888141010433,-0.08435460000000002,21123.77118742789,0.0,21123.77118742789,1.0,-165.0,2.5562,16330.0,2.4812855264181186,close_unstuck_long
4457,735467,TIA,11.304888141010403,-0.08414340000000001,21134.9919321689,0.0,21134.9919321689,1.0,-165.0,2.5498,16165.0,2.4812855264181186,close_unstuck_long
4458,735468,TIA,10.609802614592294,-0.08450064,21145.51723414349,0.0,21145.51723414349,1.0,-166.0,2.5452,15999.0,2.4812855264181186,close_unstuck_long
4459,735469,TIA,11.403888141010391,-0.0841632,21156.836959084503,0.0,21156.836959084503,1.0,-165.0,2.5504,15834.0,2.4812855264181186,close_unstuck_long
4460,735470,TIA,11.568888141010447,-0.0841962,21168.321651025515,0.0,21168.321651025515,1.0,-165.0,2.5514,15669.0,2.4812855264181186,close_unstuck_long
4461,735471,TIA,11.882388141010448,-0.08425890000000001,21180.119780266527,0.0,21180.119780266527,1.0,-165.0,2.5533,15504.0,2.4812855264181186,close_unstuck_long
4462,735472,TIA,10.875402614592339,-0.08455376000000002,21190.910629121117,0.0,21190.910629121117,1.0,-166.0,2.5468,15338.0,2.4812855264181186,close_unstuck_long
4463,735473,TIA,11.522802614592305,-0.08468324,21202.34874849571,0.0,21202.34874849571,1.0,-166.0,2.5507,15172.0,2.4812855264181186,close_unstuck_long
4464,735474,TIA,11.008202614592324,-0.08458032000000001,21213.272370790302,0.0,21213.272370790302,1.0,-166.0,2.5476,15006.0,2.4812855264181186,close_unstuck_long
4465,735475,TIA,11.356802614592322,-0.08465004000000001,21224.544523364893,0.0,21224.544523364893,1.0,-166.0,2.5497,14840.0,2.4812855264181186,close_unstuck_long
4466,736702,TIA,0.0,-1.1251178600000002,21223.419405504894,0.0,21223.419405504894,1.0,2143.0,2.6251,16983.0,2.4994327569949295,entry_trailing_cropped_long
4467,736703,TIA,21.439926123816356,-0.08476972,21244.77456190871,0.0,21244.77456190871,1.0,-161.0,2.6326,16822.0,2.4994327569949295,close_unstuck_long
4468,736704,TIA,22.067826123816324,-0.0848953,21266.757492732526,0.0,21266.757492732526,1.0,-161.0,2.6365,16661.0,2.4994327569949295,close_unstuck_long
4469,736705,TIA,22.10002612381632,-0.08490174,21288.77261711634,0.0,21288.77261711634,1.0,-161.0,2.6367,16500.0,2.4994327569949295,close_unstuck_long
4470,736706,TIA,22.663526123816368,-0.08501444000000001,21311.351128800157,0.0,21311.351128800157,1.0,-161.0,2.6402,16339.0,2.4994327569949295,close_unstuck_long
4471,736707,TIA,21.281493366821387,-0.08523792,21332.54738424698,0.0,21332.54738424698,1.0,-162.0,2.6308,16177.0,2.4994327569949295,close_unstuck_long
4472,736708,TIA,20.633493366821387,-0.08510832,21353.095769293803,0.0,21353.095769293803,1.0,-162.0,2.6268,16015.0,2.4994327569949295,close_unstuck_long
4473,736709,TIA,21.459693366821405,-0.08527356,21374.470189100623,0.0,21374.470189100623,1.0,-162.0,2.6319,15853.0,2.4994327569949295,close_unstuck_long
4474,736710,TIA,21.4920933668214,-0.08528004,21395.877002427445,0.0,21395.877002427445,1.0,-162.0,2.6321,15691.0,2.4994327569949295,close_unstuck_long
4475,736711,TIA,21.718893366821447,-0.08532540000000001,21417.510570394268,0.0,21417.510570394268,1.0,-162.0,2.6335,15529.0,2.4994327569949295,close_unstuck_long
4476,736712,TIA,23.095893366821404,-0.08560079999999999,21440.52086296109,0.0,21440.52086296109,1.0,-162.0,2.642,15367.0,2.4994327569949295,close_unstuck_long
4477,736714,TIA,22.561293366821427,-0.08549388000000001,21462.996662447913,0.0,21462.996662447913,1.0,-162.0,2.6387,15205.0,2.4994327569949295,close_unstuck_long
4478,736715,TIA,22.447893366821404,-0.0854712,21485.359084614734,0.0,21485.359084614734,1.0,-162.0,2.638,15043.0,2.4994327569949295,close_unstuck_long
4479,736716,TIA,22.626093366821422,-0.08550684,21507.899671141557,0.0,21507.899671141557,1.0,-162.0,2.6391,14881.0,2.4994327569949295,close_unstuck_long
4480,737021,TIA,266.95766928575296,-1.21212856,21773.645211867308,0.0,21773.645211867308,1.0,-2318.0,2.6146,12563.0,2.4994327569949295,close_trailing_long
4481,738869,TIA,0.0,-2.4295875000000002,21771.21562436731,0.0,21771.21562436731,1.0,4835.0,2.5125,17398.0,2.503064215779245,entry_trailing_cropped_long
4482,738870,TIA,2.0821906701906183,-0.08702246000000001,21773.210792577498,0.0,21773.210792577498,1.0,-173.0,2.5151,17225.0,2.503064215779245,close_unstuck_long
4483,738871,TIA,2.878554885969889,-0.08668112,21776.00266634347,0.0,21776.00266634347,1.0,-172.0,2.5198,17053.0,2.503064215779245,close_unstuck_long
4484,738872,TIA,4.460954885969867,-0.08699760000000001,21780.37662362944,0.0,21780.37662362944,1.0,-172.0,2.529,16881.0,2.503064215779245,close_unstuck_long
4485,738873,TIA,6.3160191017491325,-0.08686800000000001,21786.60577473119,0.0,21786.60577473119,1.0,-171.0,2.54,16710.0,2.503064215779245,close_unstuck_long
4486,738874,TIA,8.217083317528392,-0.08674760000000001,21794.736110448717,0.0,21794.736110448717,1.0,-170.0,2.5514,16540.0,2.503064215779245,close_unstuck_long
4487,738875,TIA,7.222319101749147,-0.08704926,21801.871380290468,0.0,21801.871380290468,1.0,-171.0,2.5453,16369.0,2.503064215779245,close_unstuck_long
4488,738876,TIA,6.0937191017491195,-0.08682354,21807.878275852217,0.0,21807.878275852217,1.0,-171.0,2.5387,16198.0,2.503064215779245,close_unstuck_long
4489,738877,TIA,6.521219101749111,-0.08690903999999999,21814.312585913965,0.0,21814.312585913965,1.0,-171.0,2.5412,16027.0,2.503064215779245,close_unstuck_long
4490,738878,TIA,5.803019101749113,-0.0867654,21820.028839615716,0.0,21820.028839615716,1.0,-171.0,2.537,15856.0,2.503064215779245,close_unstuck_long
4491,738879,TIA,4.890954885969858,-0.0870836,21824.832710901686,0.0,21824.832710901686,1.0,-172.0,2.5315,15684.0,2.503064215779245,close_unstuck_long
4492,738880,TIA,4.5125548859699,-0.08700792,21829.258257867656,0.0,21829.258257867656,1.0,-172.0,2.5293,15512.0,2.503064215779245,close_unstuck_long
4493,738881,TIA,6.897419101749145,-0.08698428000000001,21836.068692689405,0.0,21836.068692689405,1.0,-171.0,2.5434,15341.0,2.503064215779245,close_unstuck_long
4494,738882,TIA,4.4953548859698635,-0.08700448000000001,21840.477043095376,0.0,21840.477043095376,1.0,-172.0,2.5292,15169.0,2.503064215779245,close_unstuck_long
4495,739603,TIA,0.0,-1.1422122,21839.334830895375,0.0,21839.334830895375,1.0,2237.0,2.553,17406.0,2.509481907914246,entry_trailing_cropped_long
4496,739604,TIA,7.874075654578179,-0.08689720000000001,21847.122009349954,0.0,21847.122009349954,1.0,-170.0,2.5558,17236.0,2.509481907914246,close_unstuck_long
4497,739605,TIA,7.732293746663915,-0.08737074,21854.76693235662,0.0,21854.76693235662,1.0,-171.0,2.5547,17065.0,2.509481907914246,close_unstuck_long
4498,739606,TIA,8.214075654578142,-0.08696519999999999,21862.894042811196,0.0,21862.894042811196,1.0,-170.0,2.5578,16895.0,2.509481907914246,close_unstuck_long
4499,739607,TIA,8.775075654578192,-0.0870774,21871.582041065776,0.0,21871.582041065776,1.0,-170.0,2.5611,16725.0,2.509481907914246,close_unstuck_long
4500,739608,TIA,9.540075654578146,-0.0872304,21881.034886320354,0.0,21881.034886320354,1.0,-170.0,2.5656,16555.0,2.509481907914246,close_unstuck_long
4501,739609,TIA,10.237075654578183,-0.0873698,21891.184592174934,0.0,21891.184592174934,1.0,-170.0,2.5697,16385.0,2.509481907914246,close_unstuck_long
4502,739610,TIA,11.444357562492401,-0.08710936,21902.541840377427,0.0,21902.541840377427,1.0,-169.0,2.5772,16216.0,2.509481907914246,close_unstuck_long
4503,739611,TIA,12.796357562492403,-0.08737976,21915.25081817992,0.0,21915.25081817992,1.0,-169.0,2.5852,16047.0,2.509481907914246,close_unstuck_long
4504,739612,TIA,12.99915756249238,-0.08742032,21928.162555422412,0.0,21928.162555422412,1.0,-169.0,2.5864,15878.0,2.509481907914246,close_unstuck_long
4505,739613,TIA,12.847057562492434,-0.0873899,21940.922223084905,0.0,21940.922223084905,1.0,-169.0,2.5855,15709.0,2.509481907914246,close_unstuck_long
4506,739614,TIA,12.390757562492448,-0.08729864000000001,21953.225682007396,0.0,21953.225682007396,1.0,-169.0,2.5828,15540.0,2.509481907914246,close_unstuck_long
4507,739615,TIA,12.209075654578193,-0.08776420000000001,21965.346993461975,0.0,21965.346993461975,1.0,-170.0,2.5813,15370.0,2.509481907914246,close_unstuck_long
4508,739616,TIA,11.37607565457817,-0.0875976,21976.635471516554,0.0,21976.635471516554,1.0,-170.0,2.5764,15200.0,2.509481907914246,close_unstuck_long
4509,740657,TIA,0.0,-1.1617133,21975.473758216554,0.0,21975.473758216554,1.0,2281.0,2.5465,17481.0,2.5143121961155845,entry_trailing_cropped_long
4510,740659,TIA,4.676302268119475,-0.08742760000000001,21980.062632884674,0.0,21980.062632884674,1.0,-172.0,2.5415,17309.0,2.5143121961155845,close_unstuck_long
4511,740660,TIA,4.693502268119435,-0.08743104,21984.66870411279,0.0,21984.66870411279,1.0,-172.0,2.5416,17137.0,2.5143121961155845,close_unstuck_long
4512,740661,TIA,4.357490072003852,-0.08786669999999999,21988.938327484797,0.0,21988.938327484797,1.0,-173.0,2.5395,16964.0,2.5143121961155845,close_unstuck_long
4513,740662,TIA,5.089102268119429,-0.08751016,21993.939919592915,0.0,21993.939919592915,1.0,-172.0,2.5439,16792.0,2.5143121961155845,close_unstuck_long
4514,740665,TIA,4.184490072003871,-0.08783210000000001,21998.03657756492,0.0,21998.03657756492,1.0,-173.0,2.5385,16619.0,2.5143121961155845,close_unstuck_long
4515,740667,TIA,2.6620900720038847,-0.08752762,22000.61114001692,0.0,22000.61114001692,1.0,-173.0,2.5297,16446.0,2.5143121961155845,close_unstuck_long
4516,740668,TIA,2.4164778758882903,-0.08798136,22002.93963653281,0.0,22002.93963653281,1.0,-174.0,2.5282,16272.0,2.5143121961155845,close_unstuck_long
4517,740669,TIA,2.294677875888265,-0.087957,22005.1463574087,0.0,22005.1463574087,1.0,-174.0,2.5275,16098.0,2.5143121961155845,close_unstuck_long
4518,740670,TIA,2.085877875888288,-0.08791523999999999,22007.144320044586,0.0,22007.144320044586,1.0,-174.0,2.5263,15924.0,2.5143121961155845,close_unstuck_long
4519,740671,TIA,2.9215900720038945,-0.08757952000000001,22009.97833059659,0.0,22009.97833059659,1.0,-173.0,2.5312,15751.0,2.5143121961155845,close_unstuck_long
4520,740672,TIA,2.2076778758883133,-0.0879396,22012.098068872478,0.0,22012.098068872478,1.0,-174.0,2.527,15577.0,2.5143121961155845,close_unstuck_long
4521,740673,TIA,1.7378778758883264,-0.08784564,22013.748101108366,0.0,22013.748101108366,1.0,-174.0,2.5243,15403.0,2.5143121961155845,close_unstuck_long
4522,740674,TIA,1.6160778758883012,-0.08782128,22015.276357704253,0.0,22015.276357704253,1.0,-174.0,2.5236,15229.0,2.5143121961155845,close_unstuck_long
4523,740675,TIA,1.6682778758882568,-0.08783172,22016.85680386014,0.0,22016.85680386014,1.0,-174.0,2.5239,15055.0,2.5143121961155845,close_unstuck_long
4524,743816,TIA,0.0,-1.23596768,22015.62083618014,0.0,22015.62083618014,1.0,2636.0,2.3444,17691.0,2.4889948851122115,entry_trailing_cropped_long
4525,743817,TIA,-27.226243515983555,-0.08764316,21988.306949504156,0.0,21988.306949504156,1.0,-187.0,2.3434,17504.0,2.4889948851122115,close_unstuck_long
4526,743818,TIA,-26.646543515983577,-0.08775909999999999,21961.572646888173,0.0,21961.572646888173,1.0,-187.0,2.3465,17317.0,2.4889948851122115,close_unstuck_long
4527,743819,TIA,-26.945743515983544,-0.08769926000000001,21934.53920411219,0.0,21934.53920411219,1.0,-187.0,2.3449,17130.0,2.4889948851122115,close_unstuck_long
4528,743820,TIA,-25.59264863087134,-0.08747208,21908.859083401316,0.0,21908.859083401316,1.0,-186.0,2.3514,16944.0,2.4889948851122115,close_unstuck_long
4529,743821,TIA,-25.667048630871335,-0.0874572,21883.104577570444,0.0,21883.104577570444,1.0,-186.0,2.351,16758.0,2.4889948851122115,close_unstuck_long
4530,743822,TIA,-24.881553745759152,-0.0871165,21858.135907324686,0.0,21858.135907324686,1.0,-185.0,2.3545,16573.0,2.4889948851122115,close_unstuck_long
4531,743824,TIA,-25.603053745759116,-0.0869722,21832.445881378928,0.0,21832.445881378928,1.0,-185.0,2.3506,16388.0,2.4889948851122115,close_unstuck_long
4532,743825,TIA,-27.303848630871318,-0.08712984,21805.054902908058,0.0,21805.054902908058,1.0,-186.0,2.3422,16202.0,2.4889948851122115,close_unstuck_long
4533,743826,TIA,-24.82605374575912,-0.0871276,21780.141721562297,0.0,21780.141721562297,1.0,-185.0,2.3548,16017.0,2.4889948851122115,close_unstuck_long
4534,743827,TIA,-27.78744863087135,-0.08703312,21752.267239811426,0.0,21752.267239811426,1.0,-186.0,2.3396,15831.0,2.4889948851122115,close_unstuck_long
4535,743828,TIA,-29.55444863087136,-0.08667972,21722.626111460555,0.0,21722.626111460555,1.0,-186.0,2.3301,15645.0,2.4889948851122115,close_unstuck_long
4536,743829,TIA,-30.540248630871293,-0.08648256000000001,21691.999380269684,0.0,21691.999380269684,1.0,-186.0,2.3248,15459.0,2.4889948851122115,close_unstuck_long
4537,743830,TIA,-29.61024863087131,-0.08666856,21662.302463078813,0.0,21662.302463078813,1.0,-186.0,2.3298,15273.0,2.4889948851122115,close_unstuck_long
4538,743831,TIA,-30.075248630871304,-0.08657556000000001,21632.14063888794,0.0,21632.14063888794,1.0,-186.0,2.3273,15087.0,2.4889948851122115,close_unstuck_long
4539,744770,TIA,0.0,-1.1427532200000001,21630.99788566794,0.0,21630.99788566794,1.0,2393.0,2.3877,17480.0,2.4751276848791726,entry_trailing_cropped_long
4540,744771,TIA,-15.679610963130221,-0.0864637,21615.23181100481,0.0,21615.23181100481,1.0,-181.0,2.3885,17299.0,2.4751276848791726,close_unstuck_long
4541,744772,TIA,-15.106983278251063,-0.0860832,21600.03874452656,0.0,21600.03874452656,1.0,-180.0,2.3912,17119.0,2.4751276848791726,close_unstuck_long
4542,744774,TIA,-15.898983278251055,-0.08592480000000001,21584.053836448307,0.0,21584.053836448307,1.0,-180.0,2.3868,16939.0,2.4751276848791726,close_unstuck_long
4543,744775,TIA,-16.675110963130233,-0.0862646,21567.292460885175,0.0,21567.292460885175,1.0,-181.0,2.383,16758.0,2.4751276848791726,close_unstuck_long
4544,744776,TIA,-16.49298327825103,-0.08580600000000001,21550.713671606925,0.0,21550.713671606925,1.0,-180.0,2.3835,16578.0,2.4751276848791726,close_unstuck_long
4545,744777,TIA,-16.546983278251062,-0.0857952,21534.080893128674,0.0,21534.080893128674,1.0,-180.0,2.3832,16398.0,2.4751276848791726,close_unstuck_long
4546,744778,TIA,-12.106682088929936,-0.06341706000000001,21521.910793979743,0.0,21521.910793979743,1.0,-133.0,2.3841,16265.0,2.4751276848791726,close_unstuck_long
4547,744779,TIA,-0.28088305463751784,-0.0014289,21521.628482025106,0.0,21521.628482025106,1.0,-3.0,2.3815,16262.0,2.4751276848791726,close_unstuck_long
4548,747007,TIA,0.0,-0.5586720000000001,21521.069810025107,0.0,21521.069810025107,1.0,1130.0,2.472,17392.0,2.474924471682676,entry_trailing_cropped_long
4549,752520,TIA,750.8741628474895,-1.30992444,22270.634048432596,0.0,22270.634048432596,1.0,-2343.0,2.7954,15049.0,2.474924471682676,close_trailing_long
4550,752664,TIA,663.1470806411928,-1.3324728,22932.448656273787,0.0,22932.448656273787,1.0,-2424.0,2.7485,12625.0,2.474924471682676,close_trailing_long
4551,752854,TIA,733.0141186800407,-1.3820851200000002,23664.080689833827,0.0,23664.080689833827,1.0,-2496.0,2.7686,10129.0,2.474924471682676,close_trailing_long
4552,753287,TIA,753.4169609454259,-1.42576448,24416.071886299254,0.0,24416.071886299254,1.0,-2576.0,2.7674,7553.0,2.474924471682676,close_trailing_long
4553,753631,TIA,1888.8204653807477,-4.116385,26300.77596668,0.0,26300.77596668,1.0,-7553.0,2.725,0.0,2.474924471682676,close_grid_long
4554,753632,TIA,0.0,-0.16808176000000002,26300.607884920002,0.0,26300.607884920002,1.0,308.0,2.7286,308.0,2.7286,entry_initial_normal_long
4555,753633,TIA,3.4803999999999586,-0.16877784,26303.91950708,0.0,26303.91950708,1.0,-308.0,2.7399,0.0,2.7286,close_grid_long
4556,753634,TIA,0.0,-0.16853760000000004,26303.750969480003,0.0,26303.750969480003,1.0,308.0,2.736,308.0,2.736,entry_initial_normal_long
4557,753638,TIA,3.4803999999999586,-0.16923368000000003,26307.062135800003,0.0,26307.062135800003,1.0,-308.0,2.7473,0.0,2.736,close_grid_long
4558,753639,TIA,0.0,-0.16859212,26306.893543680002,0.0,26306.893543680002,1.0,307.0,2.7458,307.0,2.7458,entry_initial_normal_long
4559,753669,TIA,3.4690999999999588,-0.16928594,26310.19335774,0.0,26310.19335774,1.0,-307.0,2.7571,0.0,2.7458,close_grid_long
4560,753670,TIA,0.0,-0.16825020000000002,26310.02510754,0.0,26310.02510754,1.0,305.0,2.7582,305.0,2.7582,entry_initial_normal_long
4561,753685,TIA,3.4770000000000234,-0.16894560000000003,26313.33316194,0.0,26313.33316194,1.0,-305.0,2.7696,0.0,2.7582,close_grid_long
4562,753686,TIA,0.0,-0.16864669999999998,26313.16451524,0.0,26313.16451524,1.0,305.0,2.7647,305.0,2.7647,entry_initial_normal_long
4563,753704,TIA,3.4770000000000234,-0.16934210000000002,26316.472173140002,0.0,26316.472173140002,1.0,-305.0,2.7761,0.0,2.7647,close_grid_long
4564,753705,TIA,0.0,-0.16844982,26316.30372332,0.0,26316.30372332,1.0,303.0,2.7797,303.0,2.7797,entry_initial_normal_long
4565,753717,TIA,3.4844999999999526,-0.16914672,26319.6190766,0.0,26319.6190766,1.0,-303.0,2.7912,0.0,2.7797,close_grid_long
4566,753720,TIA,0.0,-0.16817172000000002,26319.45090488,0.0,26319.45090488,1.0,302.0,2.7843,302.0,2.7843,entry_initial_normal_long
4567,753743,TIA,3.472999999999953,-0.16886632000000001,26322.75503856,0.0,26322.75503856,1.0,-302.0,2.7958,0.0,2.7843,close_grid_long
4568,753754,TIA,0.0,-0.16821400000000003,26322.58682456,0.0,26322.58682456,1.0,302.0,2.785,302.0,2.785,entry_initial_normal_long
4569,753763,TIA,3.472999999999953,-0.16890860000000002,26325.89091596,0.0,26325.89091596,1.0,-302.0,2.7965,0.0,2.785,close_grid_long
4570,753769,TIA,0.0,-0.16823816000000003,26325.7226778,0.0,26325.7226778,1.0,302.0,2.7854,302.0,2.7854,entry_initial_normal_long
4571,753871,TIA,3.472999999999953,-0.16893276000000002,26329.02674504,0.0,26329.02674504,1.0,-302.0,2.7969,0.0,2.7854,close_grid_long
4572,754164,TIA,0.0,-0.16828318,26328.85846186,0.0,26328.85846186,1.0,299.0,2.8141,299.0,2.8141,entry_initial_normal_long
4573,754165,TIA,3.4684000000000164,-0.16897686,26332.157885,0.0,26332.157885,1.0,-299.0,2.8257,0.0,2.8141,close_grid_long
4574,754183,TIA,0.0,-0.16832504,26331.989559960002,0.0,26331.989559960002,1.0,299.0,2.8148,299.0,2.8148,entry_initial_normal_long
4575,754194,TIA,3.4684000000000164,-0.16901872,26335.288941240004,0.0,26335.288941240004,1.0,-299.0,2.8264,0.0,2.8148,close_grid_long
4576,754239,TIA,0.0,-0.16844464,26335.120496600004,0.0,26335.120496600004,1.0,299.0,2.8168,299.0,2.8168,entry_initial_normal_long
4577,754250,TIA,3.4683999999998836,-0.16913832,26338.419758280004,0.0,26338.419758280004,1.0,-299.0,2.8284,0.0,2.8168,close_grid_long
4578,754689,TIA,0.0,-0.16870788,26338.251050400006,0.0,26338.251050400006,1.0,297.0,2.8402,297.0,2.8402,entry_initial_normal_long
4579,754927,TIA,3.474900000000079,-0.16940286000000002,26341.556547540007,0.0,26341.556547540007,1.0,-297.0,2.8519,0.0,2.8402,close_grid_long
4580,755330,TIA,0.0,-0.16845612000000001,26341.388091420005,0.0,26341.388091420005,1.0,294.0,2.8649,294.0,2.8649,entry_initial_normal_long
4581,755407,TIA,3.4692000000000096,-0.16914996000000002,26344.688141460007,0.0,26344.688141460007,1.0,-294.0,2.8767,0.0,2.8649,close_grid_long
4582,755412,TIA,0.0,-0.16850904,26344.519632420008,0.0,26344.519632420008,1.0,294.0,2.8658,294.0,2.8658,entry_initial_normal_long
4583,755413,TIA,4.027800000000013,-0.16931460000000004,26348.378117820008,0.0,26348.378117820008,1.0,-294.0,2.8795,0.0,2.8658,close_grid_long
4584,755416,TIA,0.0,-0.16852080000000003,26348.209597020006,0.0,26348.209597020006,1.0,294.0,2.866,294.0,2.866,entry_initial_normal_long
4585,755444,TIA,3.4692000000000096,-0.16921464000000003,26351.509582380007,0.0,26351.509582380007,1.0,-294.0,2.8778,0.0,2.866,close_grid_long
4586,755485,TIA,0.0,-0.16863840000000002,26351.34094398001,0.0,26351.34094398001,1.0,294.0,2.868,294.0,2.868,entry_initial_normal_long
4587,755607,TIA,3.4692000000000096,-0.16933224000000002,26354.64081174001,0.0,26354.64081174001,1.0,-294.0,2.8798,0.0,2.868,close_grid_long
4588,755610,TIA,0.0,-0.16866192,26354.47214982001,0.0,26354.47214982001,1.0,294.0,2.8684,294.0,2.8684,entry_initial_normal_long
4589,755828,TIA,3.4692000000000096,-0.16935576,26357.771994060007,0.0,26357.771994060007,1.0,-294.0,2.8802,0.0,2.8684,close_grid_long
4590,755841,TIA,0.0,-0.16855608,26357.603437980008,0.0,26357.603437980008,1.0,294.0,2.8666,294.0,2.8666,entry_initial_normal_long
4591,755905,TIA,3.4692000000000096,-0.16924992,26360.903388060007,0.0,26360.903388060007,1.0,-294.0,2.8784,0.0,2.8666,close_grid_long
4592,755956,TIA,0.0,-0.1687266,26360.734661460006,0.0,26360.734661460006,1.0,294.0,2.8695,294.0,2.8695,entry_initial_normal_long
4593,756020,TIA,3.4692000000000096,-0.16942044,26364.034441020005,0.0,26364.034441020005,1.0,-294.0,2.8813,0.0,2.8695,close_grid_long
4594,756310,TIA,0.0,-0.16891616,26363.865524860004,0.0,26363.865524860004,1.0,292.0,2.8924,292.0,2.8924,entry_initial_normal_long
4595,756313,TIA,3.474800000000071,-0.16961112,26367.170713740004,0.0,26367.170713740004,1.0,-292.0,2.9043,0.0,2.8924,close_grid_long
4596,756326,TIA,0.0,-0.16894536000000002,26367.001768380003,0.0,26367.001768380003,1.0,292.0,2.8929,292.0,2.8929,entry_initial_normal_long
4597,756328,TIA,3.4747999999999415,-0.16964032,26370.306928060003,0.0,26370.306928060003,1.0,-292.0,2.9048,0.0,2.8929,close_grid_long
4598,756525,TIA,0.0,-0.168606,26370.138322060004,0.0,26370.138322060004,1.0,290.0,2.907,290.0,2.907,entry_initial_normal_long
4599,756528,TIA,3.480000000000003,-0.169302,26373.449020060005,0.0,26373.449020060005,1.0,-290.0,2.919,0.0,2.907,close_grid_long
4600,756531,TIA,0.0,-0.1686176,26373.280402460005,0.0,26373.280402460005,1.0,290.0,2.9072,290.0,2.9072,entry_initial_normal_long
4601,756607,TIA,3.480000000000003,-0.1693136,26376.591088860005,0.0,26376.591088860005,1.0,-290.0,2.9192,0.0,2.9072,close_grid_long
4602,756616,TIA,0.0,-0.168693,26376.422395860005,0.0,26376.422395860005,1.0,290.0,2.9085,290.0,2.9085,entry_initial_normal_long
4603,757414,TIA,3.480000000000003,-0.169389,26379.733006860006,0.0,26379.733006860006,1.0,-290.0,2.9205,0.0,2.9085,close_grid_long
4604,757507,TIA,0.0,-0.1685422,26379.564464660005,0.0,26379.564464660005,1.0,290.0,2.9059,290.0,2.9059,entry_initial_normal_long
4605,759045,TIA,3.480000000000003,-0.1692382,26382.875226460004,0.0,26382.875226460004,1.0,-290.0,2.9179,0.0,2.9059,close_grid_long
4606,759172,TIA,0.0,-0.16871526000000003,26382.706511200005,0.0,26382.706511200005,1.0,293.0,2.8791,293.0,2.8791,entry_initial_normal_long
4607,759220,TIA,3.4866999999999413,-0.1694126,26386.023798600007,0.0,26386.023798600007,1.0,-293.0,2.891,0.0,2.8791,close_grid_long
4608,759225,TIA,0.0,-0.16879144,26385.855007160008,0.0,26385.855007160008,1.0,293.0,2.8804,293.0,2.8804,entry_initial_normal_long
4609,759245,TIA,3.4867000000000714,-0.16948878,26389.17221838001,0.0,26389.17221838001,1.0,-293.0,2.8923,0.0,2.8804,close_grid_long
4610,759501,TIA,0.0,-0.16898370000000004,26389.003234680007,0.0,26389.003234680007,1.0,291.0,2.9035,291.0,2.9035,entry_initial_normal_long
4611,759509,TIA,3.492000000000003,-0.16968210000000003,26392.32555258001,0.0,26392.32555258001,1.0,-291.0,2.9155,0.0,2.9035,close_grid_long
4612,759689,TIA,0.0,-0.1690874,26392.156465180007,0.0,26392.156465180007,1.0,290.0,2.9153,290.0,2.9153,entry_initial_normal_long
4613,760249,TIA,3.480000000000003,-0.1697834,26395.466681780006,0.0,26395.466681780006,1.0,-290.0,2.9273,0.0,2.9153,close_grid_long
4614,760435,TIA,0.0,-0.1689424,26395.297739380007,0.0,26395.297739380007,1.0,290.0,2.9128,290.0,2.9128,entry_initial_normal_long
4615,760458,TIA,3.480000000000003,-0.16963840000000002,26398.608100980007,0.0,26398.608100980007,1.0,-290.0,2.9248,0.0,2.9128,close_grid_long
4616,760601,TIA,0.0,-0.1687182,26398.43938278001,0.0,26398.43938278001,1.0,289.0,2.919,289.0,2.919,entry_initial_normal_long
4617,760700,TIA,3.468000000000003,-0.1694118,26401.737970980008,0.0,26401.737970980008,1.0,-289.0,2.931,0.0,2.919,close_grid_long
4618,760867,TIA,0.0,-0.16916904,26401.568801940008,0.0,26401.568801940008,1.0,289.0,2.9268,289.0,2.9268,entry_initial_normal_long
4619,760880,TIA,3.4968999999999357,-0.16986842,26404.895833520008,0.0,26404.895833520008,1.0,-289.0,2.9389,0.0,2.9268,close_grid_long
4620,760883,TIA,0.0,-0.16919216,26404.72664136001,0.0,26404.72664136001,1.0,289.0,2.9272,289.0,2.9272,entry_initial_normal_long
4621,762596,TIA,0.0,-0.15184638,26404.57479498001,0.0,26404.57479498001,1.0,289.0,2.6271,578.0,2.77715,entry_grid_normal_long
4622,766777,TIA,0.0,-0.19987560000000001,26404.37491938001,0.0,26404.37491938001,1.0,405.0,2.4676,983.0,2.6496141403865714,entry_grid_normal_long
4623,771044,TIA,0.0,-0.318544,26404.05637538001,0.0,26404.05637538001,1.0,688.0,2.315,1671.0,2.5118436265709154,entry_grid_normal_long
4624,773529,TIA,18.80940000000016,-0.84322002,26422.02255536001,0.0,26422.02255536001,1.0,-1671.0,2.5231,0.0,2.5118436265709154,close_grid_long
4625,778008,TIA,0.0,-0.16921344000000002,26421.85334192001,0.0,26421.85334192001,1.0,264.0,3.2048,264.0,3.2048,entry_initial_normal_long
4626,778263,TIA,3.484799999999968,-0.16991040000000002,26425.16823152001,0.0,26425.16823152001,1.0,-264.0,3.218,0.0,3.2048,close_grid_long
4627,778271,TIA,0.0,-0.16901808,26424.99921344001,0.0,26424.99921344001,1.0,264.0,3.2011,264.0,3.2011,entry_initial_normal_long
4628,778328,TIA,3.484800000000085,-0.16971504,26428.314298400008,0.0,26428.314298400008,1.0,-264.0,3.2143,0.0,3.2011,close_grid_long
4629,778335,TIA,0.0,-0.16907616,26428.145222240008,0.0,26428.145222240008,1.0,264.0,3.2022,264.0,3.2022,entry_initial_normal_long
4630,778337,TIA,3.484799999999968,-0.16977312,26431.460249120006,0.0,26431.460249120006,1.0,-264.0,3.2154,0.0,3.2022,close_grid_long
4631,778338,TIA,0.0,-0.16907088,26431.291178240004,0.0,26431.291178240004,1.0,264.0,3.2021,264.0,3.2021,entry_initial_normal_long
4632,778353,TIA,3.484799999999968,-0.16976784,26434.606210400005,0.0,26434.606210400005,1.0,-264.0,3.2153,0.0,3.2021,close_grid_long
4633,778404,TIA,0.0,-0.16922928,26434.436981120005,0.0,26434.436981120005,1.0,264.0,3.2051,264.0,3.2051,entry_initial_normal_long
4634,778509,TIA,3.484800000000085,-0.16992624,26437.751854880004,0.0,26437.751854880004,1.0,-264.0,3.2183,0.0,3.2051,close_grid_long
4635,778524,TIA,0.0,-0.16924512,26437.582609760004,0.0,26437.582609760004,1.0,264.0,3.2054,264.0,3.2054,entry_initial_normal_long
4636,778653,TIA,3.484799999999968,-0.16994208,26440.897467680003,0.0,26440.897467680003,1.0,-264.0,3.2186,0.0,3.2054,close_grid_long
4637,778666,TIA,0.0,-0.16918704,26440.728280640004,0.0,26440.728280640004,1.0,264.0,3.2043,264.0,3.2043,entry_initial_normal_long
4638,778667,TIA,3.484799999999968,-0.169884,26444.043196640003,0.0,26444.043196640003,1.0,-264.0,3.2175,0.0,3.2043,close_grid_long
4639,778678,TIA,0.0,-0.16921344000000002,26443.873983200003,0.0,26443.873983200003,1.0,264.0,3.2048,264.0,3.2048,entry_initial_normal_long
4640,778722,TIA,3.484799999999968,-0.16991040000000002,26447.1888728,0.0,26447.1888728,1.0,-264.0,3.218,0.0,3.2048,close_grid_long
4641,778748,TIA,0.0,-0.16928208000000003,26447.01959072,0.0,26447.01959072,1.0,264.0,3.2061,264.0,3.2061,entry_initial_normal_long
4642,778750,TIA,3.484799999999968,-0.16997904000000003,26450.33441168,0.0,26450.33441168,1.0,-264.0,3.2193,0.0,3.2061,close_grid_long
4643,778762,TIA,0.0,-0.16930847999999998,26450.1651032,0.0,26450.1651032,1.0,264.0,3.2066,264.0,3.2066,entry_initial_normal_long
4644,778771,TIA,3.484800000000085,-0.17000544000000004,26453.47989776,0.0,26453.47989776,1.0,-264.0,3.2198,0.0,3.2066,close_grid_long
4645,778783,TIA,0.0,-0.16934544,26453.31055232,0.0,26453.31055232,1.0,264.0,3.2073,264.0,3.2073,entry_initial_normal_long
4646,778919,TIA,3.484799999999968,-0.1700424,26456.62530992,0.0,26456.62530992,1.0,-264.0,3.2205,0.0,3.2073,close_grid_long
4647,778921,TIA,0.0,-0.16944048,26456.45586944,0.0,26456.45586944,1.0,264.0,3.2091,264.0,3.2091,entry_initial_normal_long
4648,778922,TIA,3.484800000000085,-0.17013744000000003,26459.770532,0.0,26459.770532,1.0,-264.0,3.2223,0.0,3.2091,close_grid_long
4649,778924,TIA,0.0,-0.16944576,26459.60108624,0.0,26459.60108624,1.0,264.0,3.2092,264.0,3.2092,entry_initial_normal_long
4650,778998,TIA,3.484799999999968,-0.17014272,26462.91574352,0.0,26462.91574352,1.0,-264.0,3.2224,0.0,3.2092,close_grid_long
4651,779012,TIA,0.0,-0.16949328000000002,26462.74625024,0.0,26462.74625024,1.0,264.0,3.2101,264.0,3.2101,entry_initial_normal_long
4652,779065,TIA,3.484799999999968,-0.17019024,26466.06086,0.0,26466.06086,1.0,-264.0,3.2233,0.0,3.2101,close_grid_long
4653,779085,TIA,0.0,-0.16959888,26465.891261120003,0.0,26465.891261120003,1.0,264.0,3.2121,264.0,3.2121,entry_initial_normal_long
4654,779094,TIA,3.484799999999968,-0.17029584,26469.205765280003,0.0,26469.205765280003,1.0,-264.0,3.2253,0.0,3.2121,close_grid_long
4655,779121,TIA,0.0,-0.1696992,26469.036066080003,0.0,26469.036066080003,1.0,264.0,3.214,264.0,3.214,entry_initial_normal_long
4656,779123,TIA,3.484799999999968,-0.17039616,26472.350469920002,0.0,26472.350469920002,1.0,-264.0,3.2272,0.0,3.214,close_grid_long
4657,779124,TIA,0.0,-0.16970448000000002,26472.180765440004,0.0,26472.180765440004,1.0,264.0,3.2141,264.0,3.2141,entry_initial_normal_long
4658,779164,TIA,3.484799999999968,-0.17040144000000002,26475.495164000004,0.0,26475.495164000004,1.0,-264.0,3.2273,0.0,3.2141,close_grid_long
4659,779168,TIA,0.0,-0.16970448000000002,26475.325459520005,0.0,26475.325459520005,1.0,264.0,3.2141,264.0,3.2141,entry_initial_normal_long
4660,779169,TIA,3.484799999999968,-0.17040144000000002,26478.639858080005,0.0,26478.639858080005,1.0,-264.0,3.2273,0.0,3.2141,close_grid_long
4661,779173,TIA,0.0,-0.16970976000000002,26478.470148320004,0.0,26478.470148320004,1.0,264.0,3.2142,264.0,3.2142,entry_initial_normal_long
4662,779178,TIA,3.484799999999968,-0.17040672,26481.784541600005,0.0,26481.784541600005,1.0,-264.0,3.2274,0.0,3.2142,close_grid_long
4663,779189,TIA,0.0,-0.16974144,26481.614800160005,0.0,26481.614800160005,1.0,264.0,3.2148,264.0,3.2148,entry_initial_normal_long
4664,779190,TIA,3.484800000000085,-0.17043840000000002,26484.929161760007,0.0,26484.929161760007,1.0,-264.0,3.228,0.0,3.2148,close_grid_long
4665,779201,TIA,0.0,-0.16976256,26484.759399200007,0.0,26484.759399200007,1.0,264.0,3.2152,264.0,3.2152,entry_initial_normal_long
4666,779206,TIA,3.484800000000085,-0.17045952,26488.073739680007,0.0,26488.073739680007,1.0,-264.0,3.2284,0.0,3.2152,close_grid_long
4667,779209,TIA,0.0,-0.16977840000000002,26487.903961280008,0.0,26487.903961280008,1.0,264.0,3.2155,264.0,3.2155,entry_initial_normal_long
4668,779242,TIA,3.484799999999968,-0.17047536000000002,26491.218285920007,0.0,26491.218285920007,1.0,-264.0,3.2287,0.0,3.2155,close_grid_long
4669,779257,TIA,0.0,-0.16983648,26491.048449440008,0.0,26491.048449440008,1.0,264.0,3.2166,264.0,3.2166,entry_initial_normal_long
4670,779279,TIA,3.484799999999968,-0.17053344,26494.362716000007,0.0,26494.362716000007,1.0,-264.0,3.2298,0.0,3.2166,close_grid_long
4671,779307,TIA,0.0,-0.16928784000000002,26494.193428160008,0.0,26494.193428160008,1.0,263.0,3.2184,263.0,3.2184,entry_initial_normal_long
4672,779311,TIA,3.471599999999968,-0.16998216,26497.495046000007,0.0,26497.495046000007,1.0,-263.0,3.2316,0.0,3.2184,close_grid_long
4673,779312,TIA,0.0,-0.16929836,26497.325747640007,0.0,26497.325747640007,1.0,263.0,3.2186,263.0,3.2186,entry_initial_normal_long
4674,779316,TIA,3.471599999999968,-0.16999268,26500.62735496001,0.0,26500.62735496001,1.0,-263.0,3.2318,0.0,3.2186,close_grid_long
4675,779352,TIA,0.0,-0.16940356000000004,26500.457951400007,0.0,26500.457951400007,1.0,263.0,3.2206,263.0,3.2206,entry_initial_normal_long
4676,779425,TIA,3.471599999999968,-0.17009788,26503.759453520008,0.0,26503.759453520008,1.0,-263.0,3.2338,0.0,3.2206,close_grid_long
4677,779437,TIA,0.0,-0.16946668,26503.58998684001,0.0,26503.58998684001,1.0,263.0,3.2218,263.0,3.2218,entry_initial_normal_long
4678,779444,TIA,3.471599999999968,-0.170161,26506.891425840007,0.0,26506.891425840007,1.0,-263.0,3.235,0.0,3.2218,close_grid_long
4679,779531,TIA,0.0,-0.16994534000000003,26506.721480500008,0.0,26506.721480500008,1.0,263.0,3.2309,263.0,3.2309,entry_initial_normal_long
4680,779536,TIA,3.4979000000000235,-0.17064492,26510.048735580007,0.0,26510.048735580007,1.0,-263.0,3.2442,0.0,3.2309,close_grid_long
4681,779543,TIA,0.0,-0.16996638,26509.878769200008,0.0,26509.878769200008,1.0,263.0,3.2313,263.0,3.2313,entry_initial_normal_long
4682,779546,TIA,3.4979000000000235,-0.17066596000000003,26513.206003240008,0.0,26513.206003240008,1.0,-263.0,3.2446,0.0,3.2313,close_grid_long
4683,779548,TIA,0.0,-0.16997164,26513.036031600008,0.0,26513.036031600008,1.0,263.0,3.2314,263.0,3.2314,entry_initial_normal_long
4684,779550,TIA,3.4979000000000235,-0.17067122,26516.363260380007,0.0,26516.363260380007,1.0,-263.0,3.2447,0.0,3.2314,close_grid_long
4685,779643,TIA,0.0,-0.16974456000000002,26516.193515820007,0.0,26516.193515820007,1.0,262.0,3.2394,262.0,3.2394,entry_initial_normal_long
4686,779645,TIA,3.4846000000000235,-0.17044148,26519.507674340006,0.0,26519.507674340006,1.0,-262.0,3.2527,0.0,3.2394,close_grid_long
4687,779646,TIA,0.0,-0.1697498,26519.337924540006,0.0,26519.337924540006,1.0,262.0,3.2395,262.0,3.2395,entry_initial_normal_long
4688,779668,TIA,3.4846000000000235,-0.17044672000000002,26522.652077820007,0.0,26522.652077820007,1.0,-262.0,3.2528,0.0,3.2395,close_grid_long
4689,779672,TIA,0.0,-0.16978124,26522.482296580005,0.0,26522.482296580005,1.0,262.0,3.2401,262.0,3.2401,entry_initial_normal_long
4690,779679,TIA,3.4846000000000235,-0.17047816000000002,26525.796418420006,0.0,26525.796418420006,1.0,-262.0,3.2534,0.0,3.2401,close_grid_long
4691,779685,TIA,0.0,-0.16980220000000001,26525.626616220008,0.0,26525.626616220008,1.0,262.0,3.2405,262.0,3.2405,entry_initial_normal_long
4692,779689,TIA,3.4846000000000235,-0.17049912,26528.94071710001,0.0,26528.94071710001,1.0,-262.0,3.2538,0.0,3.2405,close_grid_long
4693,779713,TIA,0.0,-0.1698546,26528.77086250001,0.0,26528.77086250001,1.0,262.0,3.2415,262.0,3.2415,entry_initial_normal_long
4694,779835,TIA,3.4846000000000235,-0.17055152,26532.084910980007,0.0,26532.084910980007,1.0,-262.0,3.2548,0.0,3.2415,close_grid_long
4695,779838,TIA,0.0,-0.16984936,26531.915061620006,0.0,26531.915061620006,1.0,262.0,3.2414,262.0,3.2414,entry_initial_normal_long
4696,779846,TIA,3.4846000000000235,-0.17054628000000002,26535.229115340007,0.0,26535.229115340007,1.0,-262.0,3.2547,0.0,3.2414,close_grid_long
4697,779850,TIA,0.0,-0.16987032,26535.059245020006,0.0,26535.059245020006,1.0,262.0,3.2418,262.0,3.2418,entry_initial_normal_long
4698,779852,TIA,3.4846000000000235,-0.17056724000000004,26538.373277780007,0.0,26538.373277780007,1.0,-262.0,3.2551,0.0,3.2418,close_grid_long
4699,779855,TIA,0.0,-0.16987556,26538.203402220006,0.0,26538.203402220006,1.0,262.0,3.2419,262.0,3.2419,entry_initial_normal_long
4700,779872,TIA,3.4846000000000235,-0.17057248,26541.517429740004,0.0,26541.517429740004,1.0,-262.0,3.2552,0.0,3.2419,close_grid_long
4701,779875,TIA,0.0,-0.16988604000000002,26541.347543700005,0.0,26541.347543700005,1.0,262.0,3.2421,262.0,3.2421,entry_initial_normal_long
4702,779885,TIA,3.484599999999907,-0.17058296,26544.661560740005,0.0,26544.661560740005,1.0,-262.0,3.2554,0.0,3.2421,close_grid_long
4703,779890,TIA,0.0,-0.16990700000000003,26544.491653740006,0.0,26544.491653740006,1.0,262.0,3.2425,262.0,3.2425,entry_initial_normal_long
4704,781452,TIA,3.484599999999907,-0.17060392,26547.805649820006,0.0,26547.805649820006,1.0,-262.0,3.2558,0.0,3.2425,close_grid_long
4705,782328,TIA,0.0,-0.1698004,26547.635849420007,0.0,26547.635849420007,1.0,259.0,3.278,259.0,3.278,entry_initial_normal_long
4706,782330,TIA,3.4965000000000175,-0.1704997,26550.961849720006,0.0,26550.961849720006,1.0,-259.0,3.2915,0.0,3.278,close_grid_long
4707,782341,TIA,0.0,-0.1698263,26550.792023420006,0.0,26550.792023420006,1.0,259.0,3.2785,259.0,3.2785,entry_initial_normal_long
4708,783752,TIA,0.0,-0.14916846,26550.642854960006,0.0,26550.642854960006,1.0,259.0,2.8797,518.0,3.0791000000000004,entry_grid_normal_long
4709,786167,TIA,0.0,-0.19331927999999998,26550.449535680007,0.0,26550.449535680007,1.0,363.0,2.6628,881.0,2.9075711691259936,entry_grid_normal_long
4710,795012,TIA,11.037899999999798,-0.51452162,26560.972914060007,0.0,26560.972914060007,1.0,-881.0,2.9201,0.0,2.9075711691259936,close_grid_long
4711,795592,TIA,0.0,-0.17011120000000002,26560.802802860006,0.0,26560.802802860006,1.0,296.0,2.8735,296.0,2.8735,entry_initial_normal_long
4712,795594,TIA,3.4928000000000097,-0.17080976,26564.124793100007,0.0,26564.124793100007,1.0,-296.0,2.8853,0.0,2.8735,close_grid_long
4713,795596,TIA,0.0,-0.17011712,26563.954675980007,0.0,26563.954675980007,1.0,296.0,2.8736,296.0,2.8736,entry_initial_normal_long
4714,796286,TIA,0.0,-0.1491544,26563.80552158001,0.0,26563.80552158001,1.0,296.0,2.5195,592.0,2.6965500000000002,entry_grid_normal_long
4715,801437,TIA,6.7191999999998515,-0.32061536,26570.204106220008,0.0,26570.204106220008,1.0,-592.0,2.7079,0.0,2.6965500000000002,close_grid_long
4716,801511,TIA,0.0,-0.1701887,26570.033917520006,0.0,26570.033917520006,1.0,323.0,2.6345,323.0,2.6345,entry_initial_normal_long
4717,801523,TIA,3.520699999999971,-0.17089284000000002,26573.383724680007,0.0,26573.383724680007,1.0,-323.0,2.6454,0.0,2.6345,close_grid_long
4718,801543,TIA,0.0,-0.17024684000000004,26573.213477840007,0.0,26573.213477840007,1.0,323.0,2.6354,323.0,2.6354,entry_initial_normal_long
4719,801548,TIA,3.520699999999971,-0.17095098,26576.563226860006,0.0,26576.563226860006,1.0,-323.0,2.6463,0.0,2.6354,close_grid_long
4720,801815,TIA,0.0,-0.16998876000000002,26576.393238100005,0.0,26576.393238100005,1.0,321.0,2.6478,321.0,2.6478,entry_initial_normal_long
4721,801819,TIA,3.498899999999971,-0.17068854000000003,26579.721449560006,0.0,26579.721449560006,1.0,-321.0,2.6587,0.0,2.6478,close_grid_long
4722,801845,TIA,0.0,-0.17004012000000002,26579.551409440006,0.0,26579.551409440006,1.0,321.0,2.6486,321.0,2.6486,entry_initial_normal_long
4723,801853,TIA,3.498899999999971,-0.1707399,26582.879569540008,0.0,26582.879569540008,1.0,-321.0,2.6595,0.0,2.6486,close_grid_long
4724,801923,TIA,0.0,-0.17020062000000002,26582.70936892001,0.0,26582.70936892001,1.0,321.0,2.6511,321.0,2.6511,entry_initial_normal_long
4725,802122,TIA,3.5310000000000388,-0.17090682000000001,26586.069462100008,0.0,26586.069462100008,1.0,-321.0,2.6621,0.0,2.6511,close_grid_long
4726,802170,TIA,0.0,-0.17040606,26585.89905604001,0.0,26585.89905604001,1.0,321.0,2.6543,321.0,2.6543,entry_initial_normal_long
4727,802174,TIA,3.530999999999896,-0.17111226,26589.25894378001,0.0,26589.25894378001,1.0,-321.0,2.6653,0.0,2.6543,close_grid_long
4728,802199,TIA,0.0,-0.1699328,26589.08901098001,0.0,26589.08901098001,1.0,320.0,2.6552,320.0,2.6552,entry_initial_normal_long
4729,802366,TIA,3.5200000000000387,-0.1706368,26592.43837418001,0.0,26592.43837418001,1.0,-320.0,2.6662,0.0,2.6552,close_grid_long
4730,802375,TIA,0.0,-0.17003520000000003,26592.268338980008,0.0,26592.268338980008,1.0,320.0,2.6568,320.0,2.6568,entry_initial_normal_long
4731,802416,TIA,3.5200000000000387,-0.1707392,26595.61759978001,0.0,26595.61759978001,1.0,-320.0,2.6678,0.0,2.6568,close_grid_long
4732,802420,TIA,0.0,-0.1700736,26595.44752618001,0.0,26595.44752618001,1.0,320.0,2.6574,320.0,2.6574,entry_initial_normal_long
4733,802820,TIA,3.5200000000000387,-0.1707776,26598.79674858001,0.0,26598.79674858001,1.0,-320.0,2.6684,0.0,2.6574,close_grid_long
4734,802866,TIA,0.0,-0.17032902,26598.626419560012,0.0,26598.626419560012,1.0,321.0,2.6531,321.0,2.6531,entry_initial_normal_long
4735,802895,TIA,3.5310000000000388,-0.17103522000000002,26601.986384340013,0.0,26601.986384340013,1.0,-321.0,2.6641,0.0,2.6531,close_grid_long
4736,802898,TIA,0.0,-0.17036754,26601.816016800014,0.0,26601.816016800014,1.0,321.0,2.6537,321.0,2.6537,entry_initial_normal_long
4737,803576,TIA,3.530999999999896,-0.17107374,26605.175943060014,0.0,26605.175943060014,1.0,-321.0,2.6647,0.0,2.6537,close_grid_long
4738,803771,TIA,0.0,-0.17032436,26605.005618700015,0.0,26605.005618700015,1.0,323.0,2.6366,323.0,2.6366,entry_initial_normal_long
4739,805016,TIA,0.0,-0.15254644,26604.853072260015,0.0,26604.853072260015,1.0,323.0,2.3614,646.0,2.499,entry_grid_normal_long
4740,806321,TIA,0.0,-0.19845512,26604.654617140015,0.0,26604.654617140015,1.0,452.0,2.1953,1098.0,2.3739795992714026,entry_grid_normal_long
4741,814754,TIA,0.0,-0.31871974,26604.335897400015,0.0,26604.335897400015,1.0,769.0,2.0723,1867.0,2.249720567755758,entry_grid_normal_long
4742,816190,TIA,0.0,-0.37196196000000004,26603.963935440013,0.0,26603.963935440013,1.0,982.0,1.8939,2849.0,2.1270755001754997,entry_grid_cropped_long
4743,816672,TIA,0.0,-0.60150976,26603.362425680014,0.0,26603.362425680014,1.0,1504.0,1.9997,4353.0,2.083066138295428,entry_trailing_normal_long
4744,820363,TIA,0.0,-0.9424098000000001,26602.420015880012,0.0,26602.420015880012,1.0,2298.0,2.0505,6651.0,2.0718141482483836,entry_trailing_normal_long
4745,820629,TIA,76.39240000000012,-2.77120566,26676.041210220013,0.0,26676.041210220013,1.0,-6651.0,2.0833,0.0,2.0718141482483836,close_grid_long
4746,821165,TIA,0.0,-0.17069652000000002,26675.870513700014,0.0,26675.870513700014,1.0,411.0,2.0766,411.0,2.0766,entry_initial_normal_long
4747,821188,TIA,3.5345999999999758,-0.17140344000000002,26679.233710260014,0.0,26679.233710260014,1.0,-411.0,2.0852,0.0,2.0766,close_grid_long
4748,822759,TIA,0.0,-0.17086068000000001,26679.062849580016,0.0,26679.062849580016,1.0,393.0,2.1738,393.0,2.1738,entry_initial_normal_long
4749,822760,TIA,5.03039999999997,-0.17186676,26683.921382820015,0.0,26683.921382820015,1.0,-393.0,2.1866,0.0,2.1738,close_grid_long
4750,822765,TIA,0.0,-0.1708764,26683.750506420016,0.0,26683.750506420016,1.0,393.0,2.174,393.0,2.174,entry_initial_normal_long
4751,822766,TIA,3.497700000000051,-0.17157594,26687.076630480016,0.0,26687.076630480016,1.0,-393.0,2.1829,0.0,2.174,close_grid_long
4752,822769,TIA,0.0,-0.17088426000000004,26686.905746220018,0.0,26686.905746220018,1.0,393.0,2.1741,393.0,2.1741,entry_initial_normal_long
4753,822797,TIA,3.4976999999998766,-0.1715838,26690.231862420016,0.0,26690.231862420016,1.0,-393.0,2.183,0.0,2.1741,close_grid_long
4754,822815,TIA,0.0,-0.17094714000000003,26690.060915280017,0.0,26690.060915280017,1.0,393.0,2.1749,393.0,2.1749,entry_initial_normal_long
4755,822994,TIA,3.497700000000051,-0.17164668000000002,26693.386968600018,0.0,26693.386968600018,1.0,-393.0,2.1838,0.0,2.1749,close_grid_long
4756,823337,TIA,0.0,-0.17083324000000003,26693.216135360017,0.0,26693.216135360017,1.0,389.0,2.1958,389.0,2.1958,entry_initial_normal_long
4757,823341,TIA,3.50099999999996,-0.17153344,26696.545601920017,0.0,26696.545601920017,1.0,-389.0,2.2048,0.0,2.1958,close_grid_long
4758,823380,TIA,0.0,-0.17093438,26696.374667540018,0.0,26696.374667540018,1.0,389.0,2.1971,389.0,2.1971,entry_initial_normal_long
4759,824869,TIA,0.0,-0.15411402000000002,26696.22055352002,0.0,26696.22055352002,1.0,389.0,1.9809,778.0,2.089,entry_grid_normal_long
4760,825130,TIA,0.0,-0.2019552,26696.01859832002,0.0,26696.01859832002,1.0,545.0,1.8528,1323.0,1.9916991685563115,entry_grid_normal_long
4761,825248,TIA,0.0,-0.31926628,26695.69933204002,0.0,26695.69933204002,1.0,926.0,1.7239,2249.0,1.881435927078702,entry_grid_normal_long
4762,836174,TIA,0.0,-0.37010238000000006,26695.329229660023,0.0,26695.329229660023,1.0,1167.0,1.5857,3416.0,1.7804043618266983,entry_grid_cropped_long
4763,836856,TIA,0.0,-0.57926784,26694.749961820024,0.0,26694.749961820024,1.0,1803.0,1.6064,5219.0,1.7202913393370378,entry_trailing_normal_long
4764,839406,TIA,0.0,-0.7607657000000001,26693.989196120023,0.0,26693.989196120023,1.0,2755.0,1.3807,7974.0,1.6029632555806372,entry_trailing_normal_long
4765,840344,TIA,0.0,-1.2237628,26692.765433320023,0.0,26692.765433320023,1.0,4210.0,1.4534,12184.0,1.5512838969139857,entry_trailing_normal_long
4766,840603,TIA,0.0,-1.8663091200000004,26690.899124200023,0.0,26690.899124200023,1.0,6432.0,1.4508,18616.0,1.5165657821229053,entry_trailing_normal_long
4767,840740,TIA,0.0,-2.99793312,26687.90119108002,0.0,26687.90119108002,1.0,9828.0,1.5252,28444.0,1.5195490859232177,entry_trailing_normal_long
4768,840867,TIA,0.0,-2.03079936,26685.870391720022,0.0,26685.870391720022,1.0,6456.0,1.5728,34900.0,1.529399742120344,entry_trailing_cropped_long
4769,840868,TIA,13.966887421203376,-0.10648668,26699.730792461225,0.0,26699.730792461225,1.0,-339.0,1.5706,34561.0,1.529399742120344,close_unstuck_long
4770,840869,TIA,13.396087679083024,-0.10667839999999999,26713.02020174031,0.0,26713.02020174031,1.0,-340.0,1.5688,34221.0,1.529399742120344,close_unstuck_long
4771,840870,TIA,14.814387421203358,-0.10665618,26727.727932981514,0.0,26727.727932981514,1.0,-339.0,1.5731,33882.0,1.529399742120344,close_unstuck_long
4772,840871,TIA,14.484087679083055,-0.106896,26742.105124660597,0.0,26742.105124660597,1.0,-340.0,1.572,33542.0,1.529399742120344,close_unstuck_long
4773,840872,TIA,15.356787421203373,-0.10676466000000001,26757.3551474218,0.0,26757.3551474218,1.0,-339.0,1.5747,33203.0,1.529399742120344,close_unstuck_long
4774,840873,TIA,12.685287936962688,-0.10684212,26769.933593238762,0.0,26769.933593238762,1.0,-341.0,1.5666,32862.0,1.529399742120344,close_unstuck_long
4775,840874,TIA,11.833288194842364,-0.1069776,26781.659903833606,0.0,26781.659903833606,1.0,-342.0,1.564,32520.0,1.529399742120344,close_unstuck_long
4776,840875,TIA,12.855787936962669,-0.10687622,26794.40881555057,0.0,26794.40881555057,1.0,-341.0,1.5671,32179.0,1.529399742120344,close_unstuck_long
4777,840876,TIA,12.65408819484235,-0.10714176,26806.955761985413,0.0,26806.955761985413,1.0,-342.0,1.5664,31837.0,1.529399742120344,close_unstuck_long
4778,840877,TIA,12.65408819484235,-0.10714176,26819.502708420256,0.0,26819.502708420256,1.0,-342.0,1.5664,31495.0,1.529399742120344,close_unstuck_long
4779,840879,TIA,11.593488452721974,-0.10723552,26830.988961352978,0.0,26830.988961352978,1.0,-343.0,1.5632,31152.0,1.529399742120344,close_unstuck_long
4780,840880,TIA,10.667388452722001,-0.1070503,26841.5492995057,0.0,26841.5492995057,1.0,-343.0,1.5605,30809.0,1.529399742120344,close_unstuck_long
4781,840881,TIA,10.423288710601687,-0.10730736000000002,26851.865280856302,0.0,26851.865280856302,1.0,-344.0,1.5597,30465.0,1.529399742120344,close_unstuck_long
4782,841384,TIA,0.0,-1.4221688000000001,26850.443112056302,0.0,26850.443112056302,1.0,4355.0,1.6328,34820.0,1.54233219826813,entry_trailing_cropped_long
4783,841385,TIA,28.744006769785223,-0.10723426,26879.079884566087,0.0,26879.079884566087,1.0,-329.0,1.6297,34491.0,1.54233219826813,close_unstuck_long
4784,841386,TIA,29.007206769785267,-0.10728690000000002,26907.979804435872,0.0,26907.979804435872,1.0,-329.0,1.6305,34162.0,1.54233219826813,close_unstuck_long
4785,841387,TIA,29.12837457151713,-0.10761960000000002,26937.00055940739,0.0,26937.00055940739,1.0,-330.0,1.6306,33832.0,1.54233219826813,close_unstuck_long
4786,841389,TIA,27.925742373248998,-0.10768754000000001,26964.818614240638,0.0,26964.818614240638,1.0,-331.0,1.6267,33501.0,1.54233219826813,close_unstuck_long
4787,841390,TIA,27.69404237324895,-0.1076412,26992.405015413886,0.0,26992.405015413886,1.0,-331.0,1.626,33170.0,1.54233219826813,close_unstuck_long
4788,841391,TIA,27.578510174980842,-0.10792656,27019.875599028866,0.0,27019.875599028866,1.0,-332.0,1.6254,32838.0,1.54233219826813,close_unstuck_long
4789,841392,TIA,25.863377976712762,-0.10789200000000002,27045.631085005578,0.0,27045.631085005578,1.0,-333.0,1.62,32505.0,1.54233219826813,close_unstuck_long
4790,841393,TIA,26.62927797671275,-0.10804518,27072.15231780229,0.0,27072.15231780229,1.0,-333.0,1.6223,32172.0,1.54233219826813,close_unstuck_long
4791,841394,TIA,26.895677976712722,-0.10809846000000001,27098.939897319004,0.0,27098.939897319004,1.0,-333.0,1.6231,31839.0,1.54233219826813,close_unstuck_long
4792,841395,TIA,27.461777976712735,-0.10821168,27126.293463615715,0.0,27126.293463615715,1.0,-333.0,1.6248,31506.0,1.54233219826813,close_unstuck_long
4793,841396,TIA,26.9096457784446,-0.10840972,27153.09469967416,0.0,27153.09469967416,1.0,-334.0,1.6229,31172.0,1.54233219826813,close_unstuck_long
4794,841397,TIA,28.294277976712717,-0.10837818,27181.280599470872,0.0,27181.280599470872,1.0,-333.0,1.6273,30839.0,1.54233219826813,close_unstuck_long
4795,841398,TIA,29.22667797671276,-0.10856466000000001,27210.398712787584,0.0,27210.398712787584,1.0,-333.0,1.6301,30506.0,1.54233219826813,close_unstuck_long
4796,841982,TIA,0.0,-1.47423528,27208.924477507586,0.0,27208.924477507586,1.0,4452.0,1.6557,34958.0,1.556769907899982,entry_trailing_cropped_long
4797,841984,TIA,31.626800300905956,-0.10876082000000002,27240.442516988493,0.0,27240.442516988493,1.0,-329.0,1.6529,34629.0,1.556769907899982,close_unstuck_long
4798,841985,TIA,31.725500300905946,-0.10878056,27272.059236729398,0.0,27272.059236729398,1.0,-329.0,1.6532,34300.0,1.556769907899982,close_unstuck_long
4799,841986,TIA,31.359930393005943,-0.1090188,27303.3101483224,0.0,27303.3101483224,1.0,-330.0,1.6518,33970.0,1.556769907899982,close_unstuck_long
4800,841988,TIA,28.960390577205967,-0.1091616,27332.161377299606,0.0,27332.161377299606,1.0,-332.0,1.644,33638.0,1.556769907899982,close_unstuck_long
4801,841991,TIA,27.249420669306037,-0.10913076000000002,27359.30166720891,0.0,27359.30166720891,1.0,-333.0,1.6386,33305.0,1.556769907899982,close_unstuck_long
4802,841992,TIA,26.22905076140603,-0.10923804000000001,27385.421479930315,0.0,27385.421479930315,1.0,-334.0,1.6353,32971.0,1.556769907899982,close_unstuck_long
4803,841993,TIA,26.462850761406003,-0.1092848,27411.77504589172,0.0,27411.77504589172,1.0,-334.0,1.636,32637.0,1.556769907899982,close_unstuck_long
4804,841994,TIA,26.17358085350606,-0.1095383,27437.839088445227,0.0,27437.839088445227,1.0,-335.0,1.6349,32302.0,1.556769907899982,close_unstuck_long
4805,841995,TIA,26.240580853506053,-0.10955170000000002,27463.970117598732,0.0,27463.970117598732,1.0,-335.0,1.6351,31967.0,1.556769907899982,close_unstuck_long
4806,841996,TIA,25.882110945606044,-0.10979135999999999,27489.742437184337,0.0,27489.742437184337,1.0,-336.0,1.6338,31631.0,1.556769907899982,close_unstuck_long
4807,841997,TIA,27.88208085350602,-0.10988,27517.514638037843,0.0,27517.514638037843,1.0,-335.0,1.64,31296.0,1.556769907899982,close_unstuck_long
4808,841999,TIA,26.890110945606082,-0.10999296,27544.29475602345,0.0,27544.29475602345,1.0,-336.0,1.6368,30960.0,1.556769907899982,close_unstuck_long
4809,842000,TIA,25.95914103770606,-0.11011812,27570.143778941158,0.0,27570.143778941158,1.0,-337.0,1.6338,30623.0,1.556769907899982,close_unstuck_long
4810,842386,TIA,0.0,-1.4934729599999998,27568.65030598116,0.0,27568.65030598116,1.0,4456.0,1.6758,35079.0,1.571890010821892,entry_trailing_cropped_long
4811,842387,TIA,33.298086439597526,-0.11008997999999999,27601.838302440756,0.0,27601.838302440756,1.0,-329.0,1.6731,34750.0,1.571890010821892,close_unstuck_long
4812,842388,TIA,33.89028643959753,-0.11020842,27635.618380460353,0.0,27635.618380460353,1.0,-329.0,1.6749,34421.0,1.571890010821892,close_unstuck_long
4813,842389,TIA,33.95608643959753,-0.11022158,27669.464245319952,0.0,27669.464245319952,1.0,-329.0,1.6751,34092.0,1.571890010821892,close_unstuck_long
4814,842390,TIA,34.488296428775584,-0.1106424,27703.84189934873,0.0,27703.84189934873,1.0,-330.0,1.6764,33762.0,1.571890010821892,close_unstuck_long
4815,842391,TIA,35.24729642877565,-0.11079420000000001,27738.978401577504,0.0,27738.978401577504,1.0,-330.0,1.6787,33432.0,1.571890010821892,close_unstuck_long
4816,842392,TIA,35.28029642877564,-0.1108008,27774.14789720628,0.0,27774.14789720628,1.0,-330.0,1.6788,33102.0,1.571890010821892,close_unstuck_long
4817,842393,TIA,35.14829642877559,-0.1107744,27809.185419235055,0.0,27809.185419235055,1.0,-330.0,1.6784,32772.0,1.571890010821892,close_unstuck_long
4818,842394,TIA,35.254806417953695,-0.11111008,27844.329115573008,0.0,27844.329115573008,1.0,-331.0,1.6784,32441.0,1.571890010821892,close_unstuck_long
4819,842395,TIA,35.8506064179537,-0.11122924000000001,27880.06849275096,0.0,27880.06849275096,1.0,-331.0,1.6802,32110.0,1.571890010821892,close_unstuck_long
4820,842396,TIA,36.18160641795374,-0.11129544000000001,27916.138803728914,0.0,27916.138803728914,1.0,-331.0,1.6812,31779.0,1.571890010821892,close_unstuck_long
4821,842397,TIA,36.34710641795372,-0.11132854,27952.37458160687,0.0,27952.37458160687,1.0,-331.0,1.6817,31448.0,1.571890010821892,close_unstuck_long
4822,842398,TIA,36.25771640713185,-0.11162504000000002,27988.520672974002,0.0,27988.520672974002,1.0,-332.0,1.6811,31116.0,1.571890010821892,close_unstuck_long
4823,842399,TIA,36.35731640713184,-0.11164496,28024.766344421136,0.0,28024.766344421136,1.0,-332.0,1.6814,30784.0,1.571890010821892,close_unstuck_long
4824,847679,TIA,0.0,-1.53219794,28023.234146481136,0.0,28023.234146481136,1.0,5239.0,1.4623,36023.0,1.555951802824338,entry_trailing_cropped_long
4825,847680,TIA,-36.21334048172143,-0.11194324,27986.908862759414,0.0,27986.908862759414,1.0,-383.0,1.4614,35640.0,1.555951802824338,close_unstuck_long
4826,847682,TIA,-34.667188678897084,-0.11194128000000002,27952.129732800517,0.0,27952.129732800517,1.0,-382.0,1.4652,35258.0,1.555951802824338,close_unstuck_long
4827,847683,TIA,-34.19543687607279,-0.11172444000000001,27917.822571484445,0.0,27917.822571484445,1.0,-381.0,1.4662,34877.0,1.555951802824338,close_unstuck_long
4828,847684,TIA,-33.64968507324842,-0.1115224,27884.061364011195,0.0,27884.061364011195,1.0,-380.0,1.4674,34497.0,1.555951802824338,close_unstuck_long
4829,847685,TIA,-34.067685073248455,-0.11143879999999999,27849.882240137948,0.0,27849.882240137948,1.0,-380.0,1.4663,34117.0,1.555951802824338,close_unstuck_long
4830,847686,TIA,-32.916833270424064,-0.11135778,27816.854049087524,0.0,27816.854049087524,1.0,-379.0,1.4691,33738.0,1.555951802824338,close_unstuck_long
4831,847687,TIA,-31.99838146759974,-0.11123028,27784.744437339923,0.0,27784.744437339923,1.0,-378.0,1.4713,33360.0,1.555951802824338,close_unstuck_long
4832,847688,TIA,-31.574429664775437,-0.11100388000000001,27753.059003795148,0.0,27753.059003795148,1.0,-377.0,1.4722,32983.0,1.555951802824338,close_unstuck_long
4833,847691,TIA,-33.62378146759973,-0.11090520000000002,27719.32431712755,0.0,27719.32431712755,1.0,-378.0,1.467,32605.0,1.555951802824338,close_unstuck_long
4834,847692,TIA,-33.34632966477541,-0.11064950000000001,27685.867337962776,0.0,27685.867337962776,1.0,-377.0,1.4675,32228.0,1.555951802824338,close_unstuck_long
4835,847693,TIA,-33.53482966477539,-0.11061180000000002,27652.221896498002,0.0,27652.221896498002,1.0,-377.0,1.467,31851.0,1.555951802824338,close_unstuck_long
4836,847694,TIA,-32.73147786195105,-0.11046128000000002,27619.37995735605,0.0,27619.37995735605,1.0,-376.0,1.4689,31475.0,1.555951802824338,close_unstuck_long
4837,847695,TIA,-32.08192605912677,-0.11028,27587.187751296922,0.0,27587.187751296922,1.0,-375.0,1.4704,31100.0,1.555951802824338,close_unstuck_long
4838,847696,TIA,-32.98192605912676,-0.1101,27554.095725237796,0.0,27554.095725237796,1.0,-375.0,1.468,30725.0,1.555951802824338,close_unstuck_long
4839,849484,TIA,0.0,-1.46031456,27552.635410677794,0.0,27552.635410677794,1.0,4848.0,1.5061,35573.0,1.5491578427958783,entry_trailing_cropped_long
4840,849486,TIA,-16.015370463291436,-0.11019528,27536.509844934502,0.0,27536.509844934502,1.0,-366.0,1.5054,35207.0,1.5491578427958783,close_unstuck_long
4841,849487,TIA,-16.893770463291503,-0.1100196,27519.50605487121,0.0,27519.50605487121,1.0,-366.0,1.503,34841.0,1.5491578427958783,close_unstuck_long
4842,849488,TIA,-15.935112620495563,-0.10990150000000001,27503.461040750713,0.0,27503.461040750713,1.0,-365.0,1.5055,34476.0,1.5491578427958783,close_unstuck_long
4843,849489,TIA,-15.97161262049556,-0.10989420000000001,27487.37953393022,0.0,27487.37953393022,1.0,-365.0,1.5054,34111.0,1.5491578427958783,close_unstuck_long
4844,849490,TIA,-16.04461262049555,-0.10987960000000001,27471.225041709724,0.0,27471.225041709724,1.0,-365.0,1.5052,33746.0,1.5491578427958783,close_unstuck_long
4845,849491,TIA,-17.504612620495553,-0.10958760000000001,27453.61084148923,0.0,27453.61084148923,1.0,-365.0,1.5012,33381.0,1.5491578427958783,close_unstuck_long
4846,849492,TIA,-17.212612620495584,-0.10964600000000001,27436.288582868736,0.0,27436.288582868736,1.0,-365.0,1.502,33016.0,1.5491578427958783,close_unstuck_long
4847,849493,TIA,-17.43161262049556,-0.10960220000000002,27418.74736804824,0.0,27418.74736804824,1.0,-365.0,1.5014,32651.0,1.5491578427958783,close_unstuck_long
4848,849494,TIA,-16.801454777699746,-0.1094184,27401.83649487054,0.0,27401.83649487054,1.0,-364.0,1.503,32287.0,1.5491578427958783,close_unstuck_long
4849,849495,TIA,-7.339307790565252,-0.0462462,27394.450940879975,0.0,27394.450940879975,1.0,-154.0,1.5015,32133.0,1.5491578427958783,close_unstuck_long
4850,849497,TIA,-0.1954313711835134,-0.00120024,27394.254309268792,0.0,27394.254309268792,1.0,-4.0,1.5003,32129.0,1.5491578427958783,close_unstuck_long
4851,852794,TIA,0.0,-1.0032414,27393.25106786879,0.0,27393.25106786879,1.0,3570.0,1.4051,35699.0,1.5347516549816178,entry_trailing_cropped_long
4852,854614,TIA,373.3332428483819,-1.55048384,27765.033826877174,0.0,27765.033826877174,1.0,-4808.0,1.6124,30891.0,1.5347516549816178,close_trailing_long
4853,855365,TIA,0.0,-1.62398676,27763.409840117172,0.0,27763.409840117172,1.0,4917.0,1.6514,35808.0,1.5507693022240046,entry_trailing_cropped_long
4854,855367,TIA,31.75574515051047,-0.11087300000000001,27795.054712267683,0.0,27795.054712267683,1.0,-337.0,1.645,35471.0,1.5507693022240046,close_unstuck_long
4855,855368,TIA,34.1479144527345,-0.11104128,27829.09158544042,0.0,27829.09158544042,1.0,-336.0,1.6524,35135.0,1.5507693022240046,close_unstuck_long
4856,855369,TIA,34.383114452734475,-0.11108832,27863.363611573153,0.0,27863.363611573153,1.0,-336.0,1.6531,34799.0,1.5507693022240046,close_unstuck_long
4857,855370,TIA,33.91254515051046,-0.11130436,27897.164852363665,0.0,27897.164852363665,1.0,-337.0,1.6514,34462.0,1.5507693022240046,close_unstuck_long
4858,855371,TIA,33.06677584828648,-0.11144536000000001,27930.12018285195,0.0,27930.12018285195,1.0,-338.0,1.6486,34124.0,1.5507693022240046,close_unstuck_long
4859,855372,TIA,32.96537584828649,-0.11142508000000001,27962.97413362024,0.0,27962.97413362024,1.0,-338.0,1.6483,33786.0,1.5507693022240046,close_unstuck_long
4860,855373,TIA,33.02900654606249,-0.11174796000000002,27995.8913922063,0.0,27995.8913922063,1.0,-339.0,1.6482,33447.0,1.5507693022240046,close_unstuck_long
4861,855374,TIA,33.33410654606246,-0.11180898,28029.113689772363,0.0,28029.113689772363,1.0,-339.0,1.6491,33108.0,1.5507693022240046,close_unstuck_long
4862,855376,TIA,33.60530654606243,-0.11186322000000001,28062.607133098427,0.0,28062.607133098427,1.0,-339.0,1.6499,32769.0,1.5507693022240046,close_unstuck_long
4863,855377,TIA,34.07990654606245,-0.11195814000000001,28096.57508150449,0.0,28096.57508150449,1.0,-339.0,1.6513,32430.0,1.5507693022240046,close_unstuck_long
4864,855378,TIA,34.99520654606243,-0.11214120000000001,28131.45814685055,0.0,28131.45814685055,1.0,-339.0,1.654,32091.0,1.5507693022240046,close_unstuck_long
4865,855380,TIA,33.08746794161442,-0.11237996000000001,28164.433234832162,0.0,28164.433234832162,1.0,-341.0,1.6478,31750.0,1.5507693022240046,close_unstuck_long
4866,855381,TIA,34.418437243838426,-0.11233599999999999,28198.739336076,0.0,28198.739336076,1.0,-340.0,1.652,31410.0,1.5507693022240046,close_unstuck_long
4867,855649,TIA,331.25515770682597,-1.58538464,28528.409109142827,0.0,28528.409109142827,1.0,-4898.0,1.6184,26512.0,1.5507693022240046,close_trailing_long
4868,859072,TIA,0.0,-3.1884407,28525.220668442827,0.0,28525.220668442827,1.0,10445.0,1.5263,36957.0,1.543853647226853,entry_trailing_cropped_long
4869,859073,TIA,-6.696710415616127,-0.11383214000000001,28518.41012588721,0.0,28518.41012588721,1.0,-373.0,1.5259,36584.0,1.543853647226853,close_unstuck_long
4870,859074,TIA,-6.808610415616115,-0.11380976000000001,28511.487705711595,0.0,28511.487705711595,1.0,-373.0,1.5256,36211.0,1.543853647226853,close_unstuck_long
4871,859075,TIA,-7.14431041561616,-0.11374261999999999,28504.22965267598,0.0,28504.22965267598,1.0,-373.0,1.5247,35838.0,1.543853647226853,close_unstuck_long
4872,859076,TIA,-7.107010415616164,-0.11375008,28497.00889218036,0.0,28497.00889218036,1.0,-373.0,1.5248,35465.0,1.543853647226853,close_unstuck_long
4873,859077,TIA,-7.256210415616148,-0.11372024,28489.638961524746,0.0,28489.638961524746,1.0,-373.0,1.5244,35092.0,1.543853647226853,close_unstuck_long
4874,859078,TIA,-8.13586406284299,-0.11385308000000001,28481.389244381902,0.0,28481.389244381902,1.0,-374.0,1.5221,34718.0,1.543853647226853,close_unstuck_long
4875,859079,TIA,-8.173264062842986,-0.11384559999999999,28473.102134719058,0.0,28473.102134719058,1.0,-374.0,1.522,34344.0,1.543853647226853,close_unstuck_long
4876,859080,TIA,-8.69686406284301,-0.11374088,28464.291529776216,0.0,28464.291529776216,1.0,-374.0,1.5206,33970.0,1.543853647226853,close_unstuck_long
4877,859082,TIA,-8.39766406284296,-0.11380072000000001,28455.780064993374,0.0,28455.780064993374,1.0,-374.0,1.5214,33596.0,1.543853647226853,close_unstuck_long
4878,859083,TIA,-6.84591041561611,-0.11380230000000002,28448.82035227776,0.0,28448.82035227776,1.0,-373.0,1.5255,33223.0,1.543853647226853,close_unstuck_long
4879,859084,TIA,-6.604356768389282,-0.11354184,28442.10245366937,0.0,28442.10245366937,1.0,-372.0,1.5261,32851.0,1.543853647226853,close_unstuck_long
4880,859085,TIA,-7.554610415616115,-0.11366056000000002,28434.434182693753,0.0,28434.434182693753,1.0,-373.0,1.5236,32478.0,1.543853647226853,close_unstuck_long
4881,859087,TIA,-9.444864062843012,-0.11359128000000002,28424.87572735091,0.0,28424.87572735091,1.0,-374.0,1.5186,32104.0,1.543853647226853,close_unstuck_long
4882,859088,TIA,-9.220464062842954,-0.11363616000000003,28415.541627128066,0.0,28415.541627128066,1.0,-374.0,1.5192,31730.0,1.543853647226853,close_unstuck_long
4883,859515,TIA,0.0,-1.5688330000000001,28413.972794128065,0.0,28413.972794128065,1.0,4949.0,1.585,36679.0,1.5494054152650847,entry_trailing_cropped_long
4884,859516,TIA,13.10086133509971,-0.11355760000000001,28426.960097863164,0.0,28426.960097863164,1.0,-358.0,1.586,36321.0,1.5494054152650847,close_unstuck_long
4885,859517,TIA,14.777866750364765,-0.11358312000000001,28441.62438149353,0.0,28441.62438149353,1.0,-357.0,1.5908,35964.0,1.5494054152650847,close_unstuck_long
4886,859518,TIA,16.16047216562985,-0.11354976,28457.67130389916,0.0,28457.67130389916,1.0,-356.0,1.5948,35608.0,1.5494054152650847,close_unstuck_long
4887,859519,TIA,16.552072165629887,-0.11362808,28474.10974798479,0.0,28474.10974798479,1.0,-356.0,1.5959,35252.0,1.5494054152650847,close_unstuck_long
4888,859520,TIA,17.76247216562983,-0.11387016,28491.758349990418,0.0,28491.758349990418,1.0,-356.0,1.5993,34896.0,1.5494054152650847,close_unstuck_long
4889,859521,TIA,16.34866675036475,-0.11389728,28507.99311946078,0.0,28507.99311946078,1.0,-357.0,1.5952,34539.0,1.5494054152650847,close_unstuck_long
4890,859522,TIA,17.940472165629892,-0.11390576000000001,28525.819685866412,0.0,28525.819685866412,1.0,-356.0,1.5998,34183.0,1.5494054152650847,close_unstuck_long
4891,859523,TIA,20.42388299616001,-0.11378268000000001,28546.129786182573,0.0,28546.129786182573,1.0,-354.0,1.6071,33829.0,1.5494054152650847,close_unstuck_long
4892,859524,TIA,20.55257758089492,-0.1141183,28566.56824546347,0.0,28566.56824546347,1.0,-355.0,1.6073,33474.0,1.5494054152650847,close_unstuck_long
4893,859525,TIA,21.59208299616004,-0.11401632,28588.04631213963,0.0,28588.04631213963,1.0,-354.0,1.6104,33120.0,1.5494054152650847,close_unstuck_long
4894,859526,TIA,22.618682996160008,-0.11422164000000001,28610.55077349579,0.0,28610.55077349579,1.0,-354.0,1.6133,32766.0,1.5494054152650847,close_unstuck_long
4895,859527,TIA,24.88458841142507,-0.11436494000000001,28635.320996967213,0.0,28635.320996967213,1.0,-353.0,1.6199,32413.0,1.5494054152650847,close_unstuck_long
4896,859529,TIA,23.00808299616004,-0.11429952000000002,28658.214780443373,0.0,28658.214780443373,1.0,-354.0,1.6144,32059.0,1.5494054152650847,close_unstuck_long
4897,859797,TIA,325.79582114934817,-1.60898672,28982.40161487272,0.0,28982.40161487272,1.0,-4982.0,1.6148,27077.0,1.5494054152650847,close_trailing_long
4898,860285,TIA,398.05371247923864,-1.6411015200000003,29378.81422583196,0.0,29378.81422583196,1.0,-5039.0,1.6284,22038.0,1.5494054152650847,close_trailing_long
4899,861810,TIA,0.0,-3.7769537,29375.03727213196,0.0,29375.03727213196,1.0,11635.0,1.6231,33673.0,1.5748690357738229,entry_trailing_normal_long
4900,861811,TIA,18.566578085649972,-0.11741886,29393.48643135761,0.0,29393.48643135761,1.0,-361.0,1.6263,33312.0,1.5748690357738229,close_unstuck_long
4901,861812,TIA,16.80800904987611,-0.11738211999999999,29410.17705828749,0.0,29410.17705828749,1.0,-362.0,1.6213,32950.0,1.5748690357738229,close_unstuck_long
4902,861813,TIA,17.09760904987616,-0.11744004000000001,29427.157227297364,0.0,29427.157227297364,1.0,-362.0,1.6221,32588.0,1.5748690357738229,close_unstuck_long
4903,861815,TIA,17.133809049876152,-0.11744728,29444.17358906724,0.0,29444.17358906724,1.0,-362.0,1.6222,32226.0,1.5748690357738229,close_unstuck_long
4904,863028,TIA,0.0,-1.62729468,29442.546294387237,0.0,29442.546294387237,1.0,4951.0,1.6434,37177.0,1.583995560342341,entry_trailing_cropped_long
4905,863029,TIA,23.995980518126593,-0.11757968000000002,29466.424695225363,0.0,29466.424695225363,1.0,-356.0,1.6514,36821.0,1.583995560342341,close_unstuck_long
4906,863030,TIA,25.526076078468915,-0.11756889999999999,29491.833202403832,0.0,29491.833202403832,1.0,-355.0,1.6559,36466.0,1.583995560342341,close_unstuck_long
4907,863031,TIA,30.571367199153652,-0.11794436000000001,29522.286625242985,0.0,29522.286625242985,1.0,-353.0,1.6706,36113.0,1.583995560342341,close_unstuck_long
4908,863032,TIA,30.183067199153616,-0.11786669999999999,29552.35182574214,0.0,29552.35182574214,1.0,-353.0,1.6695,35760.0,1.583995560342341,close_unstuck_long
4909,863033,TIA,30.12697163881129,-0.11817228,29582.360625100948,0.0,29582.360625100948,1.0,-354.0,1.6691,35406.0,1.583995560342341,close_unstuck_long
4910,863034,TIA,29.560571638811275,-0.118059,29611.80313773976,0.0,29611.80313773976,1.0,-354.0,1.6675,35052.0,1.583995560342341,close_unstuck_long
4911,863035,TIA,28.401576078468914,-0.11814400000000001,29640.086569818228,0.0,29640.086569818228,1.0,-355.0,1.664,34697.0,1.583995560342341,close_unstuck_long
4912,863036,TIA,31.188971638811253,-0.11838468,29671.15715677704,0.0,29671.15715677704,1.0,-354.0,1.6721,34343.0,1.583995560342341,close_unstuck_long
4913,863037,TIA,36.786358319838335,-0.11855376000000002,29707.82496133688,0.0,29707.82496133688,1.0,-351.0,1.6888,33992.0,1.583995560342341,close_unstuck_long
4914,863038,TIA,31.82617163881126,-0.11851212000000001,29739.53262085569,0.0,29739.53262085569,1.0,-354.0,1.6739,33638.0,1.583995560342341,close_unstuck_long
4915,863039,TIA,30.617580518126573,-0.118904,29770.03129737382,0.0,29770.03129737382,1.0,-356.0,1.67,33282.0,1.583995560342341,close_unstuck_long
4916,863040,TIA,25.526493837099583,-0.11883618,29795.438955030917,0.0,29795.438955030917,1.0,-359.0,1.6551,32923.0,1.583995560342341,close_unstuck_long
4917,863041,TIA,20.656311595730223,-0.11912934000000001,29815.97613728665,0.0,29815.97613728665,1.0,-363.0,1.6409,32560.0,1.583995560342341,close_unstuck_long
4918,863827,TIA,0.0,-1.61155192,29814.36458536665,0.0,29814.36458536665,1.0,4796.0,1.6801,37356.0,1.596334057306634,entry_trailing_cropped_long
4919,863828,TIA,31.404977770758197,-0.11898217999999999,29845.65058095741,0.0,29845.65058095741,1.0,-353.0,1.6853,37003.0,1.596334057306634,close_unstuck_long
4920,863829,TIA,30.89214371345155,-0.11919888000000002,29876.42352579086,0.0,29876.42352579086,1.0,-354.0,1.6836,36649.0,1.596334057306634,close_unstuck_long
4921,863830,TIA,31.387743713451574,-0.119298,29907.69197150431,0.0,29907.69197150431,1.0,-354.0,1.685,36295.0,1.596334057306634,close_unstuck_long
4922,863831,TIA,32.13114371345157,-0.11944668,29939.703668537764,0.0,29939.703668537764,1.0,-354.0,1.6871,35941.0,1.596334057306634,close_unstuck_long
4923,863832,TIA,31.511909656144937,-0.11964210000000002,29971.09593609391,0.0,29971.09593609391,1.0,-355.0,1.6851,35586.0,1.596334057306634,close_unstuck_long
4924,863833,TIA,32.5414096561449,-0.11984800000000001,30003.517497750054,0.0,30003.517497750054,1.0,-355.0,1.688,35231.0,1.596334057306634,close_unstuck_long
4925,863834,TIA,34.970277770758194,-0.11969524000000002,30038.368080280812,0.0,30038.368080280812,1.0,-353.0,1.6954,34878.0,1.596334057306634,close_unstuck_long
4926,863835,TIA,34.92774371345158,-0.120006,30073.175817994263,0.0,30073.175817994263,1.0,-354.0,1.695,34524.0,1.596334057306634,close_unstuck_long
4927,863836,TIA,32.455075598838285,-0.12015,30105.510743593102,0.0,30105.510743593102,1.0,-356.0,1.6875,34168.0,1.596334057306634,close_unstuck_long
4928,863837,TIA,33.9614096561449,-0.120132,30139.352021249248,0.0,30139.352021249248,1.0,-355.0,1.692,33813.0,1.596334057306634,close_unstuck_long
4929,863838,TIA,35.09740965614493,-0.12035920000000001,30174.329071705393,0.0,30174.329071705393,1.0,-355.0,1.6952,33458.0,1.596334057306634,close_unstuck_long
4930,863839,TIA,33.7722755988383,-0.12041344,30207.98093386423,0.0,30207.98093386423,1.0,-356.0,1.6912,33102.0,1.596334057306634,close_unstuck_long
4931,863840,TIA,34.11704154153164,-0.12080166,30241.977173745763,0.0,30241.977173745763,1.0,-357.0,1.6919,32745.0,1.596334057306634,close_unstuck_long
4932,863878,TIA,563.707705564247,-1.7419600800000001,30803.94291923001,0.0,30803.94291923001,1.0,-5103.0,1.7068,27642.0,1.596334057306634,close_trailing_long
4933,864034,TIA,402.6679701201161,-1.7400824799999999,31204.870806870123,0.0,31204.870806870123,1.0,-5198.0,1.6738,22444.0,1.596334057306634,close_trailing_long
4934,864803,TIA,0.0,-4.149045839999999,31200.721761030123,0.0,31200.721761030123,1.0,11849.0,1.7508,34293.0,1.6497055020613565,entry_trailing_normal_long
4935,864804,TIA,36.740546768218486,-0.12447720000000002,31237.337830598342,0.0,31237.337830598342,1.0,-355.0,1.7532,33938.0,1.6497055020613565,close_unstuck_long
4936,864805,TIA,37.0932412661571,-0.12487768000000002,31274.3061941845,0.0,31274.3061941845,1.0,-356.0,1.7539,33582.0,1.6497055020613565,close_unstuck_long
4937,864806,TIA,37.02204126615711,-0.12486343999999999,31311.20337201066,0.0,31311.20337201066,1.0,-356.0,1.7537,33226.0,1.6497055020613565,close_unstuck_long
4938,864807,TIA,37.76964126615711,-0.12501296,31348.848000316815,0.0,31348.848000316815,1.0,-356.0,1.7558,32870.0,1.6497055020613565,close_unstuck_long
4939,865284,TIA,0.0,-1.69435136,31347.153648956813,0.0,31347.153648956813,1.0,4736.0,1.7888,37606.0,1.6672226945901396,entry_trailing_cropped_long
4940,865285,TIA,40.98883419886101,-0.1252368,31388.017246355674,0.0,31388.017246355674,1.0,-351.0,1.784,37255.0,1.6672226945901396,close_unstuck_long
4941,865286,TIA,40.98883419886101,-0.1252368,31428.880843754534,0.0,31428.880843754534,1.0,-351.0,1.784,36904.0,1.6672226945901396,close_unstuck_long
4942,865288,TIA,37.48056611509054,-0.12553547999999998,31466.235874389626,0.0,31466.235874389626,1.0,-354.0,1.7731,36550.0,1.6672226945901396,close_unstuck_long
4943,865289,TIA,38.719566115090565,-0.12578328,31504.829657224716,0.0,31504.829657224716,1.0,-354.0,1.7766,36196.0,1.6672226945901396,close_unstuck_long
4944,865290,TIA,38.259366115090614,-0.12569124,31542.963332099807,0.0,31542.963332099807,1.0,-354.0,1.7753,35842.0,1.6672226945901396,close_unstuck_long
4945,865291,TIA,40.13556611509056,-0.12606648,31582.972831734896,0.0,31582.972831734896,1.0,-354.0,1.7806,35488.0,1.6672226945901396,close_unstuck_long
4946,865292,TIA,40.949766115090554,-0.12622931999999998,31623.796368529987,0.0,31623.796368529987,1.0,-354.0,1.7829,35134.0,1.6672226945901396,close_unstuck_long
4947,865293,TIA,41.303766115090596,-0.12630012,31664.973834525077,0.0,31664.973834525077,1.0,-354.0,1.7839,34780.0,1.6672226945901396,close_unstuck_long
4948,865294,TIA,41.9409661150906,-0.12642756,31706.788373080166,0.0,31706.788373080166,1.0,-354.0,1.7857,34426.0,1.6672226945901396,close_unstuck_long
4949,865295,TIA,42.932166115090574,-0.1266258,31749.593913395256,0.0,31749.593913395256,1.0,-354.0,1.7885,34072.0,1.6672226945901396,close_unstuck_long
4950,865296,TIA,43.08894342050043,-0.1269906,31792.555866215756,0.0,31792.555866215756,1.0,-355.0,1.7886,33717.0,1.6672226945901396,close_unstuck_long
4951,865297,TIA,41.92872072591027,-0.12709199999999998,31834.357494941665,0.0,31834.357494941665,1.0,-356.0,1.785,33361.0,1.6672226945901396,close_unstuck_long
4952,865298,TIA,42.21352072591032,-0.12714896,31876.443866707574,0.0,31876.443866707574,1.0,-356.0,1.7858,33005.0,1.6672226945901396,close_unstuck_long
4953,865557,TIA,0.0,-1.7452108400000002,31874.698655867574,0.0,31874.698655867574,1.0,4643.0,1.8794,37648.0,1.6933898011832649,entry_trailing_cropped_long
4954,865558,TIA,62.58285739887317,-0.12732839999999998,31937.15418486645,0.0,31937.15418486645,1.0,-339.0,1.878,37309.0,1.6933898011832649,close_unstuck_long
4955,865559,TIA,64.65075739887324,-0.12774198,32001.67720028532,0.0,32001.67720028532,1.0,-339.0,1.8841,36970.0,1.6933898011832649,close_unstuck_long
4956,865560,TIA,64.68465739887324,-0.12774876000000002,32066.234108924196,0.0,32066.234108924196,1.0,-339.0,1.8842,36631.0,1.6933898011832649,close_unstuck_long
4957,865561,TIA,63.99146759768992,-0.1279488,32130.097627721887,0.0,32130.097627721887,1.0,-340.0,1.8816,36291.0,1.6933898011832649,close_unstuck_long
4958,865562,TIA,63.49767779650666,-0.12818872,32193.467116798394,0.0,32193.467116798394,1.0,-341.0,1.8796,35950.0,1.6933898011832649,close_unstuck_long
4959,865563,TIA,63.06828799532338,-0.12844152,32256.40696327372,0.0,32256.40696327372,1.0,-342.0,1.8778,35608.0,1.6933898011832649,close_unstuck_long
4960,865565,TIA,63.012598194140146,-0.12876906,32319.29079240786,0.0,32319.29079240786,1.0,-343.0,1.8771,35265.0,1.6933898011832649,close_unstuck_long
4961,865566,TIA,65.5990879953234,-0.12894768,32384.760932723184,0.0,32384.760932723184,1.0,-342.0,1.8852,34923.0,1.6933898011832649,close_unstuck_long
4962,865567,TIA,67.13808799532339,-0.12925548,32451.769765238507,0.0,32451.769765238507,1.0,-342.0,1.8897,34581.0,1.6933898011832649,close_unstuck_long
4963,865568,TIA,66.29230839295693,-0.12976368,32517.932309951462,0.0,32517.932309951462,1.0,-344.0,1.8861,34237.0,1.6933898011832649,close_unstuck_long
4964,865570,TIA,63.598328790590344,-0.12990224,32581.40073650205,0.0,32581.40073650205,1.0,-346.0,1.8772,33891.0,1.6933898011832649,close_unstuck_long
4965,865571,TIA,63.15753898940707,-0.13015276,32644.42812273146,0.0,32644.42812273146,1.0,-347.0,1.8754,33544.0,1.6933898011832649,close_unstuck_long
4966,865572,TIA,64.51083898940708,-0.13042341999999998,32708.80853830087,0.0,32708.80853830087,1.0,-347.0,1.8793,33197.0,1.6933898011832649,close_unstuck_long
4967,865844,TIA,1062.5056644434726,-1.97464256,33769.339560184344,0.0,33769.339560184344,1.0,-5203.0,1.8976,27994.0,1.6933898011832649,close_trailing_long
4968,866314,TIA,0.0,-4.02694116,33765.31261902434,0.0,33765.31261902434,1.0,10266.0,1.9613,38260.0,1.765276003510829,entry_trailing_cropped_long
4969,866315,TIA,68.02513079578564,-0.13470296,33833.20304686013,0.0,33833.20304686013,1.0,-343.0,1.9636,37917.0,1.765276003510829,close_unstuck_long
4970,866316,TIA,68.15465479227483,-0.13508192,33901.222619732405,0.0,33901.222619732405,1.0,-344.0,1.9634,37573.0,1.765276003510829,close_unstuck_long
4971,866317,TIA,69.53065479227483,-0.13535712000000003,33970.61791740468,0.0,33970.61791740468,1.0,-344.0,1.9674,37229.0,1.765276003510829,close_unstuck_long
4972,866319,TIA,67.89350278525316,-0.1357358,34038.37568438993,0.0,34038.37568438993,1.0,-346.0,1.9615,36883.0,1.765276003510829,close_unstuck_long
4973,866320,TIA,66.80582678174233,-0.13587132,34105.045639851676,0.0,34105.045639851676,1.0,-347.0,1.9578,36536.0,1.765276003510829,close_unstuck_long
4974,866321,TIA,68.61022678174236,-0.13623220000000003,34173.51963443342,0.0,34173.51963443342,1.0,-347.0,1.963,36189.0,1.765276003510829,close_unstuck_long
4975,866322,TIA,68.56435077823147,-0.13657608000000002,34241.94740913165,0.0,34241.94740913165,1.0,-348.0,1.9623,35841.0,1.765276003510829,close_unstuck_long
4976,866323,TIA,68.37747477472068,-0.13689176,34310.18799214637,0.0,34310.18799214637,1.0,-349.0,1.9612,35492.0,1.765276003510829,close_unstuck_long
4977,866324,TIA,69.59897477472063,-0.13713606,34379.64983086109,0.0,34379.64983086109,1.0,-349.0,1.9647,35143.0,1.765276003510829,close_unstuck_long
4978,866326,TIA,68.11839877120983,-0.137193,34447.6310366323,0.0,34447.6310366323,1.0,-350.0,1.9599,34793.0,1.765276003510829,close_unstuck_long
4979,866327,TIA,68.55872276769898,-0.13763412,34516.05212528,0.0,34516.05212528,1.0,-351.0,1.9606,34442.0,1.765276003510829,close_unstuck_long
4980,866328,TIA,69.82232276769899,-0.13788684,34585.736561207705,0.0,34585.736561207705,1.0,-351.0,1.9642,34091.0,1.765276003510829,close_unstuck_long
4981,866329,TIA,71.26142276769899,-0.13817466,34656.85980931541,0.0,34656.85980931541,1.0,-351.0,1.9683,33740.0,1.765276003510829,close_unstuck_long
4982,866397,TIA,780.1068934347364,-2.02297728,35434.94372547014,0.0,35434.94372547014,1.0,-5288.0,1.9128,28452.0,1.765276003510829,close_trailing_long
4983,866638,TIA,0.0,-4.128837140000001,35430.81488833014,0.0,35430.81488833014,1.0,10259.0,2.0123,38711.0,1.8307410956030614,entry_trailing_cropped_long
4984,866639,TIA,65.34177544332549,-0.14158638,35496.015077393466,0.0,35496.015077393466,1.0,-351.0,2.0169,38360.0,1.8307410956030614,close_unstuck_long
4985,866640,TIA,66.74577544332548,-0.14186718,35562.618985656794,0.0,35562.618985656794,1.0,-351.0,2.0209,38009.0,1.8307410956030614,close_unstuck_long
4986,866641,TIA,66.8510754433254,-0.14188824,35629.32817286012,0.0,35629.32817286012,1.0,-351.0,2.0212,37658.0,1.8307410956030614,close_unstuck_long
4987,866642,TIA,65.21989325211926,-0.1422943,35694.40577181224,0.0,35694.40577181224,1.0,-353.0,2.0155,37305.0,1.8307410956030614,close_unstuck_long
4988,866643,TIA,65.72325215651625,-0.14276112000000002,35759.98626284876,0.0,35759.98626284876,1.0,-354.0,2.0164,36951.0,1.8307410956030614,close_unstuck_long
4989,866645,TIA,65.58165215651626,-0.1427328,35825.425182205276,0.0,35825.425182205276,1.0,-354.0,2.016,36597.0,1.8307410956030614,close_unstuck_long
4990,866646,TIA,67.4578521565163,-0.14310804000000002,35892.73992632179,0.0,35892.73992632179,1.0,-354.0,2.0213,36243.0,1.8307410956030614,close_unstuck_long
4991,866647,TIA,66.79641106091317,-0.1433419,35959.3929954827,0.0,35959.3929954827,1.0,-355.0,2.0189,35888.0,1.8307410956030614,close_unstuck_long
4992,866648,TIA,69.44025215651624,-0.14350452,36028.68974311922,0.0,36028.68974311922,1.0,-354.0,2.0269,35534.0,1.8307410956030614,close_unstuck_long
4993,866649,TIA,70.64385215651626,-0.14374524,36099.189850035735,0.0,36099.189850035735,1.0,-354.0,2.0303,35180.0,1.8307410956030614,close_unstuck_long
4994,866650,TIA,71.34041106091314,-0.14425069999999998,36170.38601039665,0.0,36170.38601039665,1.0,-355.0,2.0317,34825.0,1.8307410956030614,close_unstuck_long
4995,866651,TIA,69.9037699653101,-0.14432952000000002,36240.14545084196,0.0,36240.14545084196,1.0,-356.0,2.0271,34469.0,1.8307410956030614,close_unstuck_long
4996,866652,TIA,71.17112886970708,-0.14494914000000003,36311.17163057167,0.0,36311.17163057167,1.0,-357.0,2.0301,34112.0,1.8307410956030614,close_unstuck_long
4997,866701,TIA,934.271126192842,-2.14318416,37243.29957260451,0.0,37243.29957260451,1.0,-5343.0,2.0056,28769.0,1.8307410956030614,close_trailing_long
4998,866768,TIA,710.530796095223,-2.1485984,37951.681770299736,0.0,37951.681770299736,1.0,-5480.0,1.9604,23289.0,1.8307410956030614,close_trailing_long
4999,868774,TIA,0.0,-4.6752967,37947.00647359974,0.0,37947.00647359974,1.0,12295.0,1.9013,35584.0,1.8551206406109402,entry_trailing_normal_long
5000,868775,TIA,19.016185036845826,-0.15147084,37965.87118779658,0.0,37965.87118779658,1.0,-398.0,1.9029,35186.0,1.8551206406109402,close_unstuck_long
5001,869880,TIA,0.0,-2.1314207200000004,37963.739767076586,0.0,37963.739767076586,1.0,5486.0,1.9426,40672.0,1.866920202117834,entry_trailing_cropped_long
5002,869881,TIA,29.281121174044745,-0.151476,37992.86941225063,0.0,37992.86941225063,1.0,-390.0,1.942,40282.0,1.866920202117834,close_unstuck_long
5003,869882,TIA,30.880121174044742,-0.15179579999999998,38023.597737624674,0.0,38023.597737624674,1.0,-390.0,1.9461,39892.0,1.866920202117834,close_unstuck_long
5004,869883,TIA,30.880121174044742,-0.15179579999999998,38054.32606299872,0.0,38054.32606299872,1.0,-390.0,1.9461,39502.0,1.866920202117834,close_unstuck_long
5005,869884,TIA,28.568880769809084,-0.15208032000000002,38082.742863448526,0.0,38082.742863448526,1.0,-392.0,1.9398,39110.0,1.866920202117834,close_unstuck_long
5006,869886,TIA,23.810520163455603,-0.15224880000000002,38106.40113481198,0.0,38106.40113481198,1.0,-395.0,1.9272,38715.0,1.866920202117834,close_unstuck_long
5007,869887,TIA,24.656440365573424,-0.1520446,38130.905530577555,0.0,38130.905530577555,1.0,-394.0,1.9295,38321.0,1.866920202117834,close_unstuck_long
5008,869888,TIA,25.720240365573396,-0.15225736,38156.47351358313,0.0,38156.47351358313,1.0,-394.0,1.9322,37927.0,1.866920202117834,close_unstuck_long
5009,869890,TIA,26.74464036557346,-0.15246224,38183.0656917087,0.0,38183.0656917087,1.0,-394.0,1.9348,37533.0,1.866920202117834,close_unstuck_long
5010,869891,TIA,27.650840365573444,-0.15264348,38210.563888594275,0.0,38210.563888594275,1.0,-394.0,1.9371,37139.0,1.866920202117834,close_unstuck_long
5011,869892,TIA,27.453840365573466,-0.15260408,38237.86512487985,0.0,38237.86512487985,1.0,-394.0,1.9366,36745.0,1.866920202117834,close_unstuck_long
5012,869893,TIA,28.95104036557339,-0.15290352000000001,38266.66326172542,0.0,38266.66326172542,1.0,-394.0,1.9404,36351.0,1.866920202117834,close_unstuck_long
5013,869894,TIA,28.32064036557346,-0.15277744000000001,38294.831124651,0.0,38294.831124651,1.0,-394.0,1.9388,35957.0,1.866920202117834,close_unstuck_long
5014,869896,TIA,27.326020163455567,-0.1529519,38322.00419291446,0.0,38322.00419291446,1.0,-395.0,1.9361,35562.0,1.866920202117834,close_unstuck_long
5015,870114,TIA,537.8600024904958,-2.17201236,38857.69218304495,0.0,38857.69218304495,1.0,-5529.0,1.9642,30033.0,1.866920202117834,close_trailing_long
5016,870370,TIA,442.2001469274228,-2.18163096,39297.71069901237,0.0,39297.71069901237,1.0,-5606.0,1.9458,24427.0,1.866920202117834,close_trailing_long
5017,872027,TIA,0.0,-4.841674240000001,39292.86902477237,0.0,39292.86902477237,1.0,12896.0,1.8772,37323.0,1.8704721211352873,entry_trailing_normal_long
5018,872028,TIA,2.0647812443146156,-0.15715852,39294.776647496685,0.0,39294.776647496685,1.0,-419.0,1.8754,36904.0,1.8704721211352873,close_unstuck_long
5019,872029,TIA,4.139925486585239,-0.15682536,39298.75974762327,0.0,39298.75974762327,1.0,-417.0,1.8804,36487.0,1.8704721211352873,close_unstuck_long
5020,872172,TIA,0.0,-2.0700064,39296.68974122327,0.0,39296.68974122327,1.0,5420.0,1.9096,41907.0,1.8755326862782644,entry_trailing_cropped_long
5021,872173,TIA,13.46736593963337,-0.15686226000000003,39310.000244902905,0.0,39310.000244902905,1.0,-411.0,1.9083,41496.0,1.8755326862782644,close_unstuck_long
5022,872174,TIA,15.111365939633371,-0.15719106000000002,39324.95441978254,0.0,39324.95441978254,1.0,-411.0,1.9123,41085.0,1.8755326862782644,close_unstuck_long
5023,872175,TIA,13.796165939633333,-0.15692802,39338.59365770217,0.0,39338.59365770217,1.0,-411.0,1.9091,40674.0,1.8755326862782644,close_unstuck_long
5024,872176,TIA,14.659265939633329,-0.15710064,39353.09582300181,0.0,39353.09582300181,1.0,-411.0,1.9112,40263.0,1.8755326862782644,close_unstuck_long
5025,872177,TIA,13.912133253355059,-0.15732632000000002,39366.850629935165,0.0,39366.850629935165,1.0,-412.0,1.9093,39851.0,1.8755326862782644,close_unstuck_long
5026,872179,TIA,12.79973325335509,-0.15710384000000002,39379.49325934852,0.0,39379.49325934852,1.0,-412.0,1.9066,39439.0,1.8755326862782644,close_unstuck_long
5027,872180,TIA,13.870933253355064,-0.15731808000000003,39393.20687452188,0.0,39393.20687452188,1.0,-412.0,1.9092,39027.0,1.8755326862782644,close_unstuck_long
5028,872181,TIA,17.001598625911605,-0.157194,39410.05127914779,0.0,39410.05127914779,1.0,-410.0,1.917,38617.0,1.8755326862782644,close_unstuck_long
5029,872182,TIA,15.024533253355028,-0.1575488,39424.91826360115,0.0,39424.91826360115,1.0,-412.0,1.912,38205.0,1.8755326862782644,close_unstuck_long
5030,872183,TIA,15.724933253355044,-0.15768888,39440.4855079745,0.0,39440.4855079745,1.0,-412.0,1.9137,37793.0,1.8755326862782644,close_unstuck_long
5031,872184,TIA,16.837565939633365,-0.15753630000000002,39457.165537614135,0.0,39457.165537614135,1.0,-411.0,1.9165,37382.0,1.8755326862782644,close_unstuck_long
5032,872185,TIA,13.656800567076827,-0.15765036000000002,39470.66468782121,0.0,39470.66468782121,1.0,-413.0,1.9086,36969.0,1.8755326862782644,close_unstuck_long
5033,872186,TIA,15.39533325335508,-0.15762296,39485.902398114566,0.0,39485.902398114566,1.0,-412.0,1.9129,36557.0,1.8755326862782644,close_unstuck_long
5034,873657,TIA,0.0,-2.0814122200000003,39483.82098589456,0.0,39483.82098589456,1.0,5209.0,1.9979,41766.0,1.8907941749814325,entry_trailing_cropped_long
5035,873658,TIA,41.477300882334156,-0.1576682,39525.140618576894,0.0,39525.140618576894,1.0,-395.0,1.9958,41371.0,1.8907941749814325,close_unstuck_long
5036,873659,TIA,45.35169505731559,-0.15806492000000003,39570.33424871421,0.0,39570.33424871421,1.0,-394.0,2.0059,40977.0,1.8907941749814325,close_unstuck_long
5037,873660,TIA,48.7278834072784,-0.15798384,39618.90414828149,0.0,39618.90414828149,1.0,-392.0,2.0151,40585.0,1.8907941749814325,close_unstuck_long
5038,873661,TIA,51.145077582259816,-0.15808912,39669.89113674375,0.0,39669.89113674375,1.0,-391.0,2.0216,40194.0,1.8907941749814325,close_unstuck_long
5039,873662,TIA,50.883883407278425,-0.15841504,39720.61660511103,0.0,39720.61660511103,1.0,-392.0,2.0206,39802.0,1.8907941749814325,close_unstuck_long
5040,873663,TIA,51.62868340727843,-0.15856399999999998,39772.0867245183,0.0,39772.0867245183,1.0,-392.0,2.0225,39410.0,1.8907941749814325,close_unstuck_long
5041,873664,TIA,49.48869505731557,-0.15889232,39821.41652725562,0.0,39821.41652725562,1.0,-394.0,2.0164,39016.0,1.8907941749814325,close_unstuck_long
5042,873665,TIA,47.757800882334074,-0.1589243,39869.015403837955,0.0,39869.015403837955,1.0,-395.0,2.0117,38621.0,1.8907941749814325,close_unstuck_long
5043,873666,TIA,48.35390670735276,-0.15942168,39917.209888865305,0.0,39917.209888865305,1.0,-396.0,2.0129,38225.0,1.8907941749814325,close_unstuck_long
5044,873667,TIA,49.26470670735276,-0.15960384000000002,39966.31499173266,0.0,39966.31499173266,1.0,-396.0,2.0152,37829.0,1.8907941749814325,close_unstuck_long
5045,873668,TIA,48.674512532371224,-0.15986396,40014.82964030503,0.0,40014.82964030503,1.0,-397.0,2.0134,37432.0,1.8907941749814325,close_unstuck_long
5046,873669,TIA,48.0790125323712,-0.15974486,40062.7489079774,0.0,40062.7489079774,1.0,-397.0,2.0119,37035.0,1.8907941749814325,close_unstuck_long
5047,873670,TIA,51.24470670735271,-0.15999984,40113.833614844756,0.0,40113.833614844756,1.0,-396.0,2.0202,36639.0,1.8907941749814325,close_unstuck_long
5048,874010,TIA,750.4127899811131,-2.3112603,40861.93514452587,0.0,40861.93514452587,1.0,-5715.0,2.0221,30924.0,1.8907941749814325,close_trailing_long
5049,874164,TIA,464.54970743308064,-2.2941725199999996,41324.19067943895,0.0,41324.19067943895,1.0,-5821.0,1.9706,25103.0,1.8907941749814325,close_trailing_long
5050,874567,TIA,0.0,-5.27628436,41318.91439507895,0.0,41318.91439507895,1.0,13253.0,1.9906,38356.0,1.9252796948211204,entry_trailing_normal_long
5051,874568,TIA,24.635646954413893,-0.16511040000000002,41343.384931633365,0.0,41343.384931633365,1.0,-416.0,1.9845,37940.0,1.9252796948211204,close_unstuck_long
5052,874569,TIA,26.153426649235023,-0.1650289,41369.3733293826,0.0,41369.3733293826,1.0,-415.0,1.9883,37525.0,1.9252796948211204,close_unstuck_long
5053,874570,TIA,24.96844695441395,-0.16517696,41394.17659937702,0.0,41394.17659937702,1.0,-416.0,1.9853,37109.0,1.9252796948211204,close_unstuck_long
5054,875446,TIA,0.0,-2.2687185600000004,41391.907880817016,0.0,41391.907880817016,1.0,5757.0,1.9704,42866.0,1.9313394530657622,entry_trailing_cropped_long
5055,875447,TIA,16.701569165445683,-0.16518656,41408.44426342246,0.0,41408.44426342246,1.0,-419.0,1.9712,42447.0,1.9313394530657622,close_unstuck_long
5056,875448,TIA,15.733429712379937,-0.16537920000000003,41424.01231393484,0.0,41424.01231393484,1.0,-420.0,1.9688,42027.0,1.9313394530657622,close_unstuck_long
5057,875449,TIA,15.81742971237993,-0.16539600000000002,41439.66434764722,0.0,41439.66434764722,1.0,-420.0,1.969,41607.0,1.9313394530657622,close_unstuck_long
5058,875450,TIA,16.0694297123799,-0.1654464,41455.568330959606,0.0,41455.568330959606,1.0,-420.0,1.9696,41187.0,1.9313394530657622,close_unstuck_long
5059,875451,TIA,14.549990259314123,-0.16552878000000001,41469.95279243892,0.0,41469.95279243892,1.0,-421.0,1.9659,40766.0,1.9313394530657622,close_unstuck_long
5060,875452,TIA,12.643350806248389,-0.16553372,41482.43060952517,0.0,41482.43060952517,1.0,-422.0,1.9613,40344.0,1.9313394530657622,close_unstuck_long
5061,875454,TIA,7.420732447051121,-0.16564800000000002,41489.68569397222,0.0,41489.68569397222,1.0,-425.0,1.9488,39919.0,1.9313394530657622,close_unstuck_long
5062,875455,TIA,9.184071900116875,-0.1656144,41498.70415147234,0.0,41498.70415147234,1.0,-424.0,1.953,39495.0,1.9313394530657622,close_unstuck_long
5063,875456,TIA,12.038811353182602,-0.16579908000000002,41510.57716374552,0.0,41510.57716374552,1.0,-423.0,1.9598,39072.0,1.9313394530657622,close_unstuck_long
5064,875458,TIA,10.880071900116876,-0.1659536,41521.29128204563,0.0,41521.29128204563,1.0,-424.0,1.957,38648.0,1.9313394530657622,close_unstuck_long
5065,875459,TIA,11.573511353182653,-0.16570602,41532.699087378816,0.0,41532.699087378816,1.0,-423.0,1.9587,38225.0,1.9313394530657622,close_unstuck_long
5066,875460,TIA,11.219271900116839,-0.16602144000000002,41543.75233783893,0.0,41543.75233783893,1.0,-424.0,1.9578,37801.0,1.9313394530657622,close_unstuck_long
5067,875461,TIA,11.007271900116862,-0.16597904000000002,41554.59363069905,0.0,41554.59363069905,1.0,-424.0,1.9573,37377.0,1.9313394530657622,close_unstuck_long
5068,875777,TIA,0.0,-2.18423088,41552.40939981905,0.0,41552.40939981905,1.0,5382.0,2.0292,42759.0,1.9436569877040855,entry_trailing_cropped_long
5069,875778,TIA,35.39609202902896,-0.16607036,41587.63942148808,0.0,41587.63942148808,1.0,-409.0,2.0302,42350.0,1.9436569877040855,close_unstuck_long
5070,875779,TIA,36.00959202902898,-0.16619306,41623.48282045711,0.0,41623.48282045711,1.0,-409.0,2.0317,41941.0,1.9436569877040855,close_unstuck_long
5071,875780,TIA,36.95029202902897,-0.1663812,41660.26673128614,0.0,41660.26673128614,1.0,-409.0,2.034,41532.0,1.9436569877040855,close_unstuck_long
5072,875781,TIA,37.64559202902898,-0.16652026,41697.745803055164,0.0,41697.745803055164,1.0,-409.0,2.0357,41123.0,1.9436569877040855,close_unstuck_long
5073,875782,TIA,36.95863504132489,-0.1667716,41734.537666496486,0.0,41734.537666496486,1.0,-410.0,2.0338,40713.0,1.9436569877040855,close_unstuck_long
5074,875783,TIA,36.056635041324995,-0.16659120000000002,41770.42771033781,0.0,41770.42771033781,1.0,-410.0,2.0316,40303.0,1.9436569877040855,close_unstuck_long
5075,875784,TIA,34.29612106591676,-0.16701656,41804.55681484373,0.0,41804.55681484373,1.0,-412.0,2.0269,39891.0,1.9436569877040855,close_unstuck_long
5076,875785,TIA,32.93386407821274,-0.16713284,41837.32354608194,0.0,41837.32354608194,1.0,-413.0,2.0234,39478.0,1.9436569877040855,close_unstuck_long
5077,875786,TIA,35.49092106591672,-0.16725552,41872.64721162786,0.0,41872.64721162786,1.0,-412.0,2.0298,39066.0,1.9436569877040855,close_unstuck_long
5078,875787,TIA,35.57332106591671,-0.16727199999999998,41908.05326069378,0.0,41908.05326069378,1.0,-412.0,2.03,38654.0,1.9436569877040855,close_unstuck_long
5079,875788,TIA,35.779321065916776,-0.16731320000000002,41943.66526855969,0.0,41943.66526855969,1.0,-412.0,2.0305,38242.0,1.9436569877040855,close_unstuck_long
5080,875789,TIA,36.108921065916746,-0.16737912,41979.60681050561,0.0,41979.60681050561,1.0,-412.0,2.0313,37830.0,1.9436569877040855,close_unstuck_long
5081,875790,TIA,36.36176407821264,-0.16781842,42015.80075616382,0.0,42015.80075616382,1.0,-413.0,2.0317,37417.0,1.9436569877040855,close_unstuck_long
5082,875981,TIA,637.2866605991112,-2.39104026,42650.696376502936,0.0,42650.696376502936,1.0,-5823.0,2.0531,31594.0,1.9436569877040855,close_trailing_long
5083,876384,TIA,516.8756456811503,-2.40116642,43165.17085576409,0.0,43165.17085576409,1.0,-5911.0,2.0311,25683.0,1.9436569877040855,close_trailing_long
5084,877179,TIA,0.0,-5.38102474,43159.789831024085,0.0,43159.789831024085,1.0,13559.0,1.9843,39242.0,1.9577000691912751,entry_trailing_normal_long
5085,877180,TIA,11.631169970986555,-0.1722546,43171.248746395075,0.0,43171.248746395075,1.0,-434.0,1.9845,38808.0,1.9577000691912751,close_unstuck_long
5086,877181,TIA,11.440469901795304,-0.172608,43182.51660829687,0.0,43182.51660829687,1.0,-435.0,1.984,38373.0,1.9577000691912751,close_unstuck_long
5087,877182,TIA,12.005969901795337,-0.17272110000000002,43194.34985709867,0.0,43194.34985709867,1.0,-435.0,1.9853,37938.0,1.9577000691912751,close_unstuck_long
5088,878144,TIA,0.0,-2.4234672,43191.92638989867,0.0,43191.92638989867,1.0,6083.0,1.992,44021.0,1.9624397724944596,entry_trailing_cropped_long
5089,878145,TIA,11.787538737404567,-0.17269728,43203.541231356074,0.0,43203.541231356074,1.0,-434.0,1.9896,43587.0,1.9624397724944596,close_unstuck_long
5090,878147,TIA,7.133059192415587,-0.17255136000000001,43210.50173918849,0.0,43210.50173918849,1.0,-436.0,1.9788,43151.0,1.9624397724944596,close_unstuck_long
5091,878148,TIA,7.743459192415616,-0.17267344,43218.07252494091,0.0,43218.07252494091,1.0,-436.0,1.9802,42715.0,1.9624397724944596,close_unstuck_long
5092,878149,TIA,8.856698964910048,-0.17250359999999998,43226.75672030582,0.0,43226.75672030582,1.0,-435.0,1.9828,42280.0,1.9624397724944596,close_unstuck_long
5093,878150,TIA,10.857698964910117,-0.1729038,43237.44151547073,0.0,43237.44151547073,1.0,-435.0,1.9874,41845.0,1.9624397724944596,close_unstuck_long
5094,878151,TIA,11.031698964910099,-0.1729386,43248.30027583564,0.0,43248.30027583564,1.0,-435.0,1.9878,41410.0,1.9624397724944596,close_unstuck_long
5095,878152,TIA,11.613938737404588,-0.17266256000000002,43259.741552013045,0.0,43259.741552013045,1.0,-434.0,1.9892,40976.0,1.9624397724944596,close_unstuck_long
5096,878153,TIA,10.814198964910123,-0.17289510000000002,43270.38285587796,0.0,43270.38285587796,1.0,-435.0,1.9873,40541.0,1.9624397724944596,close_unstuck_long
5097,878154,TIA,9.487459192415617,-0.17302224,43279.69729283037,0.0,43279.69729283037,1.0,-436.0,1.9842,40105.0,1.9624397724944596,close_unstuck_long
5098,878155,TIA,9.987698964910116,-0.17272980000000002,43289.51226199528,0.0,43289.51226199528,1.0,-435.0,1.9854,39670.0,1.9624397724944596,close_unstuck_long
5099,878156,TIA,11.37969896491006,-0.1730082,43300.718952760195,0.0,43300.718952760195,1.0,-435.0,1.9886,39235.0,1.9624397724944596,close_unstuck_long
5100,878157,TIA,10.315859192415623,-0.17318792000000002,43310.86162403261,0.0,43310.86162403261,1.0,-436.0,1.9861,38799.0,1.9624397724944596,close_unstuck_long
5101,878158,TIA,12.07569896491008,-0.1731474,43322.76417559752,0.0,43322.76417559752,1.0,-435.0,1.9902,38364.0,1.9624397724944596,close_unstuck_long
5102,878919,TIA,0.0,-2.27155368,43320.49262191752,0.0,43320.49262191752,1.0,5498.0,2.0658,43862.0,1.9753957373575635,entry_trailing_cropped_long
5103,878920,TIA,39.25198178453853,-0.17299348000000003,43359.571610222054,0.0,43359.571610222054,1.0,-418.0,2.0693,43444.0,1.9753957373575635,close_unstuck_long
5104,878921,TIA,39.837181784538465,-0.17311052000000002,43399.23568148659,0.0,43399.23568148659,1.0,-418.0,2.0707,43026.0,1.9753957373575635,close_unstuck_long
5105,878922,TIA,40.01628604718089,-0.17354142,43439.078426113774,0.0,43439.078426113774,1.0,-419.0,2.0709,42607.0,1.9753957373575635,close_unstuck_long
5106,878923,TIA,38.515790309823316,-0.17363640000000002,43477.420580023594,0.0,43477.420580023594,1.0,-420.0,2.0671,42187.0,1.9753957373575635,close_unstuck_long
5107,878924,TIA,39.187790309823434,-0.1737708,43516.434599533415,0.0,43516.434599533415,1.0,-420.0,2.0687,41767.0,1.9753957373575635,close_unstuck_long
5108,878926,TIA,39.14579030982334,-0.1737624,43555.40662744324,0.0,43555.40662744324,1.0,-420.0,2.0686,41347.0,1.9753957373575635,close_unstuck_long
5109,878927,TIA,37.89179457246574,-0.17390667999999998,43593.12451533571,0.0,43593.12451533571,1.0,-421.0,2.0654,40926.0,1.9753957373575635,close_unstuck_long
5110,878928,TIA,39.82839457246571,-0.174294,43632.77861590817,0.0,43632.77861590817,1.0,-421.0,2.07,40505.0,1.9753957373575635,close_unstuck_long
5111,878929,TIA,39.9546945724658,-0.17431926,43672.55899122064,0.0,43672.55899122064,1.0,-421.0,2.0703,40084.0,1.9753957373575635,close_unstuck_long
5112,878930,TIA,39.332198835108215,-0.17458984000000002,43711.71660021575,0.0,43711.71660021575,1.0,-422.0,2.0686,39662.0,1.9753957373575635,close_unstuck_long
5113,878931,TIA,39.332198835108215,-0.17458984000000002,43750.87420921085,0.0,43750.87420921085,1.0,-422.0,2.0686,39240.0,1.9753957373575635,close_unstuck_long
5114,878932,TIA,39.83859883510816,-0.17469111999999998,43790.538116925956,0.0,43790.538116925956,1.0,-422.0,2.0698,38818.0,1.9753957373575635,close_unstuck_long
5115,878933,TIA,39.55230309775073,-0.17502894000000002,43829.915391083705,0.0,43829.915391083705,1.0,-423.0,2.0689,38395.0,1.9753957373575635,close_unstuck_long
5116,879050,TIA,0.0,-2.36291516,43827.5524759237,0.0,43827.5524759237,1.0,5443.0,2.1706,43838.0,1.9996326277622987,entry_trailing_cropped_long
5117,879051,TIA,67.9396183840314,-0.17515824000000002,43895.316936067735,0.0,43895.316936067735,1.0,-404.0,2.1678,43434.0,1.9996326277622987,close_unstuck_long
5118,879052,TIA,62.86822050074449,-0.17534374,43958.00981282848,0.0,43958.00981282848,1.0,-407.0,2.1541,43027.0,1.9996326277622987,close_unstuck_long
5119,879053,TIA,63.885720500744476,-0.17554724000000002,44021.71998608923,0.0,44021.71998608923,1.0,-407.0,2.1566,42620.0,1.9996326277622987,close_unstuck_long
5120,879054,TIA,65.14742050074443,-0.17579958,44086.691607009976,0.0,44086.691607009976,1.0,-407.0,2.1597,42213.0,1.9996326277622987,close_unstuck_long
5121,879055,TIA,63.667955245219844,-0.17630354,44150.183258715195,0.0,44150.183258715195,1.0,-409.0,2.1553,41804.0,1.9996326277622987,close_unstuck_long
5122,879056,TIA,62.4706226174576,-0.176464,44212.47741733265,0.0,44212.47741733265,1.0,-410.0,2.152,41394.0,1.9996326277622987,close_unstuck_long
5123,879057,TIA,61.38998998969526,-0.17664780000000002,44273.690759522346,0.0,44273.690759522346,1.0,-411.0,2.149,40983.0,1.9996326277622987,close_unstuck_long
5124,879058,TIA,60.42695736193299,-0.17685512000000003,44333.94086176428,0.0,44333.94086176428,1.0,-412.0,2.1463,40571.0,1.9996326277622987,close_unstuck_long
5125,879059,TIA,57.69809210640827,-0.1771092,44391.46184467069,0.0,44391.46184467069,1.0,-414.0,2.139,40157.0,1.9996326277622987,close_unstuck_long
5126,879060,TIA,57.33945947864602,-0.17743740000000002,44448.62386674933,0.0,44448.62386674933,1.0,-415.0,2.1378,39742.0,1.9996326277622987,close_unstuck_long
5127,879061,TIA,55.60562685088384,-0.17749056000000002,44504.05200304021,0.0,44504.05200304021,1.0,-416.0,2.1333,39326.0,1.9996326277622987,close_unstuck_long
5128,879062,TIA,55.44739422312148,-0.17785884000000002,44559.32153842333,0.0,44559.32153842333,1.0,-417.0,2.1326,38909.0,1.9996326277622987,close_unstuck_long
5129,879063,TIA,57.852026850883775,-0.17793984000000002,44616.99562543422,0.0,44616.99562543422,1.0,-416.0,2.1387,38493.0,1.9996326277622987,close_unstuck_long
5130,879266,TIA,0.0,-2.45232048,44614.54330495422,0.0,44614.54330495422,1.0,5438.0,2.2548,43931.0,2.03121852770149,entry_trailing_cropped_long
5131,879267,TIA,87.58786303021002,-0.17839008000000003,44701.95277790443,0.0,44701.95277790443,1.0,-396.0,2.2524,43535.0,2.03121852770149,close_unstuck_long
5132,879268,TIA,85.50644450250843,-0.17838004,44787.28084236694,0.0,44787.28084236694,1.0,-397.0,2.2466,43138.0,2.03121852770149,close_unstuck_long
5133,879269,TIA,83.15258891940402,-0.179128,44870.25430328635,0.0,44870.25430328635,1.0,-400.0,2.2391,42738.0,2.03121852770149,close_unstuck_long
5134,879270,TIA,82.95258891940395,-0.179088,44953.027804205754,0.0,44953.027804205754,1.0,-400.0,2.2386,42338.0,2.03121852770149,close_unstuck_long
5135,879272,TIA,79.78653333629954,-0.17967352,45032.63466402205,0.0,45032.63466402205,1.0,-403.0,2.2292,41935.0,2.03121852770149,close_unstuck_long
5136,879273,TIA,78.36851480859805,-0.17979616,45110.82338267065,0.0,45110.82338267065,1.0,-404.0,2.2252,41531.0,2.03121852770149,close_unstuck_long
5137,879274,TIA,79.49971480859811,-0.18002240000000003,45190.14307507925,0.0,45190.14307507925,1.0,-404.0,2.228,41127.0,2.03121852770149,close_unstuck_long
5138,879275,TIA,79.73699628089652,-0.1804761,45269.69959526014,0.0,45269.69959526014,1.0,-405.0,2.2281,40722.0,2.03121852770149,close_unstuck_long
5139,879277,TIA,78.38065922549364,-0.18101732000000004,45347.899237165635,0.0,45347.899237165635,1.0,-407.0,2.2238,40315.0,2.03121852770149,close_unstuck_long
5140,879279,TIA,75.00302217009053,-0.18115428,45422.72110505572,0.0,45422.72110505572,1.0,-409.0,2.2146,39906.0,2.03121852770149,close_unstuck_long
5141,879280,TIA,73.46440364238906,-0.18125280000000002,45496.004255898115,0.0,45496.004255898115,1.0,-410.0,2.2104,39496.0,2.03121852770149,close_unstuck_long
5142,879281,TIA,73.80798511468755,-0.18172776,45569.6305132528,0.0,45569.6305132528,1.0,-411.0,2.2108,39085.0,2.03121852770149,close_unstuck_long
5143,879282,TIA,75.57528511468763,-0.18208122000000002,45645.02371714749,0.0,45645.02371714749,1.0,-411.0,2.2151,38674.0,2.03121852770149,close_unstuck_long
5144,879424,TIA,1011.9494518228803,-2.66138304,46654.31178593037,0.0,46654.31178593037,1.0,-6053.0,2.1984,32621.0,2.03121852770149,close_trailing_long
5145,879734,TIA,729.9513691108812,-2.65942008,47381.603734961245,0.0,47381.603734961245,1.0,-6187.0,2.1492,26434.0,2.03121852770149,close_trailing_long
5146,879877,TIA,538.9649904515381,-2.6602222,47917.908503212784,0.0,47917.908503212784,1.0,-6283.0,2.117,20151.0,2.03121852770149,close_trailing_long
5147,880483,TIA,0.0,-4.7228648799999995,47913.18563833278,0.0,47913.18563833278,1.0,10639.0,2.2196,30790.0,2.096310781153385,entry_trailing_normal_long
5148,880812,TIA,726.4596204386096,-2.7266890200000002,48636.91856975139,0.0,48636.91856975139,1.0,-6157.0,2.2143,24633.0,2.096310781153385,close_trailing_long
5149,881009,TIA,553.0576177913443,-2.7310000000000003,49187.245187542736,0.0,49187.245187542736,1.0,-6250.0,2.1848,18383.0,2.096310781153385,close_trailing_long
5150,881342,TIA,1628.535610057321,-8.03300334,50807.74779426006,0.0,50807.74779426006,1.0,-18383.0,2.1849,0.0,2.096310781153385,close_grid_long
5151,881343,TIA,0.0,-0.3249792000000001,50807.42281506006,0.0,50807.42281506006,1.0,744.0,2.184,744.0,2.184,entry_initial_normal_long
5152,881371,TIA,6.695999999999923,-0.3263184,50813.79249666006,0.0,50813.79249666006,1.0,-744.0,2.193,0.0,2.184,close_grid_long
5153,881372,TIA,0.0,-0.32528540000000006,50813.46721126006,0.0,50813.46721126006,1.0,743.0,2.189,743.0,2.189,entry_initial_normal_long
5154,881373,TIA,6.686999999999923,-0.32662280000000005,50819.82758846006,0.0,50819.82758846006,1.0,-743.0,2.198,0.0,2.189,close_grid_long
5155,881374,TIA,0.0,-0.32521520000000004,50819.50237326006,0.0,50819.50237326006,1.0,740.0,2.1974,740.0,2.1974,entry_initial_normal_long
5156,881376,TIA,6.659999999999924,-0.3265472,50825.83582606006,0.0,50825.83582606006,1.0,-740.0,2.2064,0.0,2.1974,close_grid_long
5157,881377,TIA,0.0,-0.32536944000000007,50825.51045662006,0.0,50825.51045662006,1.0,738.0,2.2044,738.0,2.2044,entry_initial_normal_long
5158,881380,TIA,6.789599999999908,-0.32672736,50831.97332926006,0.0,50831.97332926006,1.0,-738.0,2.2136,0.0,2.2044,close_grid_long
5159,881442,TIA,0.0,-0.32528232,50831.648046940056,0.0,50831.648046940056,1.0,737.0,2.2068,737.0,2.2068,entry_initial_normal_long
5160,883759,TIA,0.0,-0.28439356,50831.36365338005,0.0,50831.36365338005,1.0,737.0,1.9294,1474.0,2.0681,entry_grid_normal_long
5161,884562,TIA,0.0,-0.36702048000000004,50830.99663290005,0.0,50830.99663290005,1.0,1032.0,1.7782,2506.0,1.9487158020750197,entry_grid_normal_long
5162,887004,TIA,21.261400000000734,-0.98094864,50851.27708426005,0.0,50851.27708426005,1.0,-2506.0,1.9572,0.0,1.9487158020750197,close_grid_long
5163,887769,TIA,0.0,-0.3254264,50850.95165786005,0.0,50850.95165786005,1.0,845.0,1.9256,845.0,1.9256,entry_initial_normal_long
5164,887779,TIA,6.760000000000006,-0.3267784,50857.38487946005,0.0,50857.38487946005,1.0,-845.0,1.9336,0.0,1.9256,close_grid_long
5165,887792,TIA,0.0,-0.3255109,50857.05936856005,0.0,50857.05936856005,1.0,845.0,1.9261,845.0,1.9261,entry_initial_normal_long
5166,887810,TIA,6.760000000000006,-0.3268629,50863.49250566005,0.0,50863.49250566005,1.0,-845.0,1.9341,0.0,1.9261,close_grid_long
5167,887882,TIA,0.0,-0.3255308,50863.16697486005,0.0,50863.16697486005,1.0,844.0,1.9285,844.0,1.9285,entry_initial_normal_long
5168,887885,TIA,6.752000000000006,-0.32688120000000004,50869.592093660045,0.0,50869.592093660045,1.0,-844.0,1.9365,0.0,1.9285,close_grid_long
5169,887915,TIA,0.0,-0.32566584,50869.26642782005,0.0,50869.26642782005,1.0,844.0,1.9293,844.0,1.9293,entry_initial_normal_long
5170,887926,TIA,6.752000000000006,-0.32701624,50875.69141158005,0.0,50875.69141158005,1.0,-844.0,1.9373,0.0,1.9293,close_grid_long
5171,887952,TIA,0.0,-0.32541486000000003,50875.365996720044,0.0,50875.365996720044,1.0,843.0,1.9301,843.0,1.9301,entry_initial_normal_long
5172,887988,TIA,6.744000000000006,-0.32676366,50881.78323306004,0.0,50881.78323306004,1.0,-843.0,1.9381,0.0,1.9301,close_grid_long
5173,888066,TIA,0.0,-0.32548352,50881.457749540044,0.0,50881.457749540044,1.0,842.0,1.9328,842.0,1.9328,entry_initial_normal_long
5174,888083,TIA,6.736000000000006,-0.32683072,50887.866918820044,0.0,50887.866918820044,1.0,-842.0,1.9408,0.0,1.9328,close_grid_long
5175,888091,TIA,0.0,-0.32556772,50887.541351100044,0.0,50887.541351100044,1.0,842.0,1.9333,842.0,1.9333,entry_initial_normal_long
5176,888149,TIA,6.736000000000006,-0.32691492,50893.95043618004,0.0,50893.95043618004,1.0,-842.0,1.9413,0.0,1.9333,close_grid_long
5177,888311,TIA,0.0,-0.325532,50893.62490418004,0.0,50893.62490418004,1.0,839.0,1.94,839.0,1.94,entry_initial_normal_long
5178,888369,TIA,6.712000000000006,-0.3268744,50900.01002978004,0.0,50900.01002978004,1.0,-839.0,1.948,0.0,1.94,close_grid_long
5179,888388,TIA,0.0,-0.32575014,50899.68427964004,0.0,50899.68427964004,1.0,839.0,1.9413,839.0,1.9413,entry_initial_normal_long
5180,888553,TIA,6.712000000000006,-0.32709254000000004,50906.06918710004,0.0,50906.06918710004,1.0,-839.0,1.9493,0.0,1.9413,close_grid_long
5181,888586,TIA,0.0,-0.32596828,50905.74321882004,0.0,50905.74321882004,1.0,839.0,1.9426,839.0,1.9426,entry_initial_normal_long
5182,888615,TIA,6.711999999999819,-0.32731068,50912.12790814004,0.0,50912.12790814004,1.0,-839.0,1.9506,0.0,1.9426,close_grid_long
5183,888625,TIA,0.0,-0.32568032,50911.802227820044,0.0,50911.802227820044,1.0,838.0,1.9432,838.0,1.9432,entry_initial_normal_long
5184,888653,TIA,6.704000000000006,-0.32702112000000005,50918.17920670004,0.0,50918.17920670004,1.0,-838.0,1.9512,0.0,1.9432,close_grid_long
5185,888677,TIA,0.0,-0.32584792,50917.85335878004,0.0,50917.85335878004,1.0,838.0,1.9442,838.0,1.9442,entry_initial_normal_long
5186,888786,TIA,6.704000000000006,-0.32718872,50924.230170060044,0.0,50924.230170060044,1.0,-838.0,1.9522,0.0,1.9442,close_grid_long
5187,888867,TIA,0.0,-0.32572232,50923.904447740046,0.0,50923.904447740046,1.0,836.0,1.9481,836.0,1.9481,entry_initial_normal_long
5188,888900,TIA,6.688000000000006,-0.32705992,50930.26538782004,0.0,50930.26538782004,1.0,-836.0,1.9561,0.0,1.9481,close_grid_long
5189,888947,TIA,0.0,-0.32602327999999997,50929.93936454004,0.0,50929.93936454004,1.0,836.0,1.9499,836.0,1.9499,entry_initial_normal_long
5190,889083,TIA,6.688000000000006,-0.32736088,50936.30000366004,0.0,50936.30000366004,1.0,-836.0,1.9579,0.0,1.9499,close_grid_long
5191,890615,TIA,0.0,-0.32616428,50935.97383938004,0.0,50935.97383938004,1.0,797.0,2.0462,797.0,2.0462,entry_initial_normal_long
5192,890618,TIA,6.694800000000324,-0.3275032400000001,50942.34113614004,0.0,50942.34113614004,1.0,-797.0,2.0546,0.0,2.0462,close_grid_long
5193,890641,TIA,0.0,-0.32585056000000007,50942.01528558004,0.0,50942.01528558004,1.0,796.0,2.0468,796.0,2.0468,entry_initial_normal_long
5194,890674,TIA,6.686399999999971,-0.32718784,50948.37449774004,0.0,50948.37449774004,1.0,-796.0,2.0552,0.0,2.0468,close_grid_long
5195,890675,TIA,0.0,-0.32593015999999997,50948.048567580045,0.0,50948.048567580045,1.0,796.0,2.0473,796.0,2.0473,entry_initial_normal_long
5196,892571,TIA,0.0,-0.28757888,50947.76098870004,0.0,50947.76098870004,1.0,796.0,1.8064,1592.0,1.92685,entry_grid_normal_long
5197,895661,TIA,0.0,-0.37278896,50947.388199740046,0.0,50947.388199740046,1.0,1114.0,1.6732,2706.0,1.8224279379157426,entry_grid_normal_long
5198,898227,TIA,0.0,-0.58585208,50946.80234766004,0.0,50946.80234766004,1.0,1894.0,1.5466,4600.0,1.7088587826086954,entry_grid_normal_long
5199,901328,TIA,35.1496000000008,-1.57918,50980.37276766005,0.0,50980.37276766005,1.0,-4600.0,1.7165,0.0,1.7088587826086954,close_grid_long
5200,901671,TIA,0.0,-0.32628168,50980.04648598005,0.0,50980.04648598005,1.0,969.0,1.6836,969.0,1.6836,entry_initial_normal_long
5201,901685,TIA,6.783000000000113,-0.32763828000000006,50986.50184770005,0.0,50986.50184770005,1.0,-969.0,1.6906,0.0,1.6836,close_grid_long
5202,901711,TIA,0.0,-0.32643671999999996,50986.175410980046,0.0,50986.175410980046,1.0,969.0,1.6844,969.0,1.6844,entry_initial_normal_long
5203,901811,TIA,6.783000000000113,-0.32779332,50992.63061766005,0.0,50992.63061766005,1.0,-969.0,1.6914,0.0,1.6844,close_grid_long
5204,901846,TIA,0.0,-0.32639024,50992.30422742005,0.0,50992.30422742005,1.0,968.0,1.6859,968.0,1.6859,entry_initial_normal_long
5205,902066,TIA,6.7760000000001135,-0.32774544,50998.752481980046,0.0,50998.752481980046,1.0,-968.0,1.6929,0.0,1.6859,close_grid_long
5206,902199,TIA,0.0,-0.32646936000000004,50998.426012620046,0.0,50998.426012620046,1.0,966.0,1.6898,966.0,1.6898,entry_initial_normal_long
5207,902210,TIA,6.762000000000113,-0.32782176,51004.86019086005,0.0,51004.86019086005,1.0,-966.0,1.6968,0.0,1.6898,close_grid_long
5208,902219,TIA,0.0,-0.32652732,51004.533663540045,0.0,51004.533663540045,1.0,966.0,1.6901,966.0,1.6901,entry_initial_normal_long
5209,902259,TIA,6.762000000000113,-0.32787972,51010.967783820044,0.0,51010.967783820044,1.0,-966.0,1.6971,0.0,1.6901,close_grid_long
5210,902260,TIA,0.0,-0.32662392,51010.64115990004,0.0,51010.64115990004,1.0,966.0,1.6906,966.0,1.6906,entry_initial_normal_long
5211,902268,TIA,6.761999999999899,-0.32797632,51017.07518358004,0.0,51017.07518358004,1.0,-966.0,1.6976,0.0,1.6906,close_grid_long
5212,902270,TIA,0.0,-0.32664324000000006,51016.74854034004,0.0,51016.74854034004,1.0,966.0,1.6907,966.0,1.6907,entry_initial_normal_long
5213,904936,TIA,6.761999999999899,-0.32799564000000003,51023.182544700045,0.0,51023.182544700045,1.0,-966.0,1.6977,0.0,1.6907,close_grid_long
5214,905327,TIA,0.0,-0.3264592,51022.85608550005,0.0,51022.85608550005,1.0,967.0,1.688,967.0,1.688,entry_initial_normal_long
5215,905331,TIA,6.769000000000114,-0.327813,51029.29727250004,0.0,51029.29727250004,1.0,-967.0,1.695,0.0,1.688,close_grid_long
5216,905350,TIA,0.0,-0.3265559,51028.970716600044,0.0,51028.970716600044,1.0,967.0,1.6885,967.0,1.6885,entry_initial_normal_long
5217,905353,TIA,6.769000000000114,-0.3279097,51035.41180690005,0.0,51035.41180690005,1.0,-967.0,1.6955,0.0,1.6885,close_grid_long
5218,906490,TIA,0.0,-0.3265542,51035.085252700046,0.0,51035.085252700046,1.0,945.0,1.7278,945.0,1.7278,entry_initial_normal_long
5219,906581,TIA,6.80400000000009,-0.327915,51041.56133770005,0.0,51041.56133770005,1.0,-945.0,1.735,0.0,1.7278,close_grid_long
5220,906634,TIA,0.0,-0.32668064,51041.23465706005,0.0,51041.23465706005,1.0,944.0,1.7303,944.0,1.7303,entry_initial_normal_long
5221,906645,TIA,6.79680000000009,-0.32804,51047.70341706005,0.0,51047.70341706005,1.0,-944.0,1.7375,0.0,1.7303,close_grid_long
5222,906663,TIA,0.0,-0.32675616,51047.37666090005,0.0,51047.37666090005,1.0,944.0,1.7307,944.0,1.7307,entry_initial_normal_long
5223,906784,TIA,6.79680000000009,-0.32811552000000005,51053.845345380054,0.0,51053.845345380054,1.0,-944.0,1.7379,0.0,1.7307,close_grid_long
5224,907277,TIA,0.0,-0.32687104,51053.51847434005,0.0,51053.51847434005,1.0,932.0,1.7536,932.0,1.7536,entry_initial_normal_long
5225,907300,TIA,6.8035999999998715,-0.32823176,51059.99384258005,0.0,51059.99384258005,1.0,-932.0,1.7609,0.0,1.7536,close_grid_long
5226,907390,TIA,0.0,-0.3266718,51059.66717078005,0.0,51059.66717078005,1.0,930.0,1.7563,930.0,1.7563,entry_initial_normal_long
5227,907393,TIA,6.789000000000078,-0.32802960000000003,51066.12814118005,0.0,51066.12814118005,1.0,-930.0,1.7636,0.0,1.7563,close_grid_long
5228,907410,TIA,0.0,-0.3267276,51065.801413580055,0.0,51065.801413580055,1.0,930.0,1.7566,930.0,1.7566,entry_initial_normal_long
5229,907455,TIA,6.789000000000078,-0.3280854,51072.262328180055,0.0,51072.262328180055,1.0,-930.0,1.7639,0.0,1.7566,close_grid_long
5230,907458,TIA,0.0,-0.32683920000000005,51071.93548898005,0.0,51071.93548898005,1.0,930.0,1.7572,930.0,1.7572,entry_initial_normal_long
5231,907472,TIA,6.788999999999872,-0.328197,51078.396291980054,0.0,51078.396291980054,1.0,-930.0,1.7645,0.0,1.7572,close_grid_long
5232,908568,TIA,0.0,-0.32703822,51078.069253760055,0.0,51078.069253760055,1.0,899.0,1.8189,899.0,1.8189,entry_initial_normal_long
5233,908569,TIA,6.742500000000056,-0.32838672,51084.483367040055,0.0,51084.483367040055,1.0,-899.0,1.8264,0.0,1.8189,close_grid_long
5234,908583,TIA,0.0,-0.32709215999999997,51084.15627488006,0.0,51084.15627488006,1.0,899.0,1.8192,899.0,1.8192,entry_initial_normal_long
5235,908584,TIA,6.742500000000056,-0.32844066,51090.57033422006,0.0,51090.57033422006,1.0,-899.0,1.8267,0.0,1.8192,close_grid_long
5236,908593,TIA,0.0,-0.32712812,51090.24320610006,0.0,51090.24320610006,1.0,899.0,1.8194,899.0,1.8194,entry_initial_normal_long
5237,908653,TIA,6.742500000000056,-0.32847662,51096.65722948006,0.0,51096.65722948006,1.0,-899.0,1.8269,0.0,1.8194,close_grid_long
5238,908666,TIA,0.0,-0.32697976,51096.33024972006,0.0,51096.33024972006,1.0,898.0,1.8206,898.0,1.8206,entry_initial_normal_long
5239,908689,TIA,6.735000000000056,-0.32832676000000005,51102.73692296006,0.0,51102.73692296006,1.0,-898.0,1.8281,0.0,1.8206,close_grid_long
5240,908773,TIA,0.0,-0.32706414,51102.40985882006,0.0,51102.40985882006,1.0,897.0,1.8231,897.0,1.8231,entry_initial_normal_long
5241,908774,TIA,6.727500000000056,-0.32840964,51108.80894918006,0.0,51108.80894918006,1.0,-897.0,1.8306,0.0,1.8231,close_grid_long
5242,908792,TIA,0.0,-0.32713590000000003,51108.48181328006,0.0,51108.48181328006,1.0,897.0,1.8235,897.0,1.8235,entry_initial_normal_long
5243,908843,TIA,6.727500000000056,-0.3284814,51114.88083188006,0.0,51114.88083188006,1.0,-897.0,1.831,0.0,1.8235,close_grid_long
5244,908847,TIA,0.0,-0.32720766000000007,51114.55362422006,0.0,51114.55362422006,1.0,897.0,1.8239,897.0,1.8239,entry_initial_normal_long
5245,908852,TIA,6.727499999999857,-0.32855316,51120.952571060065,0.0,51120.952571060065,1.0,-897.0,1.8314,0.0,1.8239,close_grid_long
5246,908853,TIA,0.0,-0.32722560000000006,51120.62534546007,0.0,51120.62534546007,1.0,897.0,1.824,897.0,1.824,entry_initial_normal_long
5247,908859,TIA,6.727499999999857,-0.3285711,51127.02427436007,0.0,51127.02427436007,1.0,-897.0,1.8315,0.0,1.824,close_grid_long
5248,908949,TIA,0.0,-0.32705090000000003,51126.69722346007,0.0,51126.69722346007,1.0,895.0,1.8271,895.0,1.8271,entry_initial_normal_long
5249,909790,TIA,6.802000000000046,-0.3284113,51133.17081216007,0.0,51133.17081216007,1.0,-895.0,1.8347,0.0,1.8271,close_grid_long
5250,909852,TIA,0.0,-0.32740974,51132.84340242007,0.0,51132.84340242007,1.0,903.0,1.8129,903.0,1.8129,entry_initial_normal_long
5251,909855,TIA,6.772500000000056,-0.32876424000000004,51139.28713818007,0.0,51139.28713818007,1.0,-903.0,1.8204,0.0,1.8129,close_grid_long
5252,909864,TIA,0.0,-0.32744586000000003,51138.95969232007,0.0,51138.95969232007,1.0,903.0,1.8131,903.0,1.8131,entry_initial_normal_long
5253,909866,TIA,6.772500000000056,-0.32880036,51145.40339196008,0.0,51145.40339196008,1.0,-903.0,1.8206,0.0,1.8131,close_grid_long
5254,909901,TIA,0.0,-0.3272456,51145.07614636008,0.0,51145.07614636008,1.0,902.0,1.814,902.0,1.814,entry_initial_normal_long
5255,909995,TIA,6.764999999999856,-0.3285986,51151.51254776008,0.0,51151.51254776008,1.0,-902.0,1.8215,0.0,1.814,close_grid_long
5256,910009,TIA,0.0,-0.32735384,51151.18519392008,0.0,51151.18519392008,1.0,902.0,1.8146,902.0,1.8146,entry_initial_normal_long
5257,910020,TIA,6.765000000000056,-0.32870684,51157.621487080076,0.0,51157.621487080076,1.0,-902.0,1.8221,0.0,1.8146,close_grid_long
5258,910038,TIA,0.0,-0.32744404,51157.29404304008,0.0,51157.29404304008,1.0,902.0,1.8151,902.0,1.8151,entry_initial_normal_long
5259,910047,TIA,6.765000000000056,-0.32879704000000004,51163.73024600008,0.0,51163.73024600008,1.0,-902.0,1.8226,0.0,1.8151,close_grid_long
5260,910090,TIA,0.0,-0.32731528,51163.402930720076,0.0,51163.402930720076,1.0,901.0,1.8164,901.0,1.8164,entry_initial_normal_long
5261,910096,TIA,6.757500000000056,-0.32866678000000005,51169.83176394008,0.0,51169.83176394008,1.0,-901.0,1.8239,0.0,1.8164,close_grid_long
5262,910127,TIA,0.0,-0.32745944,51169.50430450008,0.0,51169.50430450008,1.0,901.0,1.8172,901.0,1.8172,entry_initial_normal_long
5263,910150,TIA,6.757500000000056,-0.32881094,51175.932993560076,0.0,51175.932993560076,1.0,-901.0,1.8247,0.0,1.8172,close_grid_long
5264,910557,TIA,0.0,-0.3273917,51175.60560186008,0.0,51175.60560186008,1.0,887.0,1.8455,887.0,1.8455,entry_initial_normal_long
5265,910579,TIA,6.741200000000045,-0.32873994,51182.01806192008,0.0,51182.01806192008,1.0,-887.0,1.8531,0.0,1.8455,close_grid_long
5266,910582,TIA,0.0,-0.32744492000000003,51181.69061700007,0.0,51181.69061700007,1.0,887.0,1.8458,887.0,1.8458,entry_initial_normal_long
5267,910595,TIA,6.741199999999848,-0.32879316000000003,51188.10302384007,0.0,51188.10302384007,1.0,-887.0,1.8534,0.0,1.8458,close_grid_long
5268,910599,TIA,0.0,-0.32749814000000005,51187.77552570007,0.0,51187.77552570007,1.0,887.0,1.8461,887.0,1.8461,entry_initial_normal_long
5269,910615,TIA,6.741199999999848,-0.32884638,51194.18787932007,0.0,51194.18787932007,1.0,-887.0,1.8537,0.0,1.8461,close_grid_long
5270,910639,TIA,0.0,-0.32764006,51193.860239260066,0.0,51193.860239260066,1.0,887.0,1.8469,887.0,1.8469,entry_initial_normal_long
5271,910651,TIA,6.741200000000045,-0.32898830000000007,51200.27245096007,0.0,51200.27245096007,1.0,-887.0,1.8545,0.0,1.8469,close_grid_long
5272,910653,TIA,0.0,-0.32767554000000004,51199.94477542007,0.0,51199.94477542007,1.0,887.0,1.8471,887.0,1.8471,entry_initial_normal_long
5273,912565,TIA,6.741200000000045,-0.32902378,51206.35695164007,0.0,51206.35695164007,1.0,-887.0,1.8547,0.0,1.8471,close_grid_long
5274,914763,TIA,0.0,-0.32766192000000005,51206.02928972007,0.0,51206.02928972007,1.0,834.0,1.9644,834.0,1.9644,entry_initial_normal_long
5275,914768,TIA,6.755399999999996,-0.329013,51212.45567672007,0.0,51212.45567672007,1.0,-834.0,1.9725,0.0,1.9644,close_grid_long
5276,914774,TIA,0.0,-0.32769528000000003,51212.12798144007,0.0,51212.12798144007,1.0,834.0,1.9646,834.0,1.9646,entry_initial_normal_long
5277,914793,TIA,6.755399999999996,-0.32904636000000004,51218.55433508007,0.0,51218.55433508007,1.0,-834.0,1.9727,0.0,1.9646,close_grid_long
5278,914829,TIA,0.0,-0.32789544000000004,51218.22643964007,0.0,51218.22643964007,1.0,834.0,1.9658,834.0,1.9658,entry_initial_normal_long
5279,915155,TIA,0.0,-0.29450208000000005,51217.93193756007,0.0,51217.93193756007,1.0,834.0,1.7656,1668.0,1.8657,entry_grid_normal_long
5280,916208,TIA,13.177200000000031,-0.6250329600000001,51230.484104600066,0.0,51230.484104600066,1.0,-1668.0,1.8736,0.0,1.8657,close_grid_long
5281,916271,TIA,0.0,-0.32790016,51230.15620444006,0.0,51230.15620444006,1.0,896.0,1.8298,896.0,1.8298,entry_initial_normal_long
5282,918201,TIA,6.809599999999847,-0.32926208,51236.636542360066,0.0,51236.636542360066,1.0,-896.0,1.8374,0.0,1.8298,close_grid_long
5283,918621,TIA,0.0,-0.32797200000000004,51236.30857036007,0.0,51236.30857036007,1.0,905.0,1.812,905.0,1.812,entry_initial_normal_long
5284,918641,TIA,6.787499999999856,-0.3293295,51242.76674086007,0.0,51242.76674086007,1.0,-905.0,1.8195,0.0,1.812,close_grid_long
5285,918766,TIA,0.0,-0.32780706000000004,51242.43893380007,0.0,51242.43893380007,1.0,903.0,1.8151,903.0,1.8151,entry_initial_normal_long
5286,918867,TIA,6.772500000000056,-0.32916156,51248.88227224007,0.0,51248.88227224007,1.0,-903.0,1.8226,0.0,1.8151,close_grid_long
5287,918876,TIA,0.0,-0.32804184000000003,51248.55423040007,0.0,51248.55423040007,1.0,903.0,1.8164,903.0,1.8164,entry_initial_normal_long
5288,918884,TIA,6.772500000000056,-0.32939634,51254.99733406007,0.0,51254.99733406007,1.0,-903.0,1.8239,0.0,1.8164,close_grid_long
5289,919507,TIA,0.0,-0.32794146,51254.66939260007,0.0,51254.66939260007,1.0,891.0,1.8403,891.0,1.8403,entry_initial_normal_long
5290,919537,TIA,6.771600000000046,-0.32929578000000004,51261.11169682007,0.0,51261.11169682007,1.0,-891.0,1.8479,0.0,1.8403,close_grid_long
5291,919732,TIA,0.0,-0.32797712,51260.78371970007,0.0,51260.78371970007,1.0,887.0,1.8488,887.0,1.8488,entry_initial_normal_long
5292,919735,TIA,6.741200000000045,-0.32932536,51267.19559434007,0.0,51267.19559434007,1.0,-887.0,1.8564,0.0,1.8488,close_grid_long
5293,919756,TIA,0.0,-0.32806582,51266.867528520066,0.0,51266.867528520066,1.0,887.0,1.8493,887.0,1.8493,entry_initial_normal_long
5294,919772,TIA,6.741200000000045,-0.32941406,51273.279314460066,0.0,51273.279314460066,1.0,-887.0,1.8569,0.0,1.8493,close_grid_long
5295,919804,TIA,0.0,-0.32824322000000006,51272.951071240066,0.0,51272.951071240066,1.0,887.0,1.8503,887.0,1.8503,entry_initial_normal_long
5296,919809,TIA,6.829900000000036,-0.32960920000000005,51279.45136204007,0.0,51279.45136204007,1.0,-887.0,1.858,0.0,1.8503,close_grid_long
5297,919826,TIA,0.0,-0.32831418,51279.12304786007,0.0,51279.12304786007,1.0,887.0,1.8507,887.0,1.8507,entry_initial_normal_long
5298,922597,TIA,0.0,-0.295371,51278.82767686007,0.0,51278.82767686007,1.0,887.0,1.665,1774.0,1.75785,entry_grid_normal_long
5299,926842,TIA,13.216300000000317,-0.6263284400000001,51291.41764842007,0.0,51291.41764842007,1.0,-1774.0,1.7653,0.0,1.75785,close_grid_long
5300,928862,TIA,0.0,-0.32822548,51291.08942294007,0.0,51291.08942294007,1.0,887.0,1.8502,887.0,1.8502,entry_initial_normal_long
5301,929911,TIA,6.829900000000036,-0.32959146,51297.589731480075,0.0,51297.589731480075,1.0,-887.0,1.8579,0.0,1.8502,close_grid_long
5302,929973,TIA,0.0,-0.32833278,51297.26139870007,0.0,51297.26139870007,1.0,899.0,1.8261,899.0,1.8261,entry_initial_normal_long
5303,931435,TIA,0.0,-0.29625646,51296.96514224007,0.0,51296.96514224007,1.0,899.0,1.6477,1798.0,1.7368999999999999,entry_grid_normal_long
5304,935456,TIA,13.125400000000152,-0.62721432,51309.46332792007,0.0,51309.46332792007,1.0,-1798.0,1.7442,0.0,1.7368999999999999,close_grid_long
5305,935509,TIA,0.0,-0.32842424000000003,51309.134903680075,0.0,51309.134903680075,1.0,956.0,1.7177,956.0,1.7177,entry_initial_normal_long
5306,935524,TIA,6.7876000000001016,-0.32978176000000003,51315.592721920075,0.0,51315.592721920075,1.0,-956.0,1.7248,0.0,1.7177,close_grid_long
5307,935566,TIA,0.0,-0.3282717,51315.26445022008,0.0,51315.26445022008,1.0,955.0,1.7187,955.0,1.7187,entry_initial_normal_long
5308,935871,TIA,6.780500000000101,-0.32962779999999997,51321.71532242008,0.0,51321.71532242008,1.0,-955.0,1.7258,0.0,1.7187,close_grid_long
5309,936068,TIA,0.0,-0.32863040000000004,51321.38669202008,0.0,51321.38669202008,1.0,952.0,1.726,952.0,1.726,entry_initial_normal_long
5310,936144,TIA,6.854400000000091,-0.33000128,51327.91109074008,0.0,51327.91109074008,1.0,-952.0,1.7332,0.0,1.726,close_grid_long
5311,936150,TIA,0.0,-0.3283803,51327.58271044008,0.0,51327.58271044008,1.0,951.0,1.7265,951.0,1.7265,entry_initial_normal_long
5312,936268,TIA,6.8472000000000905,-0.32974974,51334.10016070008,0.0,51334.10016070008,1.0,-951.0,1.7337,0.0,1.7265,close_grid_long
5313,936277,TIA,0.0,-0.32860854,51333.77155216008,0.0,51333.77155216008,1.0,951.0,1.7277,951.0,1.7277,entry_initial_normal_long
5314,940346,TIA,0.0,-0.29975520000000005,51333.471796960075,0.0,51333.471796960075,1.0,951.0,1.576,1902.0,1.65185,entry_grid_normal_long
5315,949750,TIA,13.218900000000023,-0.63100752,51346.05968944007,0.0,51346.05968944007,1.0,-1902.0,1.6588,0.0,1.65185,close_grid_long
5316,949969,TIA,0.0,-0.32875560000000004,51345.730933840074,0.0,51345.730933840074,1.0,1005.0,1.6356,1005.0,1.6356,entry_initial_normal_long
5317,950140,TIA,6.83400000000014,-0.33012240000000004,51352.234811440074,0.0,51352.234811440074,1.0,-1005.0,1.6424,0.0,1.6356,close_grid_long
5318,950156,TIA,0.0,-0.32872968,51351.90608176008,0.0,51351.90608176008,1.0,1004.0,1.6371,1004.0,1.6371,entry_initial_normal_long
5319,950220,TIA,6.827199999999917,-0.33009512,51358.40318664008,0.0,51358.40318664008,1.0,-1004.0,1.6439,0.0,1.6371,close_grid_long
5320,950230,TIA,0.0,-0.3285828,51358.074603840076,0.0,51358.074603840076,1.0,1003.0,1.638,1003.0,1.638,entry_initial_normal_long
5321,950328,TIA,6.82040000000014,-0.32994688000000005,51364.56505696008,0.0,51364.56505696008,1.0,-1003.0,1.6448,0.0,1.638,close_grid_long
5322,950402,TIA,0.0,-0.32883636000000005,51364.236220600076,0.0,51364.236220600076,1.0,1002.0,1.6409,1002.0,1.6409,entry_initial_normal_long
5323,950534,TIA,6.8135999999999175,-0.33019908000000003,51370.719621520075,0.0,51370.719621520075,1.0,-1002.0,1.6477,0.0,1.6409,close_grid_long
5324,950539,TIA,0.0,-0.3288285,51370.39079302007,0.0,51370.39079302007,1.0,1001.0,1.6425,1001.0,1.6425,entry_initial_normal_long
5325,950552,TIA,6.806799999999917,-0.33018986,51376.867403160075,0.0,51376.867403160075,1.0,-1001.0,1.6493,0.0,1.6425,close_grid_long
5326,951966,TIA,0.0,-0.32865264,51376.53875052008,0.0,51376.53875052008,1.0,963.0,1.7064,963.0,1.7064,entry_initial_normal_long
5327,952064,TIA,6.837300000000102,-0.33002010000000004,51383.046030420075,0.0,51383.046030420075,1.0,-963.0,1.7135,0.0,1.7064,close_grid_long
5328,952095,TIA,0.0,-0.32888376,51382.71714666008,0.0,51382.71714666008,1.0,963.0,1.7076,963.0,1.7076,entry_initial_normal_long
5329,952100,TIA,6.837299999999889,-0.33025121999999996,51389.224195440074,0.0,51389.224195440074,1.0,-963.0,1.7147,0.0,1.7076,close_grid_long
5330,953154,TIA,0.0,-0.32885226000000006,51388.89534318008,0.0,51388.89534318008,1.0,921.0,1.7853,921.0,1.7853,entry_initial_normal_long
5331,953169,TIA,6.815399999999863,-0.33021534,51395.380527840076,0.0,51395.380527840076,1.0,-921.0,1.7927,0.0,1.7853,close_grid_long
5332,953287,TIA,0.0,-0.32904720000000004,51395.051480640075,0.0,51395.051480640075,1.0,920.0,1.7883,920.0,1.7883,entry_initial_normal_long
5333,953423,TIA,6.808000000000067,-0.33040880000000006,51401.52907184007,0.0,51401.52907184007,1.0,-920.0,1.7957,0.0,1.7883,close_grid_long
5334,953461,TIA,0.0,-0.32891010000000004,51401.200161740075,0.0,51401.200161740075,1.0,919.0,1.7895,919.0,1.7895,entry_initial_normal_long
5335,953478,TIA,6.800599999999863,-0.33027022,51407.670491520075,0.0,51407.670491520075,1.0,-919.0,1.7969,0.0,1.7895,close_grid_long
5336,953488,TIA,0.0,-0.329002,51407.34148952008,0.0,51407.34148952008,1.0,919.0,1.79,919.0,1.79,entry_initial_normal_long
5337,953494,TIA,6.800600000000067,-0.33036212000000004,51413.811727400076,0.0,51413.811727400076,1.0,-919.0,1.7974,0.0,1.79,close_grid_long
5338,953500,TIA,0.0,-0.32903876000000004,51413.48268864008,0.0,51413.48268864008,1.0,919.0,1.7902,919.0,1.7902,entry_initial_normal_long
5339,953579,TIA,6.800600000000067,-0.33039888,51419.952889760076,0.0,51419.952889760076,1.0,-919.0,1.7976,0.0,1.7902,close_grid_long
5340,953581,TIA,0.0,-0.32924094000000004,51419.623648820074,0.0,51419.623648820074,1.0,919.0,1.7913,919.0,1.7913,entry_initial_normal_long
5341,953729,TIA,6.800600000000067,-0.33060106,51426.09364776008,0.0,51426.09364776008,1.0,-919.0,1.7987,0.0,1.7913,close_grid_long
5342,953734,TIA,0.0,-0.32899284000000006,51425.76465492008,0.0,51425.76465492008,1.0,918.0,1.7919,918.0,1.7919,entry_initial_normal_long
5343,954030,TIA,6.793199999999864,-0.33035148000000003,51432.22750344008,0.0,51432.22750344008,1.0,-918.0,1.7993,0.0,1.7919,close_grid_long
5344,954031,TIA,0.0,-0.32924094000000004,51431.89826250008,0.0,51431.89826250008,1.0,919.0,1.7913,919.0,1.7913,entry_initial_normal_long
5345,954032,TIA,6.800600000000067,-0.33060106,51438.36826144008,0.0,51438.36826144008,1.0,-919.0,1.7987,0.0,1.7913,close_grid_long
5346,954050,TIA,0.0,-0.32931446000000003,51438.03894698008,0.0,51438.03894698008,1.0,919.0,1.7917,919.0,1.7917,entry_initial_normal_long
5347,954053,TIA,6.800599999999863,-0.33067458,51444.50887240008,0.0,51444.50887240008,1.0,-919.0,1.7991,0.0,1.7917,close_grid_long
5348,954159,TIA,0.0,-0.32918466,51444.179687740085,0.0,51444.179687740085,1.0,917.0,1.7949,917.0,1.7949,entry_initial_normal_long
5349,954205,TIA,6.7858000000000676,-0.33054182000000004,51450.63494592009,0.0,51450.63494592009,1.0,-917.0,1.8023,0.0,1.7949,close_grid_long
5350,954210,TIA,0.0,-0.32931304,51450.30563288009,0.0,51450.30563288009,1.0,917.0,1.7956,917.0,1.7956,entry_initial_normal_long
5351,956126,TIA,6.785799999999863,-0.33067019999999997,51456.76076268009,0.0,51456.76076268009,1.0,-917.0,1.803,0.0,1.7956,close_grid_long
5352,956648,TIA,0.0,-0.32944216000000004,51456.43132052009,0.0,51456.43132052009,1.0,914.0,1.8022,914.0,1.8022,entry_initial_normal_long
5353,956652,TIA,6.855000000000057,-0.33081316000000005,51462.955507360086,0.0,51462.955507360086,1.0,-914.0,1.8097,0.0,1.8022,close_grid_long
5354,956657,TIA,0.0,-0.32947872000000006,51462.62602864009,0.0,51462.62602864009,1.0,914.0,1.8024,914.0,1.8024,entry_initial_normal_long
5355,956661,TIA,6.855000000000057,-0.33084972,51469.150178920085,0.0,51469.150178920085,1.0,-914.0,1.8099,0.0,1.8024,close_grid_long
5356,956727,TIA,0.0,-0.32935562,51468.820823300084,0.0,51468.820823300084,1.0,913.0,1.8037,913.0,1.8037,entry_initial_normal_long
5357,957142,TIA,6.8474999999998545,-0.33072512,51475.337598180085,0.0,51475.337598180085,1.0,-913.0,1.8112,0.0,1.8037,close_grid_long
5358,958431,TIA,0.0,-0.32962694000000003,51475.007971240084,0.0,51475.007971240084,1.0,887.0,1.8581,887.0,1.8581,entry_initial_normal_long
5359,958435,TIA,6.829899999999839,-0.33099292,51481.506878320084,0.0,51481.506878320084,1.0,-887.0,1.8658,0.0,1.8581,close_grid_long
5360,958440,TIA,0.0,-0.32966242,51481.17721590008,0.0,51481.17721590008,1.0,887.0,1.8583,887.0,1.8583,entry_initial_normal_long
5361,958457,TIA,6.829900000000036,-0.3310284,51487.676087500084,0.0,51487.676087500084,1.0,-887.0,1.866,0.0,1.8583,close_grid_long
5362,958531,TIA,0.0,-0.32966288,51487.34642462008,0.0,51487.34642462008,1.0,886.0,1.8604,886.0,1.8604,entry_initial_normal_long
5363,958560,TIA,6.822200000000036,-0.33102732,51493.83759730008,0.0,51493.83759730008,1.0,-886.0,1.8681,0.0,1.8604,close_grid_long
5364,958577,TIA,0.0,-0.3294324,51493.50816490008,0.0,51493.50816490008,1.0,885.0,1.8612,885.0,1.8612,entry_initial_normal_long
5365,958580,TIA,6.814500000000035,-0.3307953,51499.991869600075,0.0,51499.991869600075,1.0,-885.0,1.8689,0.0,1.8612,close_grid_long
5366,958599,TIA,0.0,-0.3295209,51499.662348700076,0.0,51499.662348700076,1.0,885.0,1.8617,885.0,1.8617,entry_initial_normal_long
5367,958865,TIA,6.814500000000035,-0.3308838,51506.145964900075,0.0,51506.145964900075,1.0,-885.0,1.8694,0.0,1.8617,close_grid_long
5368,958905,TIA,0.0,-0.32955520000000005,51505.81640970008,0.0,51505.81640970008,1.0,884.0,1.864,884.0,1.864,entry_initial_normal_long
5369,958934,TIA,6.806799999999839,-0.33091655999999997,51512.292293140075,0.0,51512.292293140075,1.0,-884.0,1.8717,0.0,1.864,close_grid_long
5370,958939,TIA,0.0,-0.32964360000000004,51511.96264954007,0.0,51511.96264954007,1.0,884.0,1.8645,884.0,1.8645,entry_initial_normal_long
5371,960962,TIA,0.0,-0.30170919999999996,51511.66094034007,0.0,51511.66094034007,1.0,884.0,1.7065,1768.0,1.7854999999999999,entry_grid_normal_long
5372,964731,TIA,13.43680000000009,-0.6340401600000001,51524.46370018007,0.0,51524.46370018007,1.0,-1768.0,1.7931,0.0,1.7854999999999999,close_grid_long
5373,966183,TIA,0.0,-0.32960668000000004,51524.13409350007,0.0,51524.13409350007,1.0,914.0,1.8031,914.0,1.8031,entry_initial_normal_long
5374,966211,TIA,6.855000000000057,-0.33097768000000005,51530.65811582007,0.0,51530.65811582007,1.0,-914.0,1.8106,0.0,1.8031,close_grid_long
5375,966449,TIA,0.0,-0.32985680000000006,51530.32825902007,0.0,51530.32825902007,1.0,910.0,1.8124,910.0,1.8124,entry_initial_normal_long
5376,966642,TIA,6.825000000000056,-0.33122180000000007,51536.82203722007,0.0,51536.82203722007,1.0,-910.0,1.8199,0.0,1.8124,close_grid_long
5377,966650,TIA,0.0,-0.329966,51536.49207122007,0.0,51536.49207122007,1.0,910.0,1.813,910.0,1.813,entry_initial_normal_long
5378,970581,TIA,0.0,-0.3035578,51536.18851342007,0.0,51536.18851342007,1.0,910.0,1.6679,1820.0,1.74045,entry_grid_normal_long
5379,970919,TIA,0.0,-0.40105520000000006,51535.78745822007,0.0,51535.78745822007,1.0,1274.0,1.574,3094.0,1.6719117647058823,entry_grid_normal_long
5380,970922,TIA,0.0,-0.641136,51535.14632222007,0.0,51535.14632222007,1.0,2166.0,1.48,5260.0,1.5928849809885932,entry_grid_normal_long
5381,975936,TIA,0.0,-0.67251816,51534.47380406007,0.0,51534.47380406007,1.0,2484.0,1.3537,7744.0,1.5161629390495868,entry_grid_cropped_long
5382,977290,TIA,0.0,-1.1490550400000001,51533.324749020074,0.0,51533.324749020074,1.0,4088.0,1.4054,11832.0,1.4778939317106152,entry_trailing_normal_long
5383,984045,TIA,0.0,-1.7615290600000002,51531.56321996007,0.0,51531.56321996007,1.0,6247.0,1.4099,18079.0,1.4543993749654294,entry_trailing_normal_long
5384,985075,TIA,144.643300000001,-5.28774592,51670.918774040074,0.0,51670.918774040074,1.0,-18079.0,1.4624,0.0,1.4543993749654294,close_grid_long
5385,985783,TIA,0.0,-0.33059378,51670.58818026007,0.0,51670.58818026007,1.0,1129.0,1.4641,1129.0,1.4641,entry_initial_normal_long
5386,985785,TIA,6.886899999999994,-0.33197116000000004,51677.14310910007,0.0,51677.14310910007,1.0,-1129.0,1.4702,0.0,1.4641,close_grid_long
5387,985802,TIA,0.0,-0.3306841,51676.81242500007,0.0,51676.81242500007,1.0,1129.0,1.4645,1129.0,1.4645,entry_initial_normal_long
5388,985829,TIA,6.886899999999994,-0.33206148,51683.36726352007,0.0,51683.36726352007,1.0,-1129.0,1.4706,0.0,1.4645,close_grid_long
5389,985834,TIA,0.0,-0.3307518400000001,51683.03651168007,0.0,51683.03651168007,1.0,1129.0,1.4648,1129.0,1.4648,entry_initial_normal_long
5390,985914,TIA,6.886899999999994,-0.33212922000000006,51689.59128246007,0.0,51689.59128246007,1.0,-1129.0,1.4709,0.0,1.4648,close_grid_long
5391,986439,TIA,0.0,-0.33090256000000007,51689.260379900064,0.0,51689.260379900064,1.0,1114.0,1.4852,1114.0,1.4852,entry_initial_normal_long
5392,987287,TIA,6.906799999999981,-0.33228392000000007,51695.834895980064,0.0,51695.834895980064,1.0,-1114.0,1.4914,0.0,1.4852,close_grid_long
5393,987297,TIA,0.0,-0.33076888,51695.50412710007,0.0,51695.50412710007,1.0,1114.0,1.4846,1114.0,1.4846,entry_initial_normal_long
5394,987318,TIA,6.906799999999981,-0.33215024,51702.078776860064,0.0,51702.078776860064,1.0,-1114.0,1.4908,0.0,1.4846,close_grid_long
5395,987420,TIA,0.0,-0.33087802000000005,51701.74789884006,0.0,51701.74789884006,1.0,1111.0,1.4891,1111.0,1.4891,entry_initial_normal_long
5396,987421,TIA,6.888199999999982,-0.33225566000000006,51708.30384318006,0.0,51708.30384318006,1.0,-1111.0,1.4953,0.0,1.4891,close_grid_long
5397,987423,TIA,0.0,-0.33090024000000007,51707.97294294006,0.0,51707.97294294006,1.0,1111.0,1.4892,1111.0,1.4892,entry_initial_normal_long
5398,987424,TIA,8.665800000000033,-0.3326334,51716.30610954006,0.0,51716.30610954006,1.0,-1111.0,1.497,0.0,1.4892,close_grid_long
5399,987472,TIA,0.0,-0.3308688,51715.97524074006,0.0,51715.97524074006,1.0,1110.0,1.4904,1110.0,1.4904,entry_initial_normal_long
5400,987497,TIA,6.881999999999982,-0.3322452,51722.52499554006,0.0,51722.52499554006,1.0,-1110.0,1.4966,0.0,1.4904,close_grid_long
5401,987865,TIA,0.0,-0.33117304000000003,51722.193822500056,0.0,51722.193822500056,1.0,1102.0,1.5026,1102.0,1.5026,entry_initial_normal_long
5402,989187,TIA,6.9425999999999695,-0.33256156,51728.803860940054,0.0,51728.803860940054,1.0,-1102.0,1.5089,0.0,1.5026,close_grid_long
5403,989954,TIA,0.0,-0.33120740000000004,51728.472653540055,0.0,51728.472653540055,1.0,1090.0,1.5193,1090.0,1.5193,entry_initial_normal_long
5404,989965,TIA,6.86699999999997,-0.3325808,51735.00707274005,0.0,51735.00707274005,1.0,-1090.0,1.5256,0.0,1.5193,close_grid_long
5405,989975,TIA,0.0,-0.3309688800000001,51734.67610386005,0.0,51734.67610386005,1.0,1089.0,1.5196,1089.0,1.5196,entry_initial_normal_long
5406,989986,TIA,6.860699999999969,-0.33234102000000004,51741.204462840054,0.0,51741.204462840054,1.0,-1089.0,1.5259,0.0,1.5196,close_grid_long
5407,990003,TIA,0.0,-0.33107778,51740.873385060055,0.0,51740.873385060055,1.0,1089.0,1.5201,1089.0,1.5201,entry_initial_normal_long
5408,991552,TIA,6.860699999999969,-0.33244992,51747.40163514006,0.0,51747.40163514006,1.0,-1089.0,1.5264,0.0,1.5201,close_grid_long
5409,992318,TIA,0.0,-0.3312184,51747.070416740054,0.0,51747.070416740054,1.0,1081.0,1.532,1081.0,1.532,entry_initial_normal_long
5410,992430,TIA,6.918399999999958,-0.33260207999999997,51753.656214660055,0.0,51753.656214660055,1.0,-1081.0,1.5384,0.0,1.532,close_grid_long
5411,992536,TIA,0.0,-0.33131774,51753.32489692006,0.0,51753.32489692006,1.0,1079.0,1.5353,1079.0,1.5353,entry_initial_normal_long
5412,997410,TIA,0.0,-0.30240054,51753.02249638006,0.0,51753.02249638006,1.0,1079.0,1.4013,2158.0,1.4683000000000002,entry_grid_normal_long
5413,997649,TIA,0.0,-0.39787652,51752.62461986006,0.0,51752.62461986006,1.0,1511.0,1.3166,3669.0,1.405825565549196,entry_grid_normal_long
5414,997736,TIA,0.0,-0.6336796800000001,51751.990940180054,0.0,51751.990940180054,1.0,2568.0,1.2338,6237.0,1.3349963764630433,entry_grid_normal_long
5415,997753,TIA,0.0,-0.69263368,51751.29830650005,0.0,51751.29830650005,1.0,3074.0,1.1266,9311.0,1.2661949092471272,entry_grid_cropped_long
5416,997756,TIA,0.0,-1.02439608,51750.27391042005,0.0,51750.27391042005,1.0,4916.0,1.0419,14227.0,1.188692008153511,entry_trailing_normal_long
5417,997762,TIA,0.0,-0.36894032000000004,51749.904970100055,0.0,51749.904970100055,1.0,7511.0,0.2456,21738.0,0.8628311160180329,entry_trailing_normal_long
5418,997764,TIA,0.0,-0.7124300800000001,51749.192540020056,0.0,51749.192540020056,1.0,11476.0,0.3104,33214.0,0.6719568013488287,entry_trailing_normal_long
5419,997766,TIA,0.0,-1.6290015000000002,51747.56353852006,0.0,51747.56353852006,1.0,17535.0,0.4645,50749.0,0.6002754872017182,entry_trailing_normal_long
5420,997768,TIA,0.0,-2.90746784,51744.65607068006,0.0,51744.65607068006,1.0,26792.0,0.5426,77541.0,0.5803474278123831,entry_trailing_normal_long
5421,997770,TIA,0.0,-4.659449340000001,51739.99662134006,0.0,51739.99662134006,1.0,40937.0,0.5691,118478.0,0.5764611708502845,entry_trailing_normal_long
5422,997773,TIA,0.0,-7.130586,51732.86603534006,0.0,51732.86603534006,1.0,62549.0,0.57,181027.0,0.5742286874333663,entry_trailing_normal_long
5423,997781,TIA,1020.9024707419323,-2.99102716,52750.777478922,0.0,52750.777478922,1.0,-24266.0,0.6163,156761.0,0.5742286874333663,close_trailing_long
5424,997783,TIA,0.0,-3.09691888,52747.680560042,0.0,52747.680560042,1.0,22396.0,0.6914,179157.0,0.5888760007744154,entry_trailing_cropped_long
5425,997788,TIA,5641.237805316454,-3.9696920400000004,58384.94867331845,0.0,58384.94867331845,1.0,-24126.0,0.8227,155031.0,0.5888760007744154,close_trailing_long
5426,997790,TIA,0.0,-5.095236960000001,58379.853436358455,0.0,58379.853436358455,1.0,30536.0,0.8343,185567.0,0.629261776479969,entry_trailing_cropped_long
5427,997794,TIA,5308.618767542056,-4.206648260000001,63684.26555564051,0.0,63684.26555564051,1.0,-24989.0,0.8417,160578.0,0.629261776479969,close_trailing_long
5428,997796,TIA,6646.786134932526,-4.75996658,70326.29172399304,0.0,70326.29172399304,1.0,-27259.0,0.8731,133319.0,0.629261776479969,close_trailing_long
5429,997799,TIA,7502.569004399973,-5.2889214,77823.57180699302,0.0,77823.57180699302,1.0,-30102.0,0.8785,103217.0,0.629261776479969,close_trailing_long
5430,997801,TIA,22298.81731706705,-17.44986602,100104.93925804006,0.0,100104.93925804006,1.0,-103217.0,0.8453,0.0,0.629261776479969,close_grid_long
5431,997802,TIA,0.0,-0.64065232,100104.29860572006,0.0,100104.29860572006,1.0,3839.0,0.8344,3839.0,0.8344,entry_initial_normal_long
5432,997803,TIA,23.801799999999936,-0.6454126800000001,100127.45499304007,0.0,100127.45499304007,1.0,-3839.0,0.8406,0.0,0.8344,close_grid_long
5433,997804,TIA,0.0,-0.6407803200000001,100126.81421272007,0.0,100126.81421272007,1.0,3876.0,0.8266,3876.0,0.8266,entry_initial_normal_long
5434,997806,TIA,13.565999999999796,-0.64349352,100139.73671920007,0.0,100139.73671920007,1.0,-3876.0,0.8301,0.0,0.8266,close_grid_long
5435,997807,TIA,0.0,-0.64089312,100139.09582608007,0.0,100139.09582608007,1.0,3962.0,0.8088,3962.0,0.8088,entry_initial_normal_long
5436,997808,TIA,13.470800000000276,-0.6435872800000001,100151.92303880007,0.0,100151.92303880007,1.0,-3962.0,0.8122,0.0,0.8088,close_grid_long
5437,997809,TIA,0.0,-0.6410421000000001,100151.28199670007,0.0,100151.28199670007,1.0,3915.0,0.8187,3915.0,0.8187,entry_initial_normal_long
5438,997810,TIA,58.72500000000005,-0.6527871000000001,100209.35420960007,0.0,100209.35420960007,1.0,-3915.0,0.8337,0.0,0.8187,close_grid_long
5439,997811,TIA,0.0,-0.6414086800000001,100208.71280092007,0.0,100208.71280092007,1.0,3817.0,0.8402,3817.0,0.8402,entry_initial_normal_long
5440,997812,TIA,33.97130000000007,-0.64820294,100242.03589798007,0.0,100242.03589798007,1.0,-3817.0,0.8491,0.0,0.8402,close_grid_long
5441,997813,TIA,0.0,-0.64158796,100241.39431002007,0.0,100241.39431002007,1.0,3809.0,0.8422,3809.0,0.8422,entry_initial_normal_long
5442,997814,TIA,34.66189999999999,-0.64852034,100275.40768968007,0.0,100275.40768968007,1.0,-3809.0,0.8513,0.0,0.8422,close_grid_long
5443,997815,TIA,0.0,-0.6418104,100274.76587928006,0.0,100274.76587928006,1.0,3795.0,0.8456,3795.0,0.8456,entry_initial_normal_long
5444,997821,TIA,13.282499999999802,-0.6444669000000001,100287.40391238006,0.0,100287.40391238006,1.0,-3795.0,0.8491,0.0,0.8456,close_grid_long
5445,997822,TIA,0.0,-0.6419088000000001,100286.76200358006,0.0,100286.76200358006,1.0,3810.0,0.8424,3810.0,0.8424,entry_initial_normal_long
5446,997852,TIA,13.3349999999998,-0.6445758,100299.45242778007,0.0,100299.45242778007,1.0,-3810.0,0.8459,0.0,0.8424,close_grid_long
5447,997853,TIA,0.0,-0.6419287800000001,100298.81049900007,0.0,100298.81049900007,1.0,3711.0,0.8649,3711.0,0.8649,entry_initial_normal_long
5448,997854,TIA,13.359600000000176,-0.6446007000000001,100311.52549830008,0.0,100311.52549830008,1.0,-3711.0,0.8685,0.0,0.8649,close_grid_long
5449,997855,TIA,0.0,-0.6420279000000001,100310.88347040008,0.0,100310.88347040008,1.0,3709.0,0.8655,3709.0,0.8655,entry_initial_normal_long
5450,997856,TIA,13.352399999999765,-0.64469838,100323.59117202008,0.0,100323.59117202008,1.0,-3709.0,0.8691,0.0,0.8655,close_grid_long
5451,997857,TIA,0.0,-0.6420450000000001,100322.94912702008,0.0,100322.94912702008,1.0,3722.0,0.8625,3722.0,0.8625,entry_initial_normal_long
5452,997858,TIA,34.98679999999987,-0.64904236,100357.28688466008,0.0,100357.28688466008,1.0,-3722.0,0.8719,0.0,0.8625,close_grid_long
5453,997859,TIA,0.0,-0.6422415600000001,100356.64464310008,0.0,100356.64464310008,1.0,3662.0,0.8769,3662.0,0.8769,entry_initial_normal_long
5454,997877,TIA,13.549400000000134,-0.64495144,100369.54909166008,0.0,100369.54909166008,1.0,-3662.0,0.8806,0.0,0.8769,close_grid_long
5455,997878,TIA,0.0,-0.64240558,100368.90668608008,0.0,100368.90668608008,1.0,3629.0,0.8851,3629.0,0.8851,entry_initial_normal_long
5456,997879,TIA,13.427300000000132,-0.6450910400000001,100381.68889504008,0.0,100381.68889504008,1.0,-3629.0,0.8888,0.0,0.8851,close_grid_long
5457,997880,TIA,0.0,-0.6425025600000001,100381.04639248007,0.0,100381.04639248007,1.0,3612.0,0.8894,3612.0,0.8894,entry_initial_normal_long
5458,997881,TIA,13.364400000000131,-0.64517544,100393.76561704007,0.0,100393.76561704007,1.0,-3612.0,0.8931,0.0,0.8894,close_grid_long
5459,997882,TIA,0.0,-0.64256244,100393.12305460007,0.0,100393.12305460007,1.0,3601.0,0.8922,3601.0,0.8922,entry_initial_normal_long
5460,997883,TIA,50.053900000000084,-0.6525732200000001,100442.52438138008,0.0,100442.52438138008,1.0,-3601.0,0.9061,0.0,0.8922,close_grid_long
5461,997884,TIA,0.0,-0.6429127800000001,100441.88146860008,0.0,100441.88146860008,1.0,3543.0,0.9073,3543.0,0.9073,entry_initial_normal_long
5462,997885,TIA,15.234899999999895,-0.64595976,100456.47040884009,0.0,100456.47040884009,1.0,-3543.0,0.9116,0.0,0.9073,close_grid_long
5463,997886,TIA,0.0,-0.6429658800000001,100455.82744296009,0.0,100455.82744296009,1.0,3494.0,0.9201,3494.0,0.9201,entry_initial_normal_long
5464,997887,TIA,22.361599999999864,-0.6474382,100477.54160476009,0.0,100477.54160476009,1.0,-3494.0,0.9265,0.0,0.9201,close_grid_long
5465,997888,TIA,0.0,-0.6430374600000001,100476.89856730009,0.0,100476.89856730009,1.0,3471.0,0.9263,3471.0,0.9263,entry_initial_normal_long
5466,997892,TIA,13.53690000000005,-0.6457448400000001,100489.78972246009,0.0,100489.78972246009,1.0,-3471.0,0.9302,0.0,0.9263,close_grid_long
5467,997894,TIA,0.0,-0.6431209600000001,100489.14660150009,0.0,100489.14660150009,1.0,3448.0,0.9326,3448.0,0.9326,entry_initial_normal_long
5468,997895,TIA,13.44720000000005,-0.6458104,100501.9479911001,0.0,100501.9479911001,1.0,-3448.0,0.9365,0.0,0.9326,close_grid_long
5469,997896,TIA,0.0,-0.64326576,100501.3047253401,0.0,100501.3047253401,1.0,3426.0,0.9388,3426.0,0.9388,entry_initial_normal_long
5470,997904,TIA,13.36140000000005,-0.64593804,100514.0201873001,0.0,100514.0201873001,1.0,-3426.0,0.9427,0.0,0.9388,close_grid_long
5471,997905,TIA,0.0,-0.6432160800000001,100513.3769712201,0.0,100513.3769712201,1.0,3417.0,0.9412,3417.0,0.9412,entry_initial_normal_long
5472,997927,TIA,13.32630000000005,-0.6458813400000001,100526.05738988011,0.0,100526.05738988011,1.0,-3417.0,0.9451,0.0,0.9412,close_grid_long
5473,997928,TIA,0.0,-0.6433182000000001,100525.4140716801,0.0,100525.4140716801,1.0,3402.0,0.9455,3402.0,0.9455,entry_initial_normal_long
5474,997929,TIA,17.69039999999994,-0.64685628,100542.45761540011,0.0,100542.45761540011,1.0,-3402.0,0.9507,0.0,0.9455,close_grid_long
5475,997930,TIA,0.0,-0.643509,100541.81410640011,0.0,100541.81410640011,1.0,3378.0,0.9525,3378.0,0.9525,entry_initial_normal_long
5476,997970,TIA,13.512000000000011,-0.6462114000000001,100554.67989500011,0.0,100554.67989500011,1.0,-3378.0,0.9565,0.0,0.9525,close_grid_long
5477,997971,TIA,0.0,-0.643468,100554.03642700012,0.0,100554.03642700012,1.0,3350.0,0.9604,3350.0,0.9604,entry_initial_normal_long
5478,998067,TIA,13.400000000000013,-0.6461480000000001,100566.79027900011,0.0,100566.79027900011,1.0,-3350.0,0.9644,0.0,0.9604,close_grid_long
5479,998068,TIA,0.0,-0.64366204,100566.1466169601,0.0,100566.1466169601,1.0,3334.0,0.9653,3334.0,0.9653,entry_initial_normal_long
5480,998072,TIA,13.336000000000013,-0.64632924,100578.8362877201,0.0,100578.8362877201,1.0,-3334.0,0.9693,0.0,0.9653,close_grid_long
5481,998073,TIA,0.0,-0.64376336,100578.1925243601,0.0,100578.1925243601,1.0,3317.0,0.9704,3317.0,0.9704,entry_initial_normal_long
5482,998074,TIA,15.258199999999793,-0.646815,100592.8039093601,0.0,100592.8039093601,1.0,-3317.0,0.975,0.0,0.9704,close_grid_long
5483,998075,TIA,0.0,-0.64388682,100592.16002254009,0.0,100592.16002254009,1.0,3303.0,0.9747,3303.0,0.9747,entry_initial_normal_long
5484,998080,TIA,13.212000000000012,-0.64652922,100604.72549332009,0.0,100604.72549332009,1.0,-3303.0,0.9787,0.0,0.9747,close_grid_long
5485,998081,TIA,0.0,-0.6438530000000001,100604.08164032009,0.0,100604.08164032009,1.0,3290.0,0.9785,3290.0,0.9785,entry_initial_normal_long
5486,998082,TIA,13.81799999999994,-0.6466166000000001,100617.25302372008,0.0,100617.25302372008,1.0,-3290.0,0.9827,0.0,0.9785,close_grid_long
5487,998083,TIA,0.0,-0.64393032,100616.60909340008,0.0,100616.60909340008,1.0,3278.0,0.9822,3278.0,0.9822,entry_initial_normal_long
5488,998086,TIA,13.439799999999975,-0.64661828,100629.40227512008,0.0,100629.40227512008,1.0,-3278.0,0.9863,0.0,0.9822,close_grid_long
5489,998087,TIA,0.0,-0.644056,100628.75821912008,0.0,100628.75821912008,1.0,3286.0,0.98,3286.0,0.98,entry_initial_normal_long
5490,998090,TIA,13.472599999999975,-0.64675052,100641.58406860007,0.0,100641.58406860007,1.0,-3286.0,0.9841,0.0,0.98,close_grid_long
5491,998091,TIA,0.0,-0.64406118,100640.94000742007,0.0,100640.94000742007,1.0,3279.0,0.9821,3279.0,0.9821,entry_initial_normal_long
5492,998416,TIA,13.443899999999976,-0.6467499600000001,100653.73715746007,0.0,100653.73715746007,1.0,-3279.0,0.9862,0.0,0.9821,close_grid_long
5493,998417,TIA,0.0,-0.64424672,100653.09291074007,0.0,100653.09291074007,1.0,3263.0,0.9872,3263.0,0.9872,entry_initial_normal_long
5494,998418,TIA,18.599100000000124,-0.64796654,100671.04404420007,0.0,100671.04404420007,1.0,-3263.0,0.9929,0.0,0.9872,close_grid_long
5495,998419,TIA,0.0,-0.6442947,100670.39974950007,0.0,100670.39974950007,1.0,3255.0,0.9897,3255.0,0.9897,entry_initial_normal_long
5496,998420,TIA,24.086999999999875,-0.6491121000000001,100693.83763740007,0.0,100693.83763740007,1.0,-3255.0,0.9971,0.0,0.9897,close_grid_long
5497,998421,TIA,0.0,-0.64434216,100693.19329524007,0.0,100693.19329524007,1.0,3234.0,0.9962,3234.0,0.9962,entry_initial_normal_long
5498,998422,TIA,13.259399999999976,-0.6469940399999999,100705.80570120006,0.0,100705.80570120006,1.0,-3234.0,1.0003,0.0,0.9962,close_grid_long
5499,998423,TIA,0.0,-0.64443792,100705.16126328007,0.0,100705.16126328007,1.0,3228.0,0.9982,3228.0,0.9982,entry_initial_normal_long
5500,998424,TIA,13.234799999999975,-0.64708488,100717.74897840006,0.0,100717.74897840006,1.0,-3228.0,1.0023,0.0,0.9982,close_grid_long
5501,998425,TIA,0.0,-0.6445084,100717.10447000006,0.0,100717.10447000006,1.0,3229.0,0.998,3229.0,0.998,entry_initial_normal_long
5502,998426,TIA,13.238899999999976,-0.64715618,100729.69621382006,0.0,100729.69621382006,1.0,-3229.0,1.0021,0.0,0.998,close_grid_long
5503,998427,TIA,0.0,-0.6447302400000001,100729.05148358006,0.0,100729.05148358006,1.0,3234.0,0.9968,3234.0,0.9968,entry_initial_normal_long
5504,998441,TIA,13.259399999999617,-0.64738212,100741.66350146006,0.0,100741.66350146006,1.0,-3234.0,1.0009,0.0,0.9968,close_grid_long
5505,998442,TIA,0.0,-0.64471536,100741.01878610006,0.0,100741.01878610006,1.0,3221.0,1.0008,3221.0,1.0008,entry_initial_normal_long
5506,998455,TIA,13.528199999999941,-0.6474209999999999,100753.89956510006,0.0,100753.89956510006,1.0,-3221.0,1.005,0.0,1.0008,close_grid_long
5507,998456,TIA,0.0,-0.64479942,100753.25476568006,0.0,100753.25476568006,1.0,3207.0,1.0053,3207.0,1.0053,entry_initial_normal_long
5508,998462,TIA,13.46939999999994,-0.6474933,100766.07667238006,0.0,100766.07667238006,1.0,-3207.0,1.0095,0.0,1.0053,close_grid_long
5509,998463,TIA,0.0,-0.6448266,100765.43184578007,0.0,100765.43184578007,1.0,3190.0,1.0107,3190.0,1.0107,entry_initial_normal_long
5510,998464,TIA,14.355000000000544,-0.6476976000000001,100779.13914818007,0.0,100779.13914818007,1.0,-3190.0,1.0152,0.0,1.0107,close_grid_long
5511,998465,TIA,0.0,-0.64495552,100778.49419266007,0.0,100778.49419266007,1.0,3179.0,1.0144,3179.0,1.0144,entry_initial_normal_long
5512,998466,TIA,13.35179999999994,-0.64762588,100791.19836678007,0.0,100791.19836678007,1.0,-3179.0,1.0186,0.0,1.0144,close_grid_long
5513,998467,TIA,0.0,-0.6449944799999999,100790.55337230007,0.0,100790.55337230007,1.0,3172.0,1.0167,3172.0,1.0167,entry_initial_normal_long
5514,1000277,TIA,13.322399999999941,-0.64765896,100803.22811334007,0.0,100803.22811334007,1.0,-3172.0,1.0209,0.0,1.0167,close_grid_long
5515,1002622,TIA,0.0,-0.6451588,100802.58295454006,0.0,100802.58295454006,1.0,2860.0,1.1279,2860.0,1.1279,entry_initial_normal_long
5516,1002627,TIA,13.728000000000392,-0.6479044,100815.66305014007,0.0,100815.66305014007,1.0,-2860.0,1.1327,0.0,1.1279,close_grid_long
5517,1002628,TIA,0.0,-0.6452159999999999,100815.01783414006,0.0,100815.01783414006,1.0,2860.0,1.128,2860.0,1.128,entry_initial_normal_long
5518,1002631,TIA,13.728000000000392,-0.6479616,100828.09787254006,0.0,100828.09787254006,1.0,-2860.0,1.1328,0.0,1.128,close_grid_long
5519,1002632,TIA,0.0,-0.6452159999999999,100827.45265654006,0.0,100827.45265654006,1.0,2860.0,1.128,2860.0,1.128,entry_initial_normal_long
5520,1003192,TIA,13.728000000000392,-0.6479616,100840.53269494006,0.0,100840.53269494006,1.0,-2860.0,1.1328,0.0,1.128,close_grid_long
5521,1003261,TIA,0.0,-0.64533072,100839.88736422006,0.0,100839.88736422006,1.0,2883.0,1.1192,2883.0,1.1192,entry_initial_normal_long
5522,1003263,TIA,13.550099999999787,-0.6480407399999999,100852.78942348006,0.0,100852.78942348006,1.0,-2883.0,1.1239,0.0,1.1192,close_grid_long
5523,1003905,TIA,0.0,-0.6454041,100852.14401938007,0.0,100852.14401938007,1.0,2827.0,1.1415,2827.0,1.1415,entry_initial_normal_long
5524,1003913,TIA,13.569600000000388,-0.6481180200000001,100865.06550136006,0.0,100865.06550136006,1.0,-2827.0,1.1463,0.0,1.1415,close_grid_long
5525,1003922,TIA,0.0,-0.64551718,100864.41998418006,0.0,100864.41998418006,1.0,2827.0,1.1417,2827.0,1.1417,entry_initial_normal_long
5526,1003930,TIA,13.569600000000388,-0.6482311000000001,100877.34135308006,0.0,100877.34135308006,1.0,-2827.0,1.1465,0.0,1.1417,close_grid_long
5527,1003961,TIA,0.0,-0.6455714400000001,100876.69578164005,0.0,100876.69578164005,1.0,2826.0,1.1422,2826.0,1.1422,entry_initial_normal_long
5528,1003970,TIA,13.56479999999976,-0.6482844,100889.61229724005,0.0,100889.61229724005,1.0,-2826.0,1.147,0.0,1.1422,close_grid_long
5529,1004004,TIA,0.0,-0.6457385000000001,100888.96655874005,0.0,100888.96655874005,1.0,2825.0,1.1429,2825.0,1.1429,entry_initial_normal_long
5530,1004170,TIA,13.55999999999976,-0.6484505,100901.87810824005,0.0,100901.87810824005,1.0,-2825.0,1.1477,0.0,1.1429,close_grid_long
5531,1004173,TIA,0.0,-0.6456820000000001,100901.23242624005,0.0,100901.23242624005,1.0,2825.0,1.1428,2825.0,1.1428,entry_initial_normal_long
5532,1004175,TIA,13.55999999999976,-0.648394,100914.14403224004,0.0,100914.14403224004,1.0,-2825.0,1.1476,0.0,1.1428,close_grid_long
5533,1004218,TIA,0.0,-0.64590528,100913.49812696004,0.0,100913.49812696004,1.0,2824.0,1.1436,2824.0,1.1436,entry_initial_normal_long
5534,1006988,TIA,0.0,-0.55531136,100912.94281560004,0.0,100912.94281560004,1.0,2824.0,0.9832,5648.0,1.0634,entry_grid_normal_long
5535,1013227,TIA,25.416000000000963,-1.20629984,100937.15251576004,0.0,100937.15251576004,1.0,-5648.0,1.0679,0.0,1.0634,close_grid_long
5536,1013601,TIA,0.0,-0.6458935800000001,100936.50662218004,0.0,100936.50662218004,1.0,3099.0,1.0421,3099.0,1.0421,entry_initial_normal_long
5537,1013630,TIA,13.325699999999909,-0.64855872,100949.18376346004,0.0,100949.18376346004,1.0,-3099.0,1.0464,0.0,1.0421,close_grid_long
5538,1013643,TIA,0.0,-0.6461415,100948.53762196004,0.0,100948.53762196004,1.0,3099.0,1.0425,3099.0,1.0425,entry_initial_normal_long
5539,1015031,TIA,0.0,-0.5728811400000001,100947.96474082004,0.0,100947.96474082004,1.0,3099.0,0.9243,6198.0,0.9834,entry_grid_normal_long
