{
    "adg": 0.0030049136285215106,
    "adg_per_exposure_long": 0.0015024568142607553,
    "adg_per_exposure_short": 0.0,
    "adg_w": 0.0038575852981284743,
    "adg_w_per_exposure_long": 0.0019287926490642372,
    "adg_w_per_exposure_short": 0.0,
    "calmar_ratio": 0.007635430350736226,
    "calmar_ratio_w": 0.009794210488647433,
    "drawdown_worst": 0.39354869214827815,
    "drawdown_worst_mean_1pct": 0.18197315576813947,
    "equity_balance_diff_neg_max": 0.3956662157223752,
    "equity_balance_diff_neg_mean": 0.006388041786740724,
    "equity_balance_diff_pos_max": 0.42269783449240567,
    "equity_balance_diff_pos_mean": 0.03359400561646938,
    "equity_choppiness": 2.4719523303029423,
    "equity_choppiness_w": 2.4384127553544213,
    "equity_jerkiness": 0.010516377271078639,
    "equity_jerkiness_w": 0.015089063628528002,
    "expected_shortfall_1pct": 0.12757945184428643,
    "exponential_fit_error": 0.08253055597331375,
    "exponential_fit_error_w": 0.022474338168641448,
    "flat_btc_balance_hours": 0.0,
    "gain": 301.80352699498604,
    "gain_per_exposure_long": 150.90176349749302,
    "gain_per_exposure_short": 0.0,
    "loss_profit_ratio": 0.002077568397310691,
    "loss_profit_ratio_long": 0.002077568397310691,
    "loss_profit_ratio_short": 1.0,
    "loss_profit_ratio_w": 0.0008437935592338103,
    "mdg": 0.000627309873545101,
    "mdg_per_exposure_long": 0.0003136549367725505,
    "mdg_per_exposure_short": 0.0,
    "mdg_w": 0.000607895207683715,
    "mdg_w_per_exposure_long": 0.0003039476038418575,
    "mdg_w_per_exposure_short": 0.0,
    "omega_ratio": 2.623661938740308,
    "omega_ratio_w": 2.419321985286936,
    "pnl_ratio_long_short": 1.0,
    "position_held_hours_max": 733.9666666666667,
    "position_held_hours_mean": 4.299357382219594,
    "position_held_hours_median": 0.25,
    "position_unchanged_hours_max": 384.6333333333333,
    "positions_held_per_day": 4.442984760903836,
    "sharpe_ratio": 0.07424626116068851,
    "sharpe_ratio_w": 0.06528955655621713,
    "sortino_ratio": 0.11282883695514974,
    "sortino_ratio_w": 0.10396953909406885,
    "sterling_ratio": 0.016512950032862055,
    "sterling_ratio_w": 0.01600329991786955,
    "volume_pct_per_day_avg": 0.6549821183100041,
    "volume_pct_per_day_avg_w": 0.5378778068631158
}