{"analysis": {"adg": 0.0030049136285215106,
              "adg_per_exposure_long": 0.0015024568142607553,
              "adg_per_exposure_short": 0.0,
              "adg_w": 0.0038575852981284743,
              "adg_w_per_exposure_long": 0.0019287926490642372,
              "adg_w_per_exposure_short": 0.0,
              "calmar_ratio": 0.007635430350736226,
              "calmar_ratio_w": 0.009794210488647433,
              "drawdown_worst": 0.39354869214827815,
              "drawdown_worst_mean_1pct": 0.18197315576813947,
              "equity_balance_diff_neg_max": 0.3956662157223752,
              "equity_balance_diff_neg_mean": 0.006388041786740724,
              "equity_balance_diff_pos_max": 0.42269783449240567,
              "equity_balance_diff_pos_mean": 0.03359400561646938,
              "equity_choppiness": 2.4719523303029423,
              "equity_choppiness_w": 2.4384127553544213,
              "equity_jerkiness": 0.010516377271078639,
              "equity_jerkiness_w": 0.015089063628528002,
              "expected_shortfall_1pct": 0.12757945184428643,
              "exponential_fit_error": 0.08253055597331375,
              "exponential_fit_error_w": 0.022474338168641448,
              "flat_btc_balance_hours": 0.0,
              "gain": 301.80352699498604,
              "gain_per_exposure_long": 150.90176349749302,
              "gain_per_exposure_short": 0.0,
              "loss_profit_ratio": 0.002077568397310691,
              "loss_profit_ratio_long": 0.002077568397310691,
              "loss_profit_ratio_short": 1.0,
              "loss_profit_ratio_w": 0.0008437935592338103,
              "mdg": 0.000627309873545101,
              "mdg_per_exposure_long": 0.0003136549367725505,
              "mdg_per_exposure_short": 0.0,
              "mdg_w": 0.000607895207683715,
              "mdg_w_per_exposure_long": 0.0003039476038418575,
              "mdg_w_per_exposure_short": 0.0,
              "omega_ratio": 2.623661938740308,
              "omega_ratio_w": 2.419321985286936,
              "pnl_ratio_long_short": 1.0,
              "position_held_hours_max": 733.9666666666667,
              "position_held_hours_mean": 4.299357382219594,
              "position_held_hours_median": 0.25,
              "position_unchanged_hours_max": 384.6333333333333,
              "positions_held_per_day": 4.442984760903836,
              "sharpe_ratio": 0.07424626116068851,
              "sharpe_ratio_w": 0.06528955655621713,
              "sortino_ratio": 0.11282883695514974,
              "sortino_ratio_w": 0.10396953909406885,
              "sterling_ratio": 0.016512950032862055,
              "sterling_ratio_w": 0.01600329991786955,
              "volume_pct_per_day_avg": 0.6549821183100041,
              "volume_pct_per_day_avg_w": 0.5378778068631158},
 "backtest": {"base_dir": "backtests/pbgui/e_doge_s",
              "cache_dir": {"binance": "caches/hlcvs_data/c2a1d6b35ef4e5db"},
              "coins": {"binance": ["DOGE"]},
              "combine_ohlcvs": false,
              "compress_cache": true,
              "end_date": "2025-10-23",
              "exchanges": ["binance"],
              "gap_tolerance_ohlcvs_minutes": 120,
              "max_warmup_minutes": 0.0,
              "start_date": "2020-01-01",
              "starting_balance": 1000,
              "use_btc_collateral": false},
 "bot": {"long": {"close_grid_markup_end": 0.0032922,
                  "close_grid_markup_start": 0.004,
                  "close_grid_qty_pct": 0.67965,
                  "close_trailing_grid_ratio": -0.55644,
                  "close_trailing_qty_pct": 0.17914,
                  "close_trailing_retracement_pct": 0.032503,
                  "close_trailing_threshold_pct": 0.080477,
                  "ema_span_0": 1380.2,
                  "ema_span_1": 391.94,
                  "enforce_exposure_limit": true,
                  "entry_grid_double_down_factor": 1.531,
                  "entry_grid_spacing_log_span_hours": 276.3,
                  "entry_grid_spacing_log_weight": 46.391,
                  "entry_grid_spacing_pct": 0.020332,
                  "entry_grid_spacing_we_weight": 8.3245,
                  "entry_initial_ema_dist": -0.0089548,
                  "entry_initial_qty_pct": 0.02074,
                  "entry_trailing_double_down_factor": 0.48904,
                  "entry_trailing_grid_ratio": -0.77104,
                  "entry_trailing_retracement_pct": 0.075139,
                  "entry_trailing_threshold_pct": 0.0086532,
                  "filter_log_range_ema_span": 274.32,
                  "filter_volume_drop_pct": 0.21628,
                  "filter_volume_ema_span": 208.48,
                  "n_positions": 1,
                  "total_wallet_exposure_limit": 2,
                  "unstuck_close_pct": 0.01,
                  "unstuck_ema_dist": -0.0019278,
                  "unstuck_loss_allowance_pct": 0.014629,
                  "unstuck_threshold": 0.88951},
         "short": {"close_grid_markup_end": 0.001,
                   "close_grid_markup_start": 0.001,
                   "close_grid_qty_pct": 0.1,
                   "close_trailing_grid_ratio": -1,
                   "close_trailing_qty_pct": 0.1,
                   "close_trailing_retracement_pct": 0.003,
                   "close_trailing_threshold_pct": -0.001,
                   "ema_span_0": 200,
                   "ema_span_1": 200,
                   "enforce_exposure_limit": true,
                   "entry_grid_double_down_factor": 0.6,
                   "entry_grid_spacing_log_span_hours": 24,
                   "entry_grid_spacing_log_weight": 0,
                   "entry_grid_spacing_pct": 0.01,
                   "entry_grid_spacing_we_weight": 0,
                   "entry_initial_ema_dist": -0.001,
                   "entry_initial_qty_pct": 0.025,
                   "entry_trailing_double_down_factor": 0.1,
                   "entry_trailing_grid_ratio": -1,
                   "entry_trailing_retracement_pct": 0,
                   "entry_trailing_threshold_pct": -0.1,
                   "filter_log_range_ema_span": 60,
                   "filter_volume_drop_pct": 0.53,
                   "filter_volume_ema_span": 10,
                   "n_positions": 0,
                   "total_wallet_exposure_limit": 0,
                   "unstuck_close_pct": 0.005,
                   "unstuck_ema_dist": -0.1,
                   "unstuck_loss_allowance_pct": 0.01,
                   "unstuck_threshold": 0.55}},
 "coin_overrides": {},
 "disable_plotting": false,
 "live": {"approved_coins": {"long": ["DOGE"], "short": []},
          "auto_gs": true,
          "base_config_path": "/home/emre/pbgui/data/bt_v7/e_doge_s/backtest.json",
          "empty_means_all_approved": false,
          "execution_delay_seconds": 2,
          "filter_by_min_effective_cost": true,
          "forced_mode_long": "",
          "forced_mode_short": "",
          "ignored_coins": {"long": [], "short": []},
          "inactive_coin_candle_ttl_minutes": 10,
          "leverage": 10,
          "market_orders_allowed": true,
          "max_disk_candles_per_symbol_per_tf": 2000000,
          "max_memory_candles_per_symbol": 20000,
          "max_n_cancellations_per_batch": 5,
          "max_n_creations_per_batch": 3,
          "max_n_restarts_per_day": 10,
          "minimum_coin_age_days": 30,
          "pnls_max_lookback_days": 30,
          "price_distance_threshold": 0.002,
          "time_in_force": "good_till_cancelled",
          "user": "bybit_01",
          "warmup_ratio": 0.2},
 "logging": {"level": 1},
 "optimize": {"bounds": {"long_close_grid_markup_end": [0, 0.011],
                         "long_close_grid_markup_start": [0.004, 0.004],
                         "long_close_grid_qty_pct": [0.05, 1],
                         "long_close_trailing_grid_ratio": [-1, 1],
                         "long_close_trailing_qty_pct": [0.1, 0.25],