{
    "adg": 0.0032429649830683083,
    "adg_per_exposure_long": 0.0014413177702525815,
    "adg_per_exposure_short": 0.0,
    "adg_w": 0.005880054822642267,
    "adg_w_per_exposure_long": 0.0026133576989521186,
    "adg_w_per_exposure_short": 0.0,
    "calmar_ratio": 0.007924283120776417,
    "calmar_ratio_w": 0.014350387586435897,
    "drawdown_worst": 0.40924395729446933,
    "drawdown_worst_mean_1pct": 0.21681745462552912,
    "equity_balance_diff_neg_max": 0.4160217031965519,
    "equity_balance_diff_neg_mean": 0.01381683608545974,
    "equity_balance_diff_pos_max": 0.2733847890706144,
    "equity_balance_diff_pos_mean": 0.004352104450645668,
    "equity_choppiness": 2.647230042808668,
    "equity_choppiness_w": 2.548993269716871,
    "equity_jerkiness": 0.014053151145614418,
    "equity_jerkiness_w": 0.02738731592660921,
    "expected_shortfall_1pct": 0.1428676859273346,
    "exponential_fit_error": 0.19598510073893047,
    "exponential_fit_error_w": 0.03796576095748255,
    "flat_btc_balance_hours": 0.0,
    "gain": 467.9803542769071,
    "gain_per_exposure_long": 207.99126856751428,
    "gain_per_exposure_short": 0.0,
    "loss_profit_ratio": 0.08698724782111314,
    "loss_profit_ratio_long": 0.08698724782111314,
    "loss_profit_ratio_short": 1.0,
    "loss_profit_ratio_w": 0.07484429785401991,
    "mdg": 0.0008937180696339523,
    "mdg_per_exposure_long": 0.00039720803094842326,
    "mdg_per_exposure_short": 0.0,
    "mdg_w": 0.00154573765503264,
    "mdg_w_per_exposure_long": 0.0006869945133478401,
    "mdg_w_per_exposure_short": 0.0,
    "omega_ratio": 2.1862946671169783,
    "omega_ratio_w": 2.210125253203144,
    "pnl_ratio_long_short": 1.0,
    "position_held_hours_max": 1929.2,
    "position_held_hours_mean": 3.822612150750226,
    "position_held_hours_median": 0.2833333333333333,
    "position_unchanged_hours_max": 722.9,
    "positions_held_per_day": 22.905739863085834,
    "sharpe_ratio": 0.059332104753174804,
    "sharpe_ratio_w": 0.056099518011265614,
    "sortino_ratio": 0.10669970158603281,
    "sortino_ratio_w": 0.12250301923585268,
    "sterling_ratio": 0.014957121365848126,
    "sterling_ratio_w": 0.018067362658401646,
    "volume_pct_per_day_avg": 0.5380332430627832,
    "volume_pct_per_day_avg_w": 0.635976550980466
}