{
    "adg": 0.0034525889803496135,
    "adg_per_exposure_long": 0.0017262944901748067,
    "adg_per_exposure_short": 0.0,
    "adg_w": 0.0040567626961238055,
    "adg_w_per_exposure_long": 0.0020283813480619028,
    "adg_w_per_exposure_short": 0.0,
    "calmar_ratio": 0.006378892295158512,
    "calmar_ratio_w": 0.00894848384924798,
    "drawdown_worst": 0.5412521203673684,
    "drawdown_worst_mean_1pct": 0.39159641781399446,
    "equity_balance_diff_neg_max": 0.543339729726156,
    "equity_balance_diff_neg_mean": 0.022294979273927207,
    "equity_balance_diff_pos_max": 0.49105276990270663,
    "equity_balance_diff_pos_mean": 0.0262435524811476,
    "equity_choppiness": 3.0480458942249684,
    "equity_choppiness_w": 3.113187171628151,
    "equity_jerkiness": 0.01805778766910088,
    "equity_jerkiness_w": 0.02245822440977125,
    "expected_shortfall_1pct": 0.19864044566794903,
    "exponential_fit_error": 0.06820260483789635,
    "exponential_fit_error_w": 0.029345009693518543,
    "flat_btc_balance_hours": 0.0,
    "gain": 693.4834838459343,
    "gain_per_exposure_long": 346.74174192296715,
    "gain_per_exposure_short": 0.0,
    "loss_profit_ratio": 0.01901658461693551,
    "loss_profit_ratio_long": 0.01901658461693551,
    "loss_profit_ratio_short": 1.0,
    "loss_profit_ratio_w": 0.02119109882671957,
    "mdg": 0.0006615327629872817,
    "mdg_per_exposure_long": 0.00033076638149364085,
    "mdg_per_exposure_short": 0.0,
    "mdg_w": 0.0005382921368882431,
    "mdg_w_per_exposure_long": 0.0002691460684441216,
    "mdg_w_per_exposure_short": 0.0,
    "omega_ratio": 2.0175423478262005,
    "omega_ratio_w": 1.9982986877111422,
    "pnl_ratio_long_short": 1.0,
    "position_held_hours_max": 1922.15,
    "position_held_hours_mean": 7.727746137732391,
    "position_held_hours_median": 0.55,
    "position_unchanged_hours_max": 1418.9166666666667,
    "positions_held_per_day": 2.682824025289779,
    "sharpe_ratio": 0.0583791034487275,
    "sharpe_ratio_w": 0.05123909035439751,
    "sortino_ratio": 0.08710154343906523,
    "sortino_ratio_w": 0.10089587335382913,
    "sterling_ratio": 0.008816702153770898,
    "sterling_ratio_w": 0.009874761442007622,
    "volume_pct_per_day_avg": 0.4429797486711145,
    "volume_pct_per_day_avg_w": 0.366929716642015
}