{"analysis": {"adg": 0.0034525889803496135,
              "adg_per_exposure_long": 0.0017262944901748067,
              "adg_per_exposure_short": 0.0,
              "adg_w": 0.0040567626961238055,
              "adg_w_per_exposure_long": 0.0020283813480619028,
              "adg_w_per_exposure_short": 0.0,
              "calmar_ratio": 0.006378892295158512,
              "calmar_ratio_w": 0.00894848384924798,
              "drawdown_worst": 0.5412521203673684,
              "drawdown_worst_mean_1pct": 0.39159641781399446,
              "equity_balance_diff_neg_max": 0.543339729726156,
              "equity_balance_diff_neg_mean": 0.022294979273927207,
              "equity_balance_diff_pos_max": 0.49105276990270663,
              "equity_balance_diff_pos_mean": 0.0262435524811476,
              "equity_choppiness": 3.0480458942249684,
              "equity_choppiness_w": 3.113187171628151,
              "equity_jerkiness": 0.01805778766910088,
              "equity_jerkiness_w": 0.02245822440977125,
              "expected_shortfall_1pct": 0.19864044566794903,
              "exponential_fit_error": 0.06820260483789635,
              "exponential_fit_error_w": 0.029345009693518543,
              "flat_btc_balance_hours": 0.0,
              "gain": 693.4834838459343,
              "gain_per_exposure_long": 346.74174192296715,
              "gain_per_exposure_short": 0.0,
              "loss_profit_ratio": 0.01901658461693551,
              "loss_profit_ratio_long": 0.01901658461693551,
              "loss_profit_ratio_short": 1.0,
              "loss_profit_ratio_w": 0.02119109882671957,
              "mdg": 0.0006615327629872817,
              "mdg_per_exposure_long": 0.00033076638149364085,
              "mdg_per_exposure_short": 0.0,
              "mdg_w": 0.0005382921368882431,
              "mdg_w_per_exposure_long": 0.0002691460684441216,
              "mdg_w_per_exposure_short": 0.0,
              "omega_ratio": 2.0175423478262005,
              "omega_ratio_w": 1.9982986877111422,
              "pnl_ratio_long_short": 1.0,
              "position_held_hours_max": 1922.15,
              "position_held_hours_mean": 7.727746137732391,
              "position_held_hours_median": 0.55,
              "position_unchanged_hours_max": 1418.9166666666667,
              "positions_held_per_day": 2.682824025289779,
              "sharpe_ratio": 0.0583791034487275,
              "sharpe_ratio_w": 0.05123909035439751,
              "sortino_ratio": 0.08710154343906523,
              "sortino_ratio_w": 0.10089587335382913,
              "sterling_ratio": 0.008816702153770898,
              "sterling_ratio_w": 0.009874761442007622,
              "volume_pct_per_day_avg": 0.4429797486711145,
              "volume_pct_per_day_avg_w": 0.366929716642015},
 "backtest": {"base_dir": "backtests/pbgui/DOGE_CT_7.41",
              "cache_dir": {"binance": "caches/hlcvs_data/716411fb7bea283c"},
              "coins": {"binance": ["DOGE"]},
              "combine_ohlcvs": false,
              "compress_cache": true,
              "end_date": "2025-10-18",
              "exchanges": ["binance"],
              "gap_tolerance_ohlcvs_minutes": 120,
              "max_warmup_minutes": 0.0,
              "start_date": "2020-01-01",
              "starting_balance": 1000,
              "use_btc_collateral": false},
 "bot": {"long": {"close_grid_markup_end": 0.0056512,
                  "close_grid_markup_start": 0.0076578,
                  "close_grid_qty_pct": 0.47379,
                  "close_trailing_grid_ratio": -0.40306,
                  "close_trailing_qty_pct": 0.15102,
                  "close_trailing_retracement_pct": 0.038589,
                  "close_trailing_threshold_pct": 0.088438,
                  "ema_span_0": 675.31,
                  "ema_span_1": 1771,
                  "enforce_exposure_limit": true,
                  "entry_grid_double_down_factor": 1.2335,
                  "entry_grid_spacing_log_span_hours": 283.44,
                  "entry_grid_spacing_log_weight": 34.255,
                  "entry_grid_spacing_pct": 0.014229,
                  "entry_grid_spacing_we_weight": 9.9445,
                  "entry_initial_ema_dist": -0.016569,
                  "entry_initial_qty_pct": 0.015076,
                  "entry_trailing_double_down_factor": 1.415,
                  "entry_trailing_grid_ratio": -0.87704,
                  "entry_trailing_retracement_pct": 0.08002,
                  "entry_trailing_threshold_pct": 0.077092,
                  "filter_log_range_ema_span": 0,
                  "filter_volume_drop_pct": 0,
                  "filter_volume_ema_span": 0,
                  "n_positions": 1,
                  "total_wallet_exposure_limit": 2,
                  "unstuck_close_pct": 0.01,
                  "unstuck_ema_dist": 0.0063492,
                  "unstuck_loss_allowance_pct": 0.015,
                  "unstuck_threshold": 0.88832},
         "short": {"close_grid_markup_end": 0.001,
                   "close_grid_markup_start": 0.001,
                   "close_grid_qty_pct": 0.1,
                   "close_trailing_grid_ratio": -1,
                   "close_trailing_qty_pct": 0.1,
                   "close_trailing_retracement_pct": 0.003,
                   "close_trailing_threshold_pct": -0.001,
                   "ema_span_0": 200,
                   "ema_span_1": 200,
                   "enforce_exposure_limit": true,
                   "entry_grid_double_down_factor": 0.6,
                   "entry_grid_spacing_log_span_hours": 24,
                   "entry_grid_spacing_log_weight": 0,
                   "entry_grid_spacing_pct": 0.01,
                   "entry_grid_spacing_we_weight": 0,
                   "entry_initial_ema_dist": -0.001,
                   "entry_initial_qty_pct": 0.025,
                   "entry_trailing_double_down_factor": 0.1,
                   "entry_trailing_grid_ratio": -1,
                   "entry_trailing_retracement_pct": 0,
                   "entry_trailing_threshold_pct": -0.1,
                   "filter_log_range_ema_span": 60,
                   "filter_volume_drop_pct": 0.53,
                   "filter_volume_ema_span": 10,
                   "n_positions": 0,
                   "total_wallet_exposure_limit": 0,
                   "unstuck_close_pct": 0.005,
                   "unstuck_ema_dist": -0.1,
                   "unstuck_loss_allowance_pct": 0.01,
                   "unstuck_threshold": 0.55}},
 "coin_overrides": {},
 "disable_plotting": false,
 "live": {"approved_coins": {"long": ["DOGE"], "short": []},
          "auto_gs": true,
          "base_config_path": "/home/emre/pbgui/data/bt_v7/DOGE_CT_7.41/backtest.json",
          "empty_means_all_approved": false,
          "execution_delay_seconds": 2,
          "filter_by_min_effective_cost": true,
          "forced_mode_long": "",
          "forced_mode_short": "",
          "ignored_coins": {"long": [], "short": []},
          "inactive_coin_candle_ttl_minutes": 10,
          "leverage": 10,
          "market_orders_allowed": true,
          "max_disk_candles_per_symbol_per_tf": 2000000,
          "max_memory_candles_per_symbol": 20000,
          "max_n_cancellations_per_batch": 5,
          "max_n_creations_per_batch": 3,
          "max_n_restarts_per_day": 10,
          "minimum_coin_age_days": 30,
          "pnls_max_lookback_days": 30,
          "price_distance_threshold": 0.002,
          "time_in_force": "good_till_cancelled",
          "user": "bybit_01",
          "warmup_ratio": 0.2},
 "logging": {"level": 1},
 "optimize": {"bounds": {"long_close_grid_markup_end": [0, 0.011],
                         "long_close_grid_markup_start": [0.004, 0.01],
                         "long_close_grid_qty_pct": [0.05, 1],
                         "long_close_trailing_grid_ratio": [-1, 1],
                         "long_close_trailing_qty_pct": [0.1, 0.5],
                         "long_close_trailing_retracement_pct": [0.007, 0.042],