{
    "adg": 0.002905148790557366,
    "adg_per_exposure_long": 0.0013205221775260752,
    "adg_per_exposure_short": 0.0,
    "adg_w": 0.0054541562734592205,
    "adg_w_per_exposure_long": 0.0024791619424814637,
    "adg_w_per_exposure_short": 0.0,
    "calmar_ratio": 0.006722156333427289,
    "calmar_ratio_w": 0.012632625916549196,
    "drawdown_worst": 0.4321751304876566,
    "drawdown_worst_mean_1pct": 0.2131997915779442,
    "equity_balance_diff_neg_max": 0.4355049666809592,
    "equity_balance_diff_neg_mean": 0.010929059800368766,
    "equity_balance_diff_pos_max": 0.21130649978040314,
    "equity_balance_diff_pos_mean": 0.005884117195535522,
    "equity_choppiness": 2.6848502028084535,
    "equity_choppiness_w": 2.692916641034983,
    "equity_jerkiness": 0.012497180467853244,
    "equity_jerkiness_w": 0.025618374851515628,
    "expected_shortfall_1pct": 0.13927881215489007,
    "exponential_fit_error": 0.24741258009596015,
    "exponential_fit_error_w": 0.035701508644401865,
    "flat_btc_balance_hours": 0.0,
    "gain": 248.31081284479276,
    "gain_per_exposure_long": 112.8685512930876,
    "gain_per_exposure_short": 0.0,
    "loss_profit_ratio": 0.09527120935168737,
    "loss_profit_ratio_long": 0.09527120935168737,
    "loss_profit_ratio_short": 1.0,
    "loss_profit_ratio_w": 0.08363323510264167,
    "mdg": 0.0006245332313865582,
    "mdg_per_exposure_long": 0.00028387874153934457,
    "mdg_per_exposure_short": 0.0,
    "mdg_w": 0.0020073791797076143,
    "mdg_w_per_exposure_long": 0.0009124450816852792,
    "mdg_w_per_exposure_short": 0.0,
    "omega_ratio": 2.1494354533351805,
    "omega_ratio_w": 2.120198546258829,
    "pnl_ratio_long_short": 1.0,
    "position_held_hours_max": 1922.15,
    "position_held_hours_mean": 5.423237770193402,
    "position_held_hours_median": 0.5,
    "position_unchanged_hours_max": 1418.9166666666667,
    "positions_held_per_day": 23.119410836401894,
    "sharpe_ratio": 0.0585069598116851,
    "sharpe_ratio_w": 0.059407404471215154,
    "sortino_ratio": 0.09477743480946961,
    "sortino_ratio_w": 0.1051212628901494,
    "sterling_ratio": 0.01362641477768643,
    "sterling_ratio_w": 0.0155071529091502,
    "volume_pct_per_day_avg": 0.40251020073261473,
    "volume_pct_per_day_avg_w": 0.5366199301220321
}