{
    "adg": 0.003620679236471247,
    "adg_per_exposure_long": 0.0018103396182356235,
    "adg_per_exposure_short": 0.0,
    "adg_w": 0.0032162859913704043,
    "adg_w_per_exposure_long": 0.0016081429956852022,
    "adg_w_per_exposure_short": 0.0,
    "calmar_ratio": 0.009130446188396805,
    "calmar_ratio_w": 0.010914051959312393,
    "drawdown_worst": 0.3965500876695922,
    "drawdown_worst_mean_1pct": 0.3225931365336016,
    "equity_balance_diff_neg_max": 0.39724412781438073,
    "equity_balance_diff_neg_mean": 0.012896698518344104,
    "equity_balance_diff_pos_max": 0.3521909573550957,
    "equity_balance_diff_pos_mean": 0.005435618068810888,
    "equity_choppiness": 3.256433236918234,
    "equity_choppiness_w": 3.770707907995958,
    "equity_jerkiness": 0.0134756811268409,
    "equity_jerkiness_w": 0.018540840756300664,
    "expected_shortfall_1pct": 0.16818671643484812,
    "exponential_fit_error": 0.06000887553934546,
    "exponential_fit_error_w": 0.010334812992575725,
    "flat_btc_balance_hours": 0.0,
    "gain": 324.610035065447,
    "gain_per_exposure_long": 162.3050175327235,
    "gain_per_exposure_short": 0.0,
    "loss_profit_ratio": 0.035334439522513264,
    "loss_profit_ratio_long": 0.035334439522513264,
    "loss_profit_ratio_short": 1.0,
    "loss_profit_ratio_w": 0.04353073747403387,
    "mdg": 0.0013716420237614893,
    "mdg_per_exposure_long": 0.0006858210118807446,
    "mdg_per_exposure_short": 0.0,
    "mdg_w": 0.0009594494016688219,
    "mdg_w_per_exposure_long": 0.00047972470083441096,
    "mdg_w_per_exposure_short": 0.0,
    "omega_ratio": 2.5572692008810853,
    "omega_ratio_w": 1.9001061945542557,
    "pnl_ratio_long_short": 1.0,
    "position_held_hours_max": 762.1333333333333,
    "position_held_hours_mean": 3.9339392737528645,
    "position_held_hours_median": 0.7833333333333333,
    "position_unchanged_hours_max": 403.9,
    "positions_held_per_day": 4.7275,
    "sharpe_ratio": 0.07422124146459909,
    "sharpe_ratio_w": 0.07201440651281828,
    "sortino_ratio": 0.10144514977905036,
    "sortino_ratio_w": 0.090268072567247,
    "sterling_ratio": 0.011223671015995449,
    "sterling_ratio_w": 0.01218276799495598,
    "volume_pct_per_day_avg": 0.8365586086310655,
    "volume_pct_per_day_avg_w": 0.6247378704351696
}