{"analysis": {"adg": 0.003620679236471247,
              "adg_per_exposure_long": 0.0018103396182356235,
              "adg_per_exposure_short": 0.0,
              "adg_w": 0.0032162859913704043,
              "adg_w_per_exposure_long": 0.0016081429956852022,
              "adg_w_per_exposure_short": 0.0,
              "calmar_ratio": 0.009130446188396805,
              "calmar_ratio_w": 0.010914051959312393,
              "drawdown_worst": 0.3965500876695922,
              "drawdown_worst_mean_1pct": 0.3225931365336016,
              "equity_balance_diff_neg_max": 0.39724412781438073,
              "equity_balance_diff_neg_mean": 0.012896698518344104,
              "equity_balance_diff_pos_max": 0.3521909573550957,
              "equity_balance_diff_pos_mean": 0.005435618068810888,
              "equity_choppiness": 3.256433236918234,
              "equity_choppiness_w": 3.770707907995958,
              "equity_jerkiness": 0.0134756811268409,
              "equity_jerkiness_w": 0.018540840756300664,
              "expected_shortfall_1pct": 0.16818671643484812,
              "exponential_fit_error": 0.06000887553934546,
              "exponential_fit_error_w": 0.010334812992575725,
              "flat_btc_balance_hours": 0.0,
              "gain": 324.610035065447,
              "gain_per_exposure_long": 162.3050175327235,
              "gain_per_exposure_short": 0.0,
              "loss_profit_ratio": 0.035334439522513264,
              "loss_profit_ratio_long": 0.035334439522513264,
              "loss_profit_ratio_short": 1.0,
              "loss_profit_ratio_w": 0.04353073747403387,
              "mdg": 0.0013716420237614893,
              "mdg_per_exposure_long": 0.0006858210118807446,
              "mdg_per_exposure_short": 0.0,
              "mdg_w": 0.0009594494016688219,
              "mdg_w_per_exposure_long": 0.00047972470083441096,
              "mdg_w_per_exposure_short": 0.0,
              "omega_ratio": 2.5572692008810853,
              "omega_ratio_w": 1.9001061945542557,
              "pnl_ratio_long_short": 1.0,
              "position_held_hours_max": 762.1333333333333,
              "position_held_hours_mean": 3.9339392737528645,
              "position_held_hours_median": 0.7833333333333333,
              "position_unchanged_hours_max": 403.9,
              "positions_held_per_day": 4.7275,
              "sharpe_ratio": 0.07422124146459909,
              "sharpe_ratio_w": 0.07201440651281828,
              "sortino_ratio": 0.10144514977905036,
              "sortino_ratio_w": 0.090268072567247,
              "sterling_ratio": 0.011223671015995449,
              "sterling_ratio_w": 0.01218276799495598,
              "volume_pct_per_day_avg": 0.8365586086310655,
              "volume_pct_per_day_avg_w": 0.6247378704351696},
 "backtest": {"base_dir": "backtests/pbgui/SHIB_2TWE",
              "cache_dir": {"binance": "caches/hlcvs_data/397d622107671224"},
              "coins": {"binance": ["SHIB"]},
              "combine_ohlcvs": false,
              "compress_cache": true,
              "end_date": "2025-10-22",
              "exchanges": ["binance"],
              "gap_tolerance_ohlcvs_minutes": 120,
              "max_warmup_minutes": 0.0,
              "start_date": "2020-01-01",
              "starting_balance": 1000,
              "use_btc_collateral": false},
 "bot": {"long": {"close_grid_markup_end": 0.0014061,
                  "close_grid_markup_start": 0.0074222,
                  "close_grid_qty_pct": 0.9989,
                  "close_trailing_grid_ratio": -0.33844,
                  "close_trailing_qty_pct": 0.27365,
                  "close_trailing_retracement_pct": 0.040122,
                  "close_trailing_threshold_pct": 0.014116,
                  "ema_span_0": 1576.3,
                  "ema_span_1": 1685.3,
                  "enforce_exposure_limit": true,
                  "entry_grid_double_down_factor": 0.75913,
                  "entry_grid_spacing_log_span_hours": 272.15,
                  "entry_grid_spacing_log_weight": 9.6254,
                  "entry_grid_spacing_pct": 0.010622,
                  "entry_grid_spacing_we_weight": 6.6494,
                  "entry_initial_ema_dist": -0.0071152,
                  "entry_initial_qty_pct": 0.015057,
                  "entry_trailing_double_down_factor": 0.41783,
                  "entry_trailing_grid_ratio": -0.69583,
                  "entry_trailing_retracement_pct": 0.072042,
                  "entry_trailing_threshold_pct": 0.026877,
                  "filter_log_range_ema_span": 0,
                  "filter_volume_drop_pct": 0,
                  "filter_volume_ema_span": 0,
                  "n_positions": 1,
                  "total_wallet_exposure_limit": 2,
                  "unstuck_close_pct": 0.01,
                  "unstuck_ema_dist": -0.039685,
                  "unstuck_loss_allowance_pct": 0.015,
                  "unstuck_threshold": 0.91249},
         "short": {"close_grid_markup_end": 0.001,
                   "close_grid_markup_start": 0.001,
                   "close_grid_qty_pct": 0.1,
                   "close_trailing_grid_ratio": -1,
                   "close_trailing_qty_pct": 0.1,
                   "close_trailing_retracement_pct": 0.003,
                   "close_trailing_threshold_pct": -0.001,
                   "ema_span_0": 200,
                   "ema_span_1": 200,
                   "enforce_exposure_limit": true,
                   "entry_grid_double_down_factor": 0.6,
                   "entry_grid_spacing_log_span_hours": 24,
                   "entry_grid_spacing_log_weight": 0,
                   "entry_grid_spacing_pct": 0.01,
                   "entry_grid_spacing_we_weight": 0,
                   "entry_initial_ema_dist": -0.001,
                   "entry_initial_qty_pct": 0.025,
                   "entry_trailing_double_down_factor": 0.1,
                   "entry_trailing_grid_ratio": -1,
                   "entry_trailing_retracement_pct": 0,
                   "entry_trailing_threshold_pct": -0.1,
                   "filter_log_range_ema_span": 60,
                   "filter_volume_drop_pct": 0.53,
                   "filter_volume_ema_span": 10,
                   "n_positions": 0,
                   "total_wallet_exposure_limit": 0,
                   "unstuck_close_pct": 0.005,
                   "unstuck_ema_dist": -0.1,
                   "unstuck_loss_allowance_pct": 0.01,
                   "unstuck_threshold": 0.55}},
 "coin_overrides": {},
 "disable_plotting": false,
 "live": {"approved_coins": {"long": ["SHIB"], "short": []},
          "auto_gs": true,
          "base_config_path": "/home/emre/pbgui/data/bt_v7/SHIB_2TWE/backtest.json",
          "empty_means_all_approved": false,
          "execution_delay_seconds": 2,
          "filter_by_min_effective_cost": true,
          "forced_mode_long": "",
          "forced_mode_short": "",
          "ignored_coins": {"long": [], "short": []},
          "inactive_coin_candle_ttl_minutes": 10,
          "leverage": 10,
          "market_orders_allowed": true,
          "max_disk_candles_per_symbol_per_tf": 2000000,
          "max_memory_candles_per_symbol": 20000,
          "max_n_cancellations_per_batch": 5,
          "max_n_creations_per_batch": 3,
          "max_n_restarts_per_day": 10,
          "minimum_coin_age_days": 30,
          "pnls_max_lookback_days": 30,
          "price_distance_threshold": 0.002,
          "time_in_force": "good_till_cancelled",
          "user": "bybit_01",
          "warmup_ratio": 0.2},
 "logging": {"level": 1},
 "optimize": {"bounds": {"long_close_grid_markup_end": [0, 0.011],
                         "long_close_grid_markup_start": [0.004, 0.01],
                         "long_close_grid_qty_pct": [0.05, 1],
                         "long_close_trailing_grid_ratio": [-1, 1],
                         "long_close_trailing_qty_pct": [0.1, 0.5],
                         "long_close_trailing_retracement_pct": [0.007, 0.042],