{
    "adg": 0.006683968778364191,
    "adg_per_exposure_long": 0.0033419843891820955,
    "adg_per_exposure_short": 0.0,
    "adg_w": 0.005356976737464358,
    "adg_w_per_exposure_long": 0.002678488368732179,
    "adg_w_per_exposure_short": 0.0,
    "calmar_ratio": 0.010305221658948802,
    "calmar_ratio_w": 0.008347201082528063,
    "drawdown_worst": 0.6486001950826547,
    "drawdown_worst_mean_1pct": 0.4954447032318736,
    "equity_balance_diff_neg_max": 0.647055698029364,
    "equity_balance_diff_neg_mean": 0.038628733096411225,
    "equity_balance_diff_pos_max": 0.23578245113538815,
    "equity_balance_diff_pos_mean": 0.009390962167277432,
    "equity_choppiness": 4.216029835620059,
    "equity_choppiness_w": 4.52579083854247,
    "equity_jerkiness": 0.03872157395387072,
    "equity_jerkiness_w": 0.03955620134514069,
    "expected_shortfall_1pct": 0.3677115830467852,
    "exponential_fit_error": 0.04761109545308549,
    "exponential_fit_error_w": 0.014051140092217118,
    "flat_btc_balance_hours": 0.0,
    "gain": 361.0330147096948,
    "gain_per_exposure_long": 180.5165073548474,
    "gain_per_exposure_short": 0.0,
    "loss_profit_ratio": 0.06679000570544488,
    "loss_profit_ratio_long": 0.06679000570544488,
    "loss_profit_ratio_short": 1.0,
    "loss_profit_ratio_w": 0.07522021260266107,
    "mdg": 0.002100859974603197,
    "mdg_per_exposure_long": 0.0010504299873015984,
    "mdg_per_exposure_short": 0.0,
    "mdg_w": 0.0012323670574975372,
    "mdg_w_per_exposure_long": 0.0006161835287487686,
    "mdg_w_per_exposure_short": 0.0,
    "omega_ratio": 1.8867180676950286,
    "omega_ratio_w": 1.6902156001058444,
    "pnl_ratio_long_short": 1.0,
    "position_held_hours_max": 814.9333333333333,
    "position_held_hours_mean": 6.297793443374599,
    "position_held_hours_median": 0.3,
    "position_unchanged_hours_max": 467.15,
    "positions_held_per_day": 3.2895927601809953,
    "sharpe_ratio": 0.05587194998123083,
    "sharpe_ratio_w": 0.029017813375596547,
    "sortino_ratio": 0.0902674544450579,
    "sortino_ratio_w": 0.06300301507656135,
    "sterling_ratio": 0.013490847181862027,
    "sterling_ratio_w": 0.009094726433279627,
    "volume_pct_per_day_avg": 0.8638882780432328,
    "volume_pct_per_day_avg_w": 0.7676277881295925
}