{"analysis": {"adg": 0.006683968778364191,
              "adg_per_exposure_long": 0.0033419843891820955,
              "adg_per_exposure_short": 0.0,
              "adg_w": 0.005356976737464358,
              "adg_w_per_exposure_long": 0.002678488368732179,
              "adg_w_per_exposure_short": 0.0,
              "calmar_ratio": 0.010305221658948802,
              "calmar_ratio_w": 0.008347201082528063,
              "drawdown_worst": 0.6486001950826547,
              "drawdown_worst_mean_1pct": 0.4954447032318736,
              "equity_balance_diff_neg_max": 0.647055698029364,
              "equity_balance_diff_neg_mean": 0.038628733096411225,
              "equity_balance_diff_pos_max": 0.23578245113538815,
              "equity_balance_diff_pos_mean": 0.009390962167277432,
              "equity_choppiness": 4.216029835620059,
              "equity_choppiness_w": 4.52579083854247,
              "equity_jerkiness": 0.03872157395387072,
              "equity_jerkiness_w": 0.03955620134514069,
              "expected_shortfall_1pct": 0.3677115830467852,
              "exponential_fit_error": 0.04761109545308549,
              "exponential_fit_error_w": 0.014051140092217118,
              "flat_btc_balance_hours": 0.0,
              "gain": 361.0330147096948,
              "gain_per_exposure_long": 180.5165073548474,
              "gain_per_exposure_short": 0.0,
              "loss_profit_ratio": 0.06679000570544488,
              "loss_profit_ratio_long": 0.06679000570544488,
              "loss_profit_ratio_short": 1.0,
              "loss_profit_ratio_w": 0.07522021260266107,
              "mdg": 0.002100859974603197,
              "mdg_per_exposure_long": 0.0010504299873015984,
              "mdg_per_exposure_short": 0.0,
              "mdg_w": 0.0012323670574975372,
              "mdg_w_per_exposure_long": 0.0006161835287487686,
              "mdg_w_per_exposure_short": 0.0,
              "omega_ratio": 1.8867180676950286,
              "omega_ratio_w": 1.6902156001058444,
              "pnl_ratio_long_short": 1.0,
              "position_held_hours_max": 814.9333333333333,
              "position_held_hours_mean": 6.297793443374599,
              "position_held_hours_median": 0.3,
              "position_unchanged_hours_max": 467.15,
              "positions_held_per_day": 3.2895927601809953,
              "sharpe_ratio": 0.05587194998123083,
              "sharpe_ratio_w": 0.029017813375596547,
              "sortino_ratio": 0.0902674544450579,
              "sortino_ratio_w": 0.06300301507656135,
              "sterling_ratio": 0.013490847181862027,
              "sterling_ratio_w": 0.009094726433279627,
              "volume_pct_per_day_avg": 0.8638882780432328,
              "volume_pct_per_day_avg_w": 0.7676277881295925},
 "backtest": {"base_dir": "backtests/pbgui/pepe_new",
              "cache_dir": {"binance": "caches/hlcvs_data/3a2dfb532319a791"},
              "coins": {"binance": ["PEPE"]},
              "combine_ohlcvs": false,
              "compress_cache": true,
              "end_date": "2025-10-19",
              "exchanges": ["binance"],
              "gap_tolerance_ohlcvs_minutes": 120,
              "max_warmup_minutes": 0.0,
              "start_date": "2023-01-01",
              "starting_balance": 1000,
              "use_btc_collateral": false},
 "bot": {"long": {"close_grid_markup_end": 0.0030457,
                  "close_grid_markup_start": 0.0055809,
                  "close_grid_qty_pct": 0.52188,
                  "close_trailing_grid_ratio": -0.90075,
                  "close_trailing_qty_pct": 0.22698,
                  "close_trailing_retracement_pct": 0.013908,
                  "close_trailing_threshold_pct": 0.049144,
                  "ema_span_0": 140.61,
                  "ema_span_1": 324.09,
                  "enforce_exposure_limit": true,
                  "entry_grid_double_down_factor": 1.2946,
                  "entry_grid_spacing_log_span_hours": 331.67,
                  "entry_grid_spacing_log_weight": 0.085855,
                  "entry_grid_spacing_pct": 0.025824,
                  "entry_grid_spacing_we_weight": 4.2982,
                  "entry_initial_ema_dist": -0.0017061,
                  "entry_initial_qty_pct": 0.022608,
                  "entry_trailing_double_down_factor": 0.76644,
                  "entry_trailing_grid_ratio": -0.79126,
                  "entry_trailing_retracement_pct": 0.039513,
                  "entry_trailing_threshold_pct": 0.099411,
                  "filter_log_range_ema_span": 60,
                  "filter_volume_drop_pct": 0,
                  "filter_volume_ema_span": 61.312,
                  "n_positions": 1,
                  "total_wallet_exposure_limit": 2,
                  "unstuck_close_pct": 0.03008,
                  "unstuck_ema_dist": 0.0091451,
                  "unstuck_loss_allowance_pct": 0.013,
                  "unstuck_threshold": 0.91585},
         "short": {"close_grid_markup_end": 0.001,
                   "close_grid_markup_start": 0.001,
                   "close_grid_qty_pct": 0.1,
                   "close_trailing_grid_ratio": -1,
                   "close_trailing_qty_pct": 0.1,
                   "close_trailing_retracement_pct": 0.003,
                   "close_trailing_threshold_pct": -0.001,
                   "ema_span_0": 200,
                   "ema_span_1": 200,
                   "enforce_exposure_limit": true,
                   "entry_grid_double_down_factor": 0.6,
                   "entry_grid_spacing_log_span_hours": 24,
                   "entry_grid_spacing_log_weight": 0,
                   "entry_grid_spacing_pct": 0.01,
                   "entry_grid_spacing_we_weight": 0,
                   "entry_initial_ema_dist": -0.001,
                   "entry_initial_qty_pct": 0.025,
                   "entry_trailing_double_down_factor": 0.1,
                   "entry_trailing_grid_ratio": -1,
                   "entry_trailing_retracement_pct": 0,
                   "entry_trailing_threshold_pct": -0.1,
                   "filter_log_range_ema_span": 60,
                   "filter_volume_drop_pct": 0.53,
                   "filter_volume_ema_span": 10,
                   "n_positions": 0,
                   "total_wallet_exposure_limit": 0,
                   "unstuck_close_pct": 0.005,
                   "unstuck_ema_dist": -0.1,
                   "unstuck_loss_allowance_pct": 0.01,
                   "unstuck_threshold": 0.55}},
 "coin_overrides": {},
 "disable_plotting": false,
 "live": {"approved_coins": {"long": ["PEPE"], "short": []},
          "auto_gs": true,
          "base_config_path": "/home/emre/pbgui/data/bt_v7/pepe_new/backtest.json",
          "empty_means_all_approved": false,
          "execution_delay_seconds": 2,
          "filter_by_min_effective_cost": true,
          "forced_mode_long": "",
          "forced_mode_short": "",
          "ignored_coins": {"long": [], "short": []},
          "inactive_coin_candle_ttl_minutes": 10,
          "leverage": 10,
          "market_orders_allowed": true,
          "max_disk_candles_per_symbol_per_tf": 2000000,
          "max_memory_candles_per_symbol": 20000,
          "max_n_cancellations_per_batch": 5,
          "max_n_creations_per_batch": 3,
          "max_n_restarts_per_day": 10,
          "minimum_coin_age_days": 30,
          "pnls_max_lookback_days": 30,
          "price_distance_threshold": 0.002,
          "time_in_force": "good_till_cancelled",
          "user": "bybit_01",
          "warmup_ratio": 0.2},
 "logging": {"level": 1},
 "optimize": {"bounds": {"long_close_grid_markup_end": [0.002, 0.008],
                         "long_close_grid_markup_start": [0.004, 0.006],
                         "long_close_grid_qty_pct": [0.2, 1],
                         "long_close_trailing_grid_ratio": [-1, 1],
                         "long_close_trailing_qty_pct": [0.1, 1],
                         "long_close_trailing_retracement_pct": [0.007, 0.019],